Disease,Symptom_1,Symptom_2,Symptom_3,Symptom_4,Symptom_5,Symptom_6,Symptom_7,Symptom_8,Symptom_9,Symptom_10,Symptom_11,Symptom_12,Symptom_13,Symptom_14,Symptom_15,Symptom_16,Symptom_17
Fungal infection,itching, skin_rash, nodal_skin_eruptions, dischromic _patches,,,,,,,,,,,,,
Fungal infection, skin_rash, nodal_skin_eruptions, dischromic _patches,,,,,,,,,,,,,,
Fungal infection,itching, nodal_skin_eruptions, dischromic _patches,,,,,,,,,,,,,,
Fungal infection,itching, skin_rash, dischromic _patches,,,,,,,,,,,,,,
Fungal infection,itching, skin_rash, nodal_skin_eruptions,,,,,,,,,,,,,,
Fungal infection, skin_rash, nodal_skin_eruptions, dischromic _patches,,,,,,,,,,,,,,
Fungal infection,itching, nodal_skin_eruptions, dischromic _patches,,,,,,,,,,,,,,
Fungal infection,itching, skin_rash, dischromic _patches,,,,,,,,,,,,,,
Fungal infection,itching, skin_rash, nodal_skin_eruptions,,,,,,,,,,,,,,
Fungal infection,itching, skin_rash, nodal_skin_eruptions, dischromic _patches,,,,,,,,,,,,,
Allergy, continuous_sneezing, shivering, chills, watering_from_eyes,,,,,,,,,,,,,
Allergy, shivering, chills, watering_from_eyes,,,,,,,,,,,,,,
Allergy, continuous_sneezing, chills, watering_from_eyes,,,,,,,,,,,,,,
Allergy, continuous_sneezing, shivering, watering_from_eyes,,,,,,,,,,,,,,
Allergy, continuous_sneezing, shivering, chills,,,,,,,,,,,,,,
Allergy, shivering, chills, watering_from_eyes,,,,,,,,,,,,,,
Allergy, continuous_sneezing, chills, watering_from_eyes,,,,,,,,,,,,,,
Allergy, continuous_sneezing, shivering, watering_from_eyes,,,,,,,,,,,,,,
Allergy, continuous_sneezing, shivering, chills,,,,,,,,,,,,,,
Allergy, continuous_sneezing, shivering, chills, watering_from_eyes,,,,,,,,,,,,,
GERD, stomach_pain, acidity, ulcers_on_tongue, vomiting, cough, chest_pain,,,,,,,,,,,
GERD, stomach_pain, ulcers_on_tongue, vomiting, cough, chest_pain,,,,,,,,,,,,
GERD, stomach_pain, acidity, vomiting, cough, chest_pain,,,,,,,,,,,,
GERD, stomach_pain, acidity, ulcers_on_tongue, cough, chest_pain,,,,,,,,,,,,
GERD, stomach_pain, acidity, ulcers_on_tongue, vomiting, chest_pain,,,,,,,,,,,,
GERD, stomach_pain, acidity, ulcers_on_tongue, vomiting, cough,,,,,,,,,,,,
GERD, acidity, ulcers_on_tongue, vomiting, cough, chest_pain,,,,,,,,,,,,
GERD, stomach_pain, ulcers_on_tongue, vomiting, cough, chest_pain,,,,,,,,,,,,
GERD, stomach_pain, acidity, vomiting, cough, chest_pain,,,,,,,,,,,,
GERD, stomach_pain, acidity, ulcers_on_tongue, cough, chest_pain,,,,,,,,,,,,
Chronic cholestasis,itching, vomiting, yellowish_skin, nausea, loss_of_appetite, abdominal_pain, yellowing_of_eyes,,,,,,,,,,
Chronic cholestasis, vomiting, yellowish_skin, nausea, loss_of_appetite, abdominal_pain, yellowing_of_eyes,,,,,,,,,,,
Chronic cholestasis,itching, yellowish_skin, nausea, loss_of_appetite, abdominal_pain, yellowing_of_eyes,,,,,,,,,,,
Chronic cholestasis,itching, vomiting, nausea, loss_of_appetite, abdominal_pain, yellowing_of_eyes,,,,,,,,,,,
Chronic cholestasis,itching, vomiting, yellowish_skin, loss_of_appetite, abdominal_pain, yellowing_of_eyes,,,,,,,,,,,
Chronic cholestasis,itching, vomiting, yellowish_skin, nausea, abdominal_pain, yellowing_of_eyes,,,,,,,,,,,
Chronic cholestasis,itching, vomiting, yellowish_skin, nausea, loss_of_appetite, yellowing_of_eyes,,,,,,,,,,,
Chronic cholestasis,itching, vomiting, yellowish_skin, nausea, loss_of_appetite, abdominal_pain,,,,,,,,,,,
Chronic cholestasis,itching, vomiting, yellowish_skin, nausea, loss_of_appetite, abdominal_pain, yellowing_of_eyes,,,,,,,,,,
Chronic cholestasis,itching, vomiting, yellowish_skin, nausea, loss_of_appetite, abdominal_pain, yellowing_of_eyes,,,,,,,,,,
Drug Reaction,itching, skin_rash, stomach_pain, burning_micturition, spotting_ urination,,,,,,,,,,,,
Drug Reaction,itching, stomach_pain, burning_micturition, spotting_ urination,,,,,,,,,,,,,
Drug Reaction,itching, skin_rash, burning_micturition, spotting_ urination,,,,,,,,,,,,,
Drug Reaction,itching, skin_rash, stomach_pain, spotting_ urination,,,,,,,,,,,,,
Drug Reaction,itching, skin_rash, stomach_pain, burning_micturition,,,,,,,,,,,,,
Drug Reaction, skin_rash, stomach_pain, burning_micturition, spotting_ urination,,,,,,,,,,,,,
Drug Reaction,itching, stomach_pain, burning_micturition, spotting_ urination,,,,,,,,,,,,,
Drug Reaction,itching, skin_rash, burning_micturition, spotting_ urination,,,,,,,,,,,,,
Drug Reaction,itching, skin_rash, stomach_pain, spotting_ urination,,,,,,,,,,,,,
Drug Reaction,itching, skin_rash, stomach_pain, burning_micturition,,,,,,,,,,,,,
Peptic ulcer diseae, vomiting, loss_of_appetite, abdominal_pain, passage_of_gases, internal_itching,,,,,,,,,,,,
Peptic ulcer diseae, vomiting, indigestion, abdominal_pain, passage_of_gases, internal_itching,,,,,,,,,,,,
Peptic ulcer diseae, indigestion, loss_of_appetite, abdominal_pain, passage_of_gases, internal_itching,,,,,,,,,,,,
Peptic ulcer diseae, vomiting, loss_of_appetite, abdominal_pain, passage_of_gases, internal_itching,,,,,,,,,,,,
Peptic ulcer diseae, vomiting, indigestion, abdominal_pain, passage_of_gases, internal_itching,,,,,,,,,,,,
Peptic ulcer diseae, vomiting, indigestion, loss_of_appetite, passage_of_gases, internal_itching,,,,,,,,,,,,
Peptic ulcer diseae, vomiting, indigestion, loss_of_appetite, abdominal_pain, internal_itching,,,,,,,,,,,,
Peptic ulcer diseae, vomiting, indigestion, loss_of_appetite, abdominal_pain, passage_of_gases,,,,,,,,,,,,
Peptic ulcer diseae, vomiting, indigestion, loss_of_appetite, abdominal_pain, passage_of_gases, internal_itching,,,,,,,,,,,
Peptic ulcer diseae, vomiting, indigestion, loss_of_appetite, abdominal_pain, passage_of_gases, internal_itching,,,,,,,,,,,
AIDS, muscle_wasting, patches_in_throat, high_fever, extra_marital_contacts,,,,,,,,,,,,,
AIDS, patches_in_throat, high_fever, extra_marital_contacts,,,,,,,,,,,,,,
AIDS, muscle_wasting, high_fever, extra_marital_contacts,,,,,,,,,,,,,,
AIDS, muscle_wasting, patches_in_throat, extra_marital_contacts,,,,,,,,,,,,,,
AIDS, muscle_wasting, patches_in_throat, high_fever,,,,,,,,,,,,,,
AIDS, muscle_wasting, patches_in_throat, high_fever, extra_marital_contacts,,,,,,,,,,,,,
AIDS, muscle_wasting, patches_in_throat, high_fever, extra_marital_contacts,,,,,,,,,,,,,
AIDS, patches_in_throat, high_fever, extra_marital_contacts,,,,,,,,,,,,,,
AIDS, muscle_wasting, high_fever, extra_marital_contacts,,,,,,,,,,,,,,
AIDS, muscle_wasting, patches_in_throat, high_fever,,,,,,,,,,,,,,
Diabetes, fatigue, weight_loss, restlessness, lethargy, irregular_sugar_level, blurred_and_distorted_vision, obesity, excessive_hunger, increased_appetite, polyuria,,,,,,,
Diabetes, fatigue, weight_loss, restlessness, lethargy, irregular_sugar_level, blurred_and_distorted_vision, obesity, excessive_hunger, increased_appetite, polyuria,,,,,,,
Diabetes, weight_loss, restlessness, lethargy, irregular_sugar_level, blurred_and_distorted_vision, obesity, excessive_hunger, increased_appetite, polyuria,,,,,,,,
Diabetes, fatigue, restlessness, lethargy, irregular_sugar_level, blurred_and_distorted_vision, obesity, excessive_hunger, increased_appetite, polyuria,,,,,,,,
Diabetes, fatigue, weight_loss, lethargy, irregular_sugar_level, blurred_and_distorted_vision, obesity, excessive_hunger, increased_appetite, polyuria,,,,,,,,
Diabetes, fatigue, weight_loss, restlessness, irregular_sugar_level, blurred_and_distorted_vision, obesity, excessive_hunger, increased_appetite, polyuria,,,,,,,,
Diabetes, fatigue, weight_loss, restlessness, lethargy, blurred_and_distorted_vision, obesity, excessive_hunger, increased_appetite, polyuria,,,,,,,,
Diabetes, fatigue, weight_loss, restlessness, lethargy, irregular_sugar_level, obesity, excessive_hunger, increased_appetite, polyuria,,,,,,,,
Diabetes, fatigue, weight_loss, restlessness, lethargy, irregular_sugar_level, blurred_and_distorted_vision, excessive_hunger, increased_appetite, polyuria,,,,,,,,
Diabetes, fatigue, weight_loss, restlessness, lethargy, irregular_sugar_level, blurred_and_distorted_vision, obesity, increased_appetite, polyuria,,,,,,,,
Gastroenteritis, vomiting, sunken_eyes, dehydration, diarrhoea,,,,,,,,,,,,,
Gastroenteritis, vomiting, sunken_eyes, dehydration, diarrhoea,,,,,,,,,,,,,
Gastroenteritis, sunken_eyes, dehydration, diarrhoea,,,,,,,,,,,,,,
Gastroenteritis, vomiting, dehydration, diarrhoea,,,,,,,,,,,,,,
Gastroenteritis, vomiting, sunken_eyes, diarrhoea,,,,,,,,,,,,,,
Gastroenteritis, vomiting, sunken_eyes, dehydration,,,,,,,,,,,,,,
Gastroenteritis, vomiting, sunken_eyes, dehydration, diarrhoea,,,,,,,,,,,,,
Gastroenteritis, sunken_eyes, dehydration, diarrhoea,,,,,,,,,,,,,,
Gastroenteritis, vomiting, dehydration, diarrhoea,,,,,,,,,,,,,,
Gastroenteritis, vomiting, sunken_eyes, diarrhoea,,,,,,,,,,,,,,
Bronchial Asthma, fatigue, cough, high_fever, breathlessness, family_history, mucoid_sputum,,,,,,,,,,,
Bronchial Asthma, cough, high_fever, breathlessness, family_history, mucoid_sputum,,,,,,,,,,,,
Bronchial Asthma, fatigue, high_fever, breathlessness, family_history, mucoid_sputum,,,,,,,,,,,,
Bronchial Asthma, fatigue, cough, breathlessness, family_history, mucoid_sputum,,,,,,,,,,,,
Bronchial Asthma, fatigue, cough, high_fever, family_history, mucoid_sputum,,,,,,,,,,,,
Bronchial Asthma, fatigue, cough, high_fever, breathlessness, mucoid_sputum,,,,,,,,,,,,
Bronchial Asthma, fatigue, cough, high_fever, breathlessness, family_history,,,,,,,,,,,,
Bronchial Asthma, fatigue, cough, high_fever, breathlessness, family_history, mucoid_sputum,,,,,,,,,,,
Bronchial Asthma, cough, high_fever, breathlessness, family_history, mucoid_sputum,,,,,,,,,,,,
Bronchial Asthma, fatigue, high_fever, breathlessness, family_history, mucoid_sputum,,,,,,,,,,,,
Hypertension, headache, chest_pain, dizziness, loss_of_balance, lack_of_concentration,,,,,,,,,,,,
Hypertension, chest_pain, dizziness, loss_of_balance, lack_of_concentration,,,,,,,,,,,,,
Hypertension, headache, dizziness, loss_of_balance, lack_of_concentration,,,,,,,,,,,,,
Hypertension, headache, chest_pain, loss_of_balance, lack_of_concentration,,,,,,,,,,,,,
Hypertension, headache, chest_pain, dizziness, lack_of_concentration,,,,,,,,,,,,,
Hypertension, headache, chest_pain, dizziness, loss_of_balance,,,,,,,,,,,,,
Hypertension, headache, chest_pain, dizziness, loss_of_balance, lack_of_concentration,,,,,,,,,,,,
Hypertension, chest_pain, dizziness, loss_of_balance, lack_of_concentration,,,,,,,,,,,,,
Hypertension, headache, dizziness, loss_of_balance, lack_of_concentration,,,,,,,,,,,,,
Hypertension, headache, chest_pain, loss_of_balance, lack_of_concentration,,,,,,,,,,,,,
Migraine, acidity, indigestion, headache, blurred_and_distorted_vision, excessive_hunger, stiff_neck, depression, irritability, visual_disturbances,,,,,,,,
Migraine, indigestion, headache, blurred_and_distorted_vision, excessive_hunger, stiff_neck, depression, irritability, visual_disturbances,,,,,,,,,
Migraine, acidity, headache, blurred_and_distorted_vision, excessive_hunger, stiff_neck, depression, irritability, visual_disturbances,,,,,,,,,
Migraine, acidity, indigestion, blurred_and_distorted_vision, excessive_hunger, stiff_neck, depression, irritability, visual_disturbances,,,,,,,,,
Migraine, acidity, indigestion, headache, excessive_hunger, stiff_neck, depression, irritability, visual_disturbances,,,,,,,,,
Migraine, acidity, indigestion, headache, blurred_and_distorted_vision, stiff_neck, depression, irritability, visual_disturbances,,,,,,,,,
Migraine, acidity, indigestion, headache, blurred_and_distorted_vision, excessive_hunger, depression, irritability, visual_disturbances,,,,,,,,,
Migraine, acidity, indigestion, headache, blurred_and_distorted_vision, excessive_hunger, stiff_neck, irritability, visual_disturbances,,,,,,,,,
Migraine, acidity, indigestion, headache, blurred_and_distorted_vision, excessive_hunger, stiff_neck, depression, visual_disturbances,,,,,,,,,
Migraine, acidity, indigestion, headache, blurred_and_distorted_vision, excessive_hunger, stiff_neck, depression, irritability,,,,,,,,,
Cervical spondylosis, back_pain, weakness_in_limbs, neck_pain, dizziness, loss_of_balance,,,,,,,,,,,,
Cervical spondylosis, back_pain, weakness_in_limbs, neck_pain, dizziness, loss_of_balance,,,,,,,,,,,,
Cervical spondylosis, weakness_in_limbs, neck_pain, dizziness, loss_of_balance,,,,,,,,,,,,,
Cervical spondylosis, back_pain, neck_pain, dizziness, loss_of_balance,,,,,,,,,,,,,
Cervical spondylosis, back_pain, weakness_in_limbs, dizziness, loss_of_balance,,,,,,,,,,,,,
Cervical spondylosis, back_pain, weakness_in_limbs, neck_pain, loss_of_balance,,,,,,,,,,,,,
Cervical spondylosis, back_pain, weakness_in_limbs, neck_pain, dizziness,,,,,,,,,,,,,
Cervical spondylosis, back_pain, weakness_in_limbs, neck_pain, dizziness, loss_of_balance,,,,,,,,,,,,
Cervical spondylosis, weakness_in_limbs, neck_pain, dizziness, loss_of_balance,,,,,,,,,,,,,
Cervical spondylosis, back_pain, neck_pain, dizziness, loss_of_balance,,,,,,,,,,,,,
Paralysis (brain hemorrhage), vomiting, headache, weakness_of_one_body_side, altered_sensorium,,,,,,,,,,,,,
Paralysis (brain hemorrhage), vomiting, headache, weakness_of_one_body_side, altered_sensorium,,,,,,,,,,,,,
Paralysis (brain hemorrhage), headache, weakness_of_one_body_side, altered_sensorium,,,,,,,,,,,,,,
Paralysis (brain hemorrhage), vomiting, weakness_of_one_body_side, altered_sensorium,,,,,,,,,,,,,,
Paralysis (brain hemorrhage), vomiting, headache, altered_sensorium,,,,,,,,,,,,,,
Paralysis (brain hemorrhage), vomiting, headache, weakness_of_one_body_side,,,,,,,,,,,,,,
Paralysis (brain hemorrhage), vomiting, headache, weakness_of_one_body_side, altered_sensorium,,,,,,,,,,,,,
Paralysis (brain hemorrhage), headache, weakness_of_one_body_side, altered_sensorium,,,,,,,,,,,,,,
Paralysis (brain hemorrhage), vomiting, weakness_of_one_body_side, altered_sensorium,,,,,,,,,,,,,,
Paralysis (brain hemorrhage), vomiting, headache, altered_sensorium,,,,,,,,,,,,,,
Jaundice,itching, vomiting, fatigue, weight_loss, high_fever, yellowish_skin, dark_urine, abdominal_pain,,,,,,,,,
Jaundice,itching, vomiting, fatigue, weight_loss, high_fever, yellowish_skin, dark_urine, abdominal_pain,,,,,,,,,
Jaundice, vomiting, fatigue, weight_loss, high_fever, yellowish_skin, dark_urine, abdominal_pain,,,,,,,,,,
Jaundice,itching, fatigue, weight_loss, high_fever, yellowish_skin, dark_urine, abdominal_pain,,,,,,,,,,
Jaundice,itching, vomiting, weight_loss, high_fever, yellowish_skin, dark_urine, abdominal_pain,,,,,,,,,,
Jaundice,itching, vomiting, fatigue, high_fever, yellowish_skin, dark_urine, abdominal_pain,,,,,,,,,,
Jaundice,itching, vomiting, fatigue, weight_loss, yellowish_skin, dark_urine, abdominal_pain,,,,,,,,,,
Jaundice,itching, vomiting, fatigue, weight_loss, high_fever, dark_urine, abdominal_pain,,,,,,,,,,
Jaundice,itching, vomiting, fatigue, weight_loss, high_fever, yellowish_skin, abdominal_pain,,,,,,,,,,
Jaundice,itching, vomiting, fatigue, weight_loss, high_fever, yellowish_skin, dark_urine,,,,,,,,,,
Malaria, chills, vomiting, high_fever, sweating, headache, nausea, muscle_pain,,,,,,,,,,
Malaria, chills, vomiting, high_fever, sweating, headache, nausea, diarrhoea, muscle_pain,,,,,,,,,
Malaria, chills, vomiting, high_fever, sweating, headache, nausea, diarrhoea, muscle_pain,,,,,,,,,
Malaria, vomiting, high_fever, sweating, headache, nausea, diarrhoea, muscle_pain,,,,,,,,,,
Malaria, chills, high_fever, sweating, headache, nausea, diarrhoea, muscle_pain,,,,,,,,,,
Malaria, chills, vomiting, sweating, headache, nausea, diarrhoea, muscle_pain,,,,,,,,,,
Malaria, chills, vomiting, high_fever, headache, nausea, diarrhoea, muscle_pain,,,,,,,,,,
Malaria, chills, vomiting, high_fever, sweating, nausea, diarrhoea, muscle_pain,,,,,,,,,,
Malaria, chills, vomiting, high_fever, sweating, headache, diarrhoea, muscle_pain,,,,,,,,,,
Malaria, chills, vomiting, high_fever, sweating, headache, nausea, muscle_pain,,,,,,,,,,
Chicken pox,itching, skin_rash, fatigue, lethargy, high_fever, headache, loss_of_appetite, mild_fever, swelled_lymph_nodes, malaise, red_spots_over_body,,,,,,
Chicken pox, skin_rash, fatigue, lethargy, high_fever, headache, loss_of_appetite, mild_fever, swelled_lymph_nodes, malaise, red_spots_over_body,,,,,,,
Chicken pox,itching, fatigue, lethargy, high_fever, headache, loss_of_appetite, mild_fever, swelled_lymph_nodes, malaise, red_spots_over_body,,,,,,,
Chicken pox,itching, skin_rash, lethargy, high_fever, headache, loss_of_appetite, mild_fever, swelled_lymph_nodes, malaise, red_spots_over_body,,,,,,,
Chicken pox,itching, skin_rash, fatigue, high_fever, headache, loss_of_appetite, mild_fever, swelled_lymph_nodes, malaise, red_spots_over_body,,,,,,,
Chicken pox,itching, skin_rash, fatigue, lethargy, headache, loss_of_appetite, mild_fever, swelled_lymph_nodes, malaise, red_spots_over_body,,,,,,,
Chicken pox,itching, skin_rash, fatigue, lethargy, high_fever, loss_of_appetite, mild_fever, swelled_lymph_nodes, malaise, red_spots_over_body,,,,,,,
Chicken pox,itching, skin_rash, fatigue, lethargy, high_fever, headache, mild_fever, swelled_lymph_nodes, malaise, red_spots_over_body,,,,,,,
Chicken pox,itching, skin_rash, fatigue, lethargy, high_fever, headache, loss_of_appetite, swelled_lymph_nodes, malaise, red_spots_over_body,,,,,,,
Chicken pox,itching, skin_rash, fatigue, lethargy, high_fever, headache, loss_of_appetite, mild_fever, malaise, red_spots_over_body,,,,,,,
Dengue, skin_rash, chills, joint_pain, vomiting, fatigue, high_fever, headache, nausea, loss_of_appetite, pain_behind_the_eyes, back_pain, muscle_pain, red_spots_over_body,,,,
Dengue, skin_rash, chills, joint_pain, vomiting, fatigue, high_fever, headache, nausea, loss_of_appetite, pain_behind_the_eyes, back_pain, malaise, red_spots_over_body,,,,
Dengue, skin_rash, chills, joint_pain, vomiting, fatigue, high_fever, headache, nausea, loss_of_appetite, pain_behind_the_eyes, back_pain, malaise, muscle_pain,,,,
Dengue, skin_rash, chills, joint_pain, vomiting, fatigue, high_fever, headache, nausea, loss_of_appetite, pain_behind_the_eyes, back_pain, malaise, muscle_pain, red_spots_over_body,,,
Dengue, chills, joint_pain, vomiting, fatigue, high_fever, headache, nausea, loss_of_appetite, pain_behind_the_eyes, back_pain, malaise, muscle_pain, red_spots_over_body,,,,
Dengue, skin_rash, joint_pain, vomiting, fatigue, high_fever, headache, nausea, loss_of_appetite, pain_behind_the_eyes, back_pain, malaise, muscle_pain, red_spots_over_body,,,,
Dengue, skin_rash, chills, vomiting, fatigue, high_fever, headache, nausea, loss_of_appetite, pain_behind_the_eyes, back_pain, malaise, muscle_pain, red_spots_over_body,,,,
Dengue, skin_rash, chills, joint_pain, fatigue, high_fever, headache, nausea, loss_of_appetite, pain_behind_the_eyes, back_pain, malaise, muscle_pain, red_spots_over_body,,,,
Dengue, skin_rash, chills, joint_pain, vomiting, high_fever, headache, nausea, loss_of_appetite, pain_behind_the_eyes, back_pain, malaise, muscle_pain, red_spots_over_body,,,,
Dengue, skin_rash, chills, joint_pain, vomiting, fatigue, headache, nausea, loss_of_appetite, pain_behind_the_eyes, back_pain, malaise, muscle_pain, red_spots_over_body,,,,
Typhoid, chills, vomiting, fatigue, high_fever, nausea, constipation, abdominal_pain, diarrhoea, toxic_look_(typhos), belly_pain,,,,,,,
Typhoid, chills, vomiting, fatigue, high_fever, headache, constipation, abdominal_pain, diarrhoea, toxic_look_(typhos), belly_pain,,,,,,,
Typhoid, chills, vomiting, fatigue, high_fever, headache, nausea, abdominal_pain, diarrhoea, toxic_look_(typhos), belly_pain,,,,,,,
Typhoid, chills, vomiting, fatigue, high_fever, headache, nausea, constipation, diarrhoea, toxic_look_(typhos), belly_pain,,,,,,,
Typhoid, chills, vomiting, fatigue, high_fever, headache, nausea, constipation, abdominal_pain, toxic_look_(typhos), belly_pain,,,,,,,
Typhoid, chills, vomiting, fatigue, high_fever, headache, nausea, constipation, abdominal_pain, diarrhoea, belly_pain,,,,,,,
Typhoid, chills, vomiting, fatigue, high_fever, headache, nausea, constipation, abdominal_pain, diarrhoea, toxic_look_(typhos),,,,,,,
Typhoid, chills, vomiting, fatigue, high_fever, headache, nausea, constipation, abdominal_pain, diarrhoea, toxic_look_(typhos), belly_pain,,,,,,
Typhoid, chills, vomiting, fatigue, high_fever, headache, nausea, constipation, abdominal_pain, diarrhoea, toxic_look_(typhos), belly_pain,,,,,,
Typhoid, chills, fatigue, high_fever, headache, nausea, constipation, abdominal_pain, diarrhoea, toxic_look_(typhos), belly_pain,,,,,,,
hepatitis A, joint_pain, vomiting, yellowish_skin, dark_urine, nausea, loss_of_appetite, abdominal_pain, diarrhoea, mild_fever, yellowing_of_eyes, muscle_pain,,,,,,
hepatitis A, joint_pain, vomiting, yellowish_skin, dark_urine, nausea, loss_of_appetite, abdominal_pain, diarrhoea, mild_fever, yellowing_of_eyes, muscle_pain,,,,,,
hepatitis A, vomiting, yellowish_skin, dark_urine, nausea, loss_of_appetite, abdominal_pain, diarrhoea, mild_fever, yellowing_of_eyes, muscle_pain,,,,,,,
hepatitis A, joint_pain, yellowish_skin, dark_urine, nausea, loss_of_appetite, abdominal_pain, diarrhoea, mild_fever, yellowing_of_eyes, muscle_pain,,,,,,,
hepatitis A, joint_pain, vomiting, dark_urine, nausea, loss_of_appetite, abdominal_pain, diarrhoea, mild_fever, yellowing_of_eyes, muscle_pain,,,,,,,
hepatitis A, joint_pain, vomiting, yellowish_skin, nausea, loss_of_appetite, abdominal_pain, diarrhoea, mild_fever, yellowing_of_eyes, muscle_pain,,,,,,,
hepatitis A, joint_pain, vomiting, yellowish_skin, dark_urine, loss_of_appetite, abdominal_pain, diarrhoea, mild_fever, yellowing_of_eyes, muscle_pain,,,,,,,
hepatitis A, joint_pain, vomiting, yellowish_skin, dark_urine, nausea, abdominal_pain, diarrhoea, mild_fever, yellowing_of_eyes, muscle_pain,,,,,,,
hepatitis A, joint_pain, vomiting, yellowish_skin, dark_urine, nausea, loss_of_appetite, diarrhoea, mild_fever, yellowing_of_eyes, muscle_pain,,,,,,,
hepatitis A, joint_pain, vomiting, yellowish_skin, dark_urine, nausea, loss_of_appetite, abdominal_pain, mild_fever, yellowing_of_eyes, muscle_pain,,,,,,,
Hepatitis B,itching, fatigue, lethargy, yellowish_skin, dark_urine, loss_of_appetite, abdominal_pain, yellow_urine, yellowing_of_eyes, malaise, receiving_blood_transfusion, receiving_unsterile_injections,,,,,
Hepatitis B,itching, fatigue, lethargy, yellowish_skin, dark_urine, loss_of_appetite, abdominal_pain, yellow_urine, yellowing_of_eyes, malaise, receiving_blood_transfusion, receiving_unsterile_injections,,,,,
Hepatitis B, fatigue, lethargy, yellowish_skin, dark_urine, loss_of_appetite, abdominal_pain, yellow_urine, yellowing_of_eyes, malaise, receiving_blood_transfusion, receiving_unsterile_injections,,,,,,
Hepatitis B,itching, lethargy, yellowish_skin, dark_urine, loss_of_appetite, abdominal_pain, yellow_urine, yellowing_of_eyes, malaise, receiving_blood_transfusion, receiving_unsterile_injections,,,,,,
Hepatitis B,itching, fatigue, yellowish_skin, dark_urine, loss_of_appetite, abdominal_pain, yellow_urine, yellowing_of_eyes, malaise, receiving_blood_transfusion, receiving_unsterile_injections,,,,,,
Hepatitis B,itching, fatigue, lethargy, dark_urine, loss_of_appetite, abdominal_pain, yellow_urine, yellowing_of_eyes, malaise, receiving_blood_transfusion, receiving_unsterile_injections,,,,,,
Hepatitis B,itching, fatigue, lethargy, yellowish_skin, loss_of_appetite, abdominal_pain, yellow_urine, yellowing_of_eyes, malaise, receiving_blood_transfusion, receiving_unsterile_injections,,,,,,
Hepatitis B,itching, fatigue, lethargy, yellowish_skin, dark_urine, abdominal_pain, yellow_urine, yellowing_of_eyes, malaise, receiving_blood_transfusion, receiving_unsterile_injections,,,,,,
Hepatitis B,itching, fatigue, lethargy, yellowish_skin, dark_urine, loss_of_appetite, yellow_urine, yellowing_of_eyes, malaise, receiving_blood_transfusion, receiving_unsterile_injections,,,,,,
Hepatitis B,itching, fatigue, lethargy, yellowish_skin, dark_urine, loss_of_appetite, abdominal_pain, yellowing_of_eyes, malaise, receiving_blood_transfusion, receiving_unsterile_injections,,,,,,
Hepatitis C, fatigue, yellowish_skin, nausea, loss_of_appetite, family_history,,,,,,,,,,,,
Hepatitis C, fatigue, yellowish_skin, nausea, loss_of_appetite, yellowing_of_eyes, family_history,,,,,,,,,,,
Hepatitis C, yellowish_skin, nausea, loss_of_appetite, yellowing_of_eyes, family_history,,,,,,,,,,,,
Hepatitis C, fatigue, nausea, loss_of_appetite, yellowing_of_eyes, family_history,,,,,,,,,,,,
Hepatitis C, fatigue, yellowish_skin, loss_of_appetite, yellowing_of_eyes, family_history,,,,,,,,,,,,
Hepatitis C, fatigue, yellowish_skin, nausea, yellowing_of_eyes, family_history,,,,,,,,,,,,
Hepatitis C, fatigue, yellowish_skin, nausea, loss_of_appetite, family_history,,,,,,,,,,,,
Hepatitis C, fatigue, yellowish_skin, nausea, loss_of_appetite, yellowing_of_eyes,,,,,,,,,,,,
Hepatitis C, fatigue, yellowish_skin, nausea, loss_of_appetite, yellowing_of_eyes, family_history,,,,,,,,,,,
Hepatitis C, fatigue, yellowish_skin, nausea, loss_of_appetite, yellowing_of_eyes, family_history,,,,,,,,,,,
Hepatitis D, joint_pain, vomiting, fatigue, yellowish_skin, dark_urine, nausea, loss_of_appetite, abdominal_pain, yellowing_of_eyes,,,,,,,,
Hepatitis D, vomiting, fatigue, yellowish_skin, dark_urine, nausea, loss_of_appetite, abdominal_pain, yellowing_of_eyes,,,,,,,,,
Hepatitis D, joint_pain, fatigue, yellowish_skin, dark_urine, nausea, loss_of_appetite, abdominal_pain, yellowing_of_eyes,,,,,,,,,
Hepatitis D, joint_pain, vomiting, yellowish_skin, dark_urine, nausea, loss_of_appetite, abdominal_pain, yellowing_of_eyes,,,,,,,,,
Hepatitis D, joint_pain, vomiting, fatigue, dark_urine, nausea, loss_of_appetite, abdominal_pain, yellowing_of_eyes,,,,,,,,,
Hepatitis D, joint_pain, vomiting, fatigue, yellowish_skin, nausea, loss_of_appetite, abdominal_pain, yellowing_of_eyes,,,,,,,,,
Hepatitis D, joint_pain, vomiting, fatigue, yellowish_skin, dark_urine, loss_of_appetite, abdominal_pain, yellowing_of_eyes,,,,,,,,,
Hepatitis D, joint_pain, vomiting, fatigue, yellowish_skin, dark_urine, nausea, abdominal_pain, yellowing_of_eyes,,,,,,,,,
Hepatitis D, joint_pain, vomiting, fatigue, yellowish_skin, dark_urine, nausea, loss_of_appetite, yellowing_of_eyes,,,,,,,,,
Hepatitis D, joint_pain, vomiting, fatigue, yellowish_skin, dark_urine, nausea, loss_of_appetite, abdominal_pain,,,,,,,,,
Hepatitis E, joint_pain, vomiting, fatigue, high_fever, yellowish_skin, dark_urine, nausea, loss_of_appetite, abdominal_pain, yellowing_of_eyes, coma, stomach_bleeding,,,,,
Hepatitis E, joint_pain, vomiting, fatigue, high_fever, yellowish_skin, dark_urine, nausea, loss_of_appetite, abdominal_pain, yellowing_of_eyes, acute_liver_failure, coma, stomach_bleeding,,,,
Hepatitis E, joint_pain, vomiting, fatigue, high_fever, yellowish_skin, dark_urine, nausea, loss_of_appetite, abdominal_pain, yellowing_of_eyes, acute_liver_failure, coma, stomach_bleeding,,,,
Hepatitis E, vomiting, fatigue, high_fever, yellowish_skin, dark_urine, nausea, loss_of_appetite, abdominal_pain, yellowing_of_eyes, acute_liver_failure, coma, stomach_bleeding,,,,,
Hepatitis E, joint_pain, fatigue, high_fever, yellowish_skin, dark_urine, nausea, loss_of_appetite, abdominal_pain, yellowing_of_eyes, acute_liver_failure, coma, stomach_bleeding,,,,,
Hepatitis E, joint_pain, vomiting, high_fever, yellowish_skin, dark_urine, nausea, loss_of_appetite, abdominal_pain, yellowing_of_eyes, acute_liver_failure, coma, stomach_bleeding,,,,,
Hepatitis E, joint_pain, vomiting, fatigue, yellowish_skin, dark_urine, nausea, loss_of_appetite, abdominal_pain, yellowing_of_eyes, acute_liver_failure, coma, stomach_bleeding,,,,,
Hepatitis E, joint_pain, vomiting, fatigue, high_fever, dark_urine, nausea, loss_of_appetite, abdominal_pain, yellowing_of_eyes, acute_liver_failure, coma, stomach_bleeding,,,,,
Hepatitis E, joint_pain, vomiting, fatigue, high_fever, yellowish_skin, nausea, loss_of_appetite, abdominal_pain, yellowing_of_eyes, acute_liver_failure, coma, stomach_bleeding,,,,,
Hepatitis E, joint_pain, vomiting, fatigue, high_fever, yellowish_skin, dark_urine, loss_of_appetite, abdominal_pain, yellowing_of_eyes, acute_liver_failure, coma, stomach_bleeding,,,,,
Alcoholic hepatitis, vomiting, yellowish_skin, abdominal_pain, swelling_of_stomach, distention_of_abdomen, history_of_alcohol_consumption, fluid_overload,,,,,,,,,,
Alcoholic hepatitis, vomiting, yellowish_skin, abdominal_pain, swelling_of_stomach, distention_of_abdomen, history_of_alcohol_consumption, fluid_overload,,,,,,,,,,
Alcoholic hepatitis, yellowish_skin, abdominal_pain, swelling_of_stomach, distention_of_abdomen, history_of_alcohol_consumption, fluid_overload,,,,,,,,,,,
Alcoholic hepatitis, vomiting, abdominal_pain, swelling_of_stomach, distention_of_abdomen, history_of_alcohol_consumption, fluid_overload,,,,,,,,,,,
Alcoholic hepatitis, vomiting, yellowish_skin, swelling_of_stomach, distention_of_abdomen, history_of_alcohol_consumption, fluid_overload,,,,,,,,,,,
Alcoholic hepatitis, vomiting, yellowish_skin, abdominal_pain, distention_of_abdomen, history_of_alcohol_consumption, fluid_overload,,,,,,,,,,,
Alcoholic hepatitis, vomiting, yellowish_skin, abdominal_pain, swelling_of_stomach, history_of_alcohol_consumption, fluid_overload,,,,,,,,,,,
Alcoholic hepatitis, vomiting, yellowish_skin, abdominal_pain, swelling_of_stomach, distention_of_abdomen, fluid_overload,,,,,,,,,,,
Alcoholic hepatitis, vomiting, yellowish_skin, abdominal_pain, swelling_of_stomach, distention_of_abdomen, history_of_alcohol_consumption,,,,,,,,,,,
Alcoholic hepatitis, vomiting, yellowish_skin, abdominal_pain, swelling_of_stomach, distention_of_abdomen, history_of_alcohol_consumption, fluid_overload,,,,,,,,,,
Tuberculosis, chills, vomiting, fatigue, weight_loss, cough, high_fever, breathlessness, sweating, loss_of_appetite, mild_fever, yellowing_of_eyes, swelled_lymph_nodes, malaise, phlegm, chest_pain, blood_in_sputum,
Tuberculosis, chills, vomiting, fatigue, weight_loss, cough, high_fever, breathlessness, sweating, loss_of_appetite, mild_fever, yellowing_of_eyes, swelled_lymph_nodes, malaise, phlegm, chest_pain, blood_in_sputum,
Tuberculosis, vomiting, fatigue, weight_loss, cough, high_fever, breathlessness, sweating, loss_of_appetite, mild_fever, yellowing_of_eyes, swelled_lymph_nodes, malaise, phlegm, chest_pain, blood_in_sputum,,
Tuberculosis, chills, fatigue, weight_loss, cough, high_fever, breathlessness, sweating, loss_of_appetite, mild_fever, yellowing_of_eyes, swelled_lymph_nodes, malaise, phlegm, chest_pain, blood_in_sputum,,
Tuberculosis, chills, vomiting, weight_loss, cough, high_fever, breathlessness, sweating, loss_of_appetite, mild_fever, yellowing_of_eyes, swelled_lymph_nodes, malaise, phlegm, chest_pain, blood_in_sputum,,
Tuberculosis, chills, vomiting, fatigue, cough, high_fever, breathlessness, sweating, loss_of_appetite, mild_fever, yellowing_of_eyes, swelled_lymph_nodes, malaise, phlegm, chest_pain, blood_in_sputum,,
Tuberculosis, chills, vomiting, fatigue, weight_loss, high_fever, breathlessness, sweating, loss_of_appetite, mild_fever, yellowing_of_eyes, swelled_lymph_nodes, malaise, phlegm, chest_pain, blood_in_sputum,,
Tuberculosis, chills, vomiting, fatigue, weight_loss, cough, breathlessness, sweating, loss_of_appetite, mild_fever, yellowing_of_eyes, swelled_lymph_nodes, malaise, phlegm, chest_pain, blood_in_sputum,,
Tuberculosis, chills, vomiting, fatigue, weight_loss, cough, high_fever, sweating, loss_of_appetite, mild_fever, yellowing_of_eyes, swelled_lymph_nodes, malaise, phlegm, chest_pain, blood_in_sputum,,
Tuberculosis, chills, vomiting, fatigue, weight_loss, cough, high_fever, breathlessness, loss_of_appetite, mild_fever, yellowing_of_eyes, swelled_lymph_nodes, malaise, phlegm, chest_pain, blood_in_sputum,,
Common Cold, continuous_sneezing, chills, fatigue, cough, high_fever, headache, swelled_lymph_nodes, malaise, phlegm, throat_irritation, redness_of_eyes, sinus_pressure, runny_nose, congestion, chest_pain, loss_of_smell, muscle_pain
Common Cold, continuous_sneezing, chills, fatigue, cough, high_fever, headache, swelled_lymph_nodes, malaise, phlegm, throat_irritation, redness_of_eyes, sinus_pressure, runny_nose, congestion, chest_pain, loss_of_smell, muscle_pain
Common Cold, chills, fatigue, cough, high_fever, headache, swelled_lymph_nodes, malaise, phlegm, throat_irritation, redness_of_eyes, sinus_pressure, runny_nose, congestion, chest_pain, loss_of_smell, muscle_pain,
Common Cold, continuous_sneezing, fatigue, cough, high_fever, headache, swelled_lymph_nodes, malaise, phlegm, throat_irritation, redness_of_eyes, sinus_pressure, runny_nose, congestion, chest_pain, loss_of_smell, muscle_pain,
Common Cold, continuous_sneezing, chills, cough, high_fever, headache, swelled_lymph_nodes, malaise, phlegm, throat_irritation, redness_of_eyes, sinus_pressure, runny_nose, congestion, chest_pain, loss_of_smell, muscle_pain,
Common Cold, continuous_sneezing, chills, fatigue, high_fever, headache, swelled_lymph_nodes, malaise, phlegm, throat_irritation, redness_of_eyes, sinus_pressure, runny_nose, congestion, chest_pain, loss_of_smell, muscle_pain,
Common Cold, continuous_sneezing, chills, fatigue, cough, headache, swelled_lymph_nodes, malaise, phlegm, throat_irritation, redness_of_eyes, sinus_pressure, runny_nose, congestion, chest_pain, loss_of_smell, muscle_pain,
Common Cold, continuous_sneezing, chills, fatigue, cough, high_fever, swelled_lymph_nodes, malaise, phlegm, throat_irritation, redness_of_eyes, sinus_pressure, runny_nose, congestion, chest_pain, loss_of_smell, muscle_pain,
Common Cold, continuous_sneezing, chills, fatigue, cough, high_fever, headache, malaise, phlegm, throat_irritation, redness_of_eyes, sinus_pressure, runny_nose, congestion, chest_pain, loss_of_smell, muscle_pain,
Common Cold, continuous_sneezing, chills, fatigue, cough, high_fever, headache, swelled_lymph_nodes, phlegm, throat_irritation, redness_of_eyes, sinus_pressure, runny_nose, congestion, chest_pain, loss_of_smell, muscle_pain,
Pneumonia, chills, fatigue, cough, high_fever, breathlessness, sweating, malaise, chest_pain, fast_heart_rate, rusty_sputum,,,,,,,
Pneumonia, chills, fatigue, cough, high_fever, breathlessness, sweating, malaise, phlegm, chest_pain, fast_heart_rate, rusty_sputum,,,,,,
Pneumonia, chills, fatigue, cough, high_fever, breathlessness, sweating, malaise, phlegm, chest_pain, fast_heart_rate, rusty_sputum,,,,,,
Pneumonia, fatigue, cough, high_fever, breathlessness, sweating, malaise, phlegm, chest_pain, fast_heart_rate, rusty_sputum,,,,,,,
Pneumonia, chills, cough, high_fever, breathlessness, sweating, malaise, phlegm, chest_pain, fast_heart_rate, rusty_sputum,,,,,,,
Pneumonia, chills, fatigue, high_fever, breathlessness, sweating, malaise, phlegm, chest_pain, fast_heart_rate, rusty_sputum,,,,,,,
Pneumonia, chills, fatigue, cough, breathlessness, sweating, malaise, phlegm, chest_pain, fast_heart_rate, rusty_sputum,,,,,,,
Pneumonia, chills, fatigue, cough, high_fever, sweating, malaise, phlegm, chest_pain, fast_heart_rate, rusty_sputum,,,,,,,
Pneumonia, chills, fatigue, cough, high_fever, breathlessness, malaise, phlegm, chest_pain, fast_heart_rate, rusty_sputum,,,,,,,
Pneumonia, chills, fatigue, cough, high_fever, breathlessness, sweating, phlegm, chest_pain, fast_heart_rate, rusty_sputum,,,,,,,
Dimorphic hemmorhoids(piles), constipation, pain_during_bowel_movements, pain_in_anal_region, bloody_stool, irritation_in_anus,,,,,,,,,,,,
Dimorphic hemmorhoids(piles), constipation, pain_during_bowel_movements, pain_in_anal_region, bloody_stool, irritation_in_anus,,,,,,,,,,,,
Dimorphic hemmorhoids(piles), constipation, pain_during_bowel_movements, pain_in_anal_region, bloody_stool, irritation_in_anus,,,,,,,,,,,,
Dimorphic hemmorhoids(piles), pain_during_bowel_movements, pain_in_anal_region, bloody_stool, irritation_in_anus,,,,,,,,,,,,,
Dimorphic hemmorhoids(piles), constipation, pain_in_anal_region, bloody_stool, irritation_in_anus,,,,,,,,,,,,,
Dimorphic hemmorhoids(piles), constipation, pain_during_bowel_movements, bloody_stool, irritation_in_anus,,,,,,,,,,,,,
Dimorphic hemmorhoids(piles), constipation, pain_during_bowel_movements, pain_in_anal_region, irritation_in_anus,,,,,,,,,,,,,
Dimorphic hemmorhoids(piles), constipation, pain_during_bowel_movements, pain_in_anal_region, bloody_stool,,,,,,,,,,,,,
Dimorphic hemmorhoids(piles), constipation, pain_during_bowel_movements, pain_in_anal_region, bloody_stool, irritation_in_anus,,,,,,,,,,,,
Dimorphic hemmorhoids(piles), constipation, pain_during_bowel_movements, pain_in_anal_region, bloody_stool, irritation_in_anus,,,,,,,,,,,,
Heart attack, vomiting, breathlessness, sweating, chest_pain,,,,,,,,,,,,,
Heart attack, vomiting, breathlessness, sweating, chest_pain,,,,,,,,,,,,,
Heart attack, breathlessness, sweating, chest_pain,,,,,,,,,,,,,,
Heart attack, vomiting, sweating, chest_pain,,,,,,,,,,,,,,
Heart attack, vomiting, breathlessness, chest_pain,,,,,,,,,,,,,,
Heart attack, vomiting, breathlessness, sweating,,,,,,,,,,,,,,
Heart attack, vomiting, breathlessness, sweating, chest_pain,,,,,,,,,,,,,
Heart attack, breathlessness, sweating, chest_pain,,,,,,,,,,,,,,
Heart attack, vomiting, sweating, chest_pain,,,,,,,,,,,,,,
Heart attack, vomiting, breathlessness, chest_pain,,,,,,,,,,,,,,
Varicose veins, fatigue, cramps, bruising, obesity, swollen_legs, swollen_blood_vessels, prominent_veins_on_calf,,,,,,,,,,
Varicose veins, fatigue, cramps, bruising, obesity, swollen_legs, swollen_blood_vessels, prominent_veins_on_calf,,,,,,,,,,
Varicose veins, cramps, bruising, obesity, swollen_legs, swollen_blood_vessels, prominent_veins_on_calf,,,,,,,,,,,
Varicose veins, fatigue, bruising, obesity, swollen_legs, swollen_blood_vessels, prominent_veins_on_calf,,,,,,,,,,,
Varicose veins, fatigue, cramps, obesity, swollen_legs, swollen_blood_vessels, prominent_veins_on_calf,,,,,,,,,,,
Varicose veins, fatigue, cramps, bruising, swollen_legs, swollen_blood_vessels, prominent_veins_on_calf,,,,,,,,,,,
Varicose veins, fatigue, cramps, bruising, obesity, swollen_blood_vessels, prominent_veins_on_calf,,,,,,,,,,,
Varicose veins, fatigue, cramps, bruising, obesity, swollen_legs, prominent_veins_on_calf,,,,,,,,,,,
Varicose veins, fatigue, cramps, bruising, obesity, swollen_legs, swollen_blood_vessels,,,,,,,,,,,
Varicose veins, fatigue, cramps, bruising, obesity, swollen_legs, prominent_veins_on_calf,,,,,,,,,,,
Hypothyroidism, fatigue, weight_gain, cold_hands_and_feets, mood_swings, lethargy, dizziness, puffy_face_and_eyes, enlarged_thyroid, brittle_nails, swollen_extremeties, depression, irritability, abnormal_menstruation,,,,
Hypothyroidism, fatigue, weight_gain, cold_hands_and_feets, mood_swings, lethargy, dizziness, puffy_face_and_eyes, enlarged_thyroid, brittle_nails, swollen_extremeties, depression, irritability, abnormal_menstruation,,,,
Hypothyroidism, weight_gain, cold_hands_and_feets, mood_swings, lethargy, dizziness, puffy_face_and_eyes, enlarged_thyroid, brittle_nails, swollen_extremeties, depression, irritability, abnormal_menstruation,,,,,
Hypothyroidism, weight_gain, cold_hands_and_feets, mood_swings, lethargy, dizziness, puffy_face_and_eyes, enlarged_thyroid, brittle_nails, swollen_extremeties, depression, irritability, abnormal_menstruation,,,,,
Hypothyroidism, fatigue, cold_hands_and_feets, mood_swings, lethargy, dizziness, puffy_face_and_eyes, enlarged_thyroid, brittle_nails, swollen_extremeties, depression, irritability, abnormal_menstruation,,,,,
Hypothyroidism, fatigue, weight_gain, mood_swings, lethargy, dizziness, puffy_face_and_eyes, enlarged_thyroid, brittle_nails, swollen_extremeties, depression, irritability, abnormal_menstruation,,,,,
Hypothyroidism, fatigue, weight_gain, cold_hands_and_feets, lethargy, dizziness, puffy_face_and_eyes, enlarged_thyroid, brittle_nails, swollen_extremeties, depression, irritability, abnormal_menstruation,,,,,
Hypothyroidism, fatigue, weight_gain, cold_hands_and_feets, mood_swings, dizziness, puffy_face_and_eyes, enlarged_thyroid, brittle_nails, swollen_extremeties, depression, irritability, abnormal_menstruation,,,,,
Hypothyroidism, fatigue, weight_gain, cold_hands_and_feets, mood_swings, lethargy, puffy_face_and_eyes, enlarged_thyroid, brittle_nails, swollen_extremeties, depression, irritability, abnormal_menstruation,,,,,
Hypothyroidism, fatigue, weight_gain, cold_hands_and_feets, mood_swings, lethargy, dizziness, enlarged_thyroid, brittle_nails, swollen_extremeties, depression, irritability, abnormal_menstruation,,,,,
Hyperthyroidism, fatigue, mood_swings, weight_loss, restlessness, sweating, diarrhoea, fast_heart_rate, excessive_hunger, muscle_weakness, irritability, abnormal_menstruation,,,,,,
Hyperthyroidism, fatigue, mood_swings, weight_loss, restlessness, sweating, diarrhoea, fast_heart_rate, excessive_hunger, muscle_weakness, irritability, abnormal_menstruation,,,,,,
Hyperthyroidism, mood_swings, weight_loss, restlessness, sweating, diarrhoea, fast_heart_rate, excessive_hunger, muscle_weakness, irritability, abnormal_menstruation,,,,,,,
Hyperthyroidism, fatigue, weight_loss, restlessness, sweating, diarrhoea, fast_heart_rate, excessive_hunger, muscle_weakness, irritability, abnormal_menstruation,,,,,,,
Hyperthyroidism, fatigue, mood_swings, restlessness, sweating, diarrhoea, fast_heart_rate, excessive_hunger, muscle_weakness, irritability, abnormal_menstruation,,,,,,,
Hyperthyroidism, fatigue, mood_swings, weight_loss, sweating, diarrhoea, fast_heart_rate, excessive_hunger, muscle_weakness, irritability, abnormal_menstruation,,,,,,,
Hyperthyroidism, fatigue, mood_swings, weight_loss, restlessness, diarrhoea, fast_heart_rate, excessive_hunger, muscle_weakness, irritability, abnormal_menstruation,,,,,,,
Hyperthyroidism, fatigue, mood_swings, weight_loss, restlessness, sweating, fast_heart_rate, excessive_hunger, muscle_weakness, irritability, abnormal_menstruation,,,,,,,
Hyperthyroidism, fatigue, mood_swings, weight_loss, restlessness, sweating, diarrhoea, excessive_hunger, muscle_weakness, irritability, abnormal_menstruation,,,,,,,
Hyperthyroidism, fatigue, mood_swings, weight_loss, restlessness, sweating, diarrhoea, fast_heart_rate, muscle_weakness, irritability, abnormal_menstruation,,,,,,,
Hypoglycemia, vomiting, fatigue, anxiety, sweating, headache, nausea, blurred_and_distorted_vision, excessive_hunger, slurred_speech, irritability, palpitations,,,,,,
Hypoglycemia, vomiting, fatigue, anxiety, sweating, headache, nausea, blurred_and_distorted_vision, excessive_hunger, drying_and_tingling_lips, slurred_speech, irritability, palpitations,,,,,
Hypoglycemia, vomiting, fatigue, anxiety, sweating, headache, nausea, blurred_and_distorted_vision, excessive_hunger, drying_and_tingling_lips, slurred_speech, irritability, palpitations,,,,,
Hypoglycemia, fatigue, anxiety, sweating, headache, nausea, blurred_and_distorted_vision, excessive_hunger, drying_and_tingling_lips, slurred_speech, irritability, palpitations,,,,,,
Hypoglycemia, vomiting, anxiety, sweating, headache, nausea, blurred_and_distorted_vision, excessive_hunger, drying_and_tingling_lips, slurred_speech, irritability, palpitations,,,,,,
Hypoglycemia, vomiting, fatigue, sweating, headache, nausea, blurred_and_distorted_vision, excessive_hunger, drying_and_tingling_lips, slurred_speech, irritability, palpitations,,,,,,
Hypoglycemia, vomiting, fatigue, anxiety, headache, nausea, blurred_and_distorted_vision, excessive_hunger, drying_and_tingling_lips, slurred_speech, irritability, palpitations,,,,,,
Hypoglycemia, vomiting, fatigue, anxiety, sweating, nausea, blurred_and_distorted_vision, excessive_hunger, drying_and_tingling_lips, slurred_speech, irritability, palpitations,,,,,,
Hypoglycemia, vomiting, fatigue, anxiety, sweating, headache, blurred_and_distorted_vision, excessive_hunger, drying_and_tingling_lips, slurred_speech, irritability, palpitations,,,,,,
Hypoglycemia, vomiting, fatigue, anxiety, sweating, headache, nausea, excessive_hunger, drying_and_tingling_lips, slurred_speech, irritability, palpitations,,,,,,
Osteoarthristis, joint_pain, neck_pain, knee_pain, hip_joint_pain, swelling_joints, painful_walking,,,,,,,,,,,
Osteoarthristis, joint_pain, neck_pain, knee_pain, hip_joint_pain, swelling_joints, painful_walking,,,,,,,,,,,
Osteoarthristis, neck_pain, knee_pain, hip_joint_pain, swelling_joints, painful_walking,,,,,,,,,,,,
Osteoarthristis, joint_pain, knee_pain, hip_joint_pain, swelling_joints, painful_walking,,,,,,,,,,,,
Osteoarthristis, joint_pain, neck_pain, hip_joint_pain, swelling_joints, painful_walking,,,,,,,,,,,,
Osteoarthristis, joint_pain, neck_pain, knee_pain, swelling_joints, painful_walking,,,,,,,,,,,,
Osteoarthristis, joint_pain, neck_pain, knee_pain, hip_joint_pain, painful_walking,,,,,,,,,,,,
Osteoarthristis, joint_pain, neck_pain, knee_pain, hip_joint_pain, swelling_joints,,,,,,,,,,,,
Osteoarthristis, joint_pain, neck_pain, knee_pain, hip_joint_pain, swelling_joints, painful_walking,,,,,,,,,,,
Osteoarthristis, joint_pain, neck_pain, knee_pain, hip_joint_pain, swelling_joints, painful_walking,,,,,,,,,,,
Arthritis, muscle_weakness, stiff_neck, swelling_joints, movement_stiffness, painful_walking,,,,,,,,,,,,
Arthritis, muscle_weakness, stiff_neck, swelling_joints, movement_stiffness, painful_walking,,,,,,,,,,,,
Arthritis, stiff_neck, swelling_joints, movement_stiffness, painful_walking,,,,,,,,,,,,,
Arthritis, muscle_weakness, swelling_joints, movement_stiffness, painful_walking,,,,,,,,,,,,,
Arthritis, muscle_weakness, stiff_neck, movement_stiffness, painful_walking,,,,,,,,,,,,,
Arthritis, muscle_weakness, stiff_neck, swelling_joints, painful_walking,,,,,,,,,,,,,
Arthritis, muscle_weakness, stiff_neck, swelling_joints, movement_stiffness, painful_walking,,,,,,,,,,,,
Arthritis, muscle_weakness, stiff_neck, swelling_joints, movement_stiffness,,,,,,,,,,,,,
Arthritis, muscle_weakness, stiff_neck, swelling_joints, movement_stiffness, painful_walking,,,,,,,,,,,,
Arthritis, muscle_weakness, stiff_neck, swelling_joints, movement_stiffness, painful_walking,,,,,,,,,,,,
(vertigo) Paroymsal  Positional Vertigo, vomiting, headache, nausea, spinning_movements, loss_of_balance, unsteadiness,,,,,,,,,,,
(vertigo) Paroymsal  Positional Vertigo, vomiting, headache, nausea, spinning_movements, loss_of_balance, unsteadiness,,,,,,,,,,,
(vertigo) Paroymsal  Positional Vertigo, headache, nausea, spinning_movements, loss_of_balance, unsteadiness,,,,,,,,,,,,
(vertigo) Paroymsal  Positional Vertigo, vomiting, nausea, spinning_movements, loss_of_balance, unsteadiness,,,,,,,,,,,,
(vertigo) Paroymsal  Positional Vertigo, vomiting, headache, spinning_movements, loss_of_balance, unsteadiness,,,,,,,,,,,,
(vertigo) Paroymsal  Positional Vertigo, vomiting, headache, nausea, loss_of_balance, unsteadiness,,,,,,,,,,,,
(vertigo) Paroymsal  Positional Vertigo, vomiting, headache, nausea, spinning_movements, unsteadiness,,,,,,,,,,,,
(vertigo) Paroymsal  Positional Vertigo, vomiting, headache, nausea, spinning_movements, loss_of_balance,,,,,,,,,,,,
(vertigo) Paroymsal  Positional Vertigo, vomiting, headache, nausea, spinning_movements, loss_of_balance, unsteadiness,,,,,,,,,,,
(vertigo) Paroymsal  Positional Vertigo, vomiting, headache, nausea, loss_of_balance, unsteadiness,,,,,,,,,,,,
Acne, skin_rash, pus_filled_pimples, blackheads, scurring,,,,,,,,,,,,,
Acne, skin_rash, pus_filled_pimples, blackheads, scurring,,,,,,,,,,,,,
Acne, pus_filled_pimples, blackheads, scurring,,,,,,,,,,,,,,
Acne, skin_rash, blackheads, scurring,,,,,,,,,,,,,,
Acne, skin_rash, pus_filled_pimples, scurring,,,,,,,,,,,,,,
Acne, skin_rash, pus_filled_pimples, blackheads,,,,,,,,,,,,,,
Acne, skin_rash, pus_filled_pimples, blackheads, scurring,,,,,,,,,,,,,
Acne, skin_rash, pus_filled_pimples, blackheads,,,,,,,,,,,,,,
Acne, skin_rash, pus_filled_pimples, scurring,,,,,,,,,,,,,,
Acne, skin_rash, blackheads, scurring,,,,,,,,,,,,,,
Urinary tract infection, burning_micturition, bladder_discomfort, foul_smell_of urine, continuous_feel_of_urine,,,,,,,,,,,,,
Urinary tract infection, burning_micturition, bladder_discomfort, foul_smell_of urine, continuous_feel_of_urine,,,,,,,,,,,,,
Urinary tract infection, bladder_discomfort, foul_smell_of urine, continuous_feel_of_urine,,,,,,,,,,,,,,
Urinary tract infection, burning_micturition, foul_smell_of urine, continuous_feel_of_urine,,,,,,,,,,,,,,
Urinary tract infection, burning_micturition, bladder_discomfort, continuous_feel_of_urine,,,,,,,,,,,,,,
Urinary tract infection, burning_micturition, bladder_discomfort, foul_smell_of urine,,,,,,,,,,,,,,
Urinary tract infection, burning_micturition, bladder_discomfort, foul_smell_of urine, continuous_feel_of_urine,,,,,,,,,,,,,
Urinary tract infection, burning_micturition, bladder_discomfort, continuous_feel_of_urine,,,,,,,,,,,,,,
Urinary tract infection, bladder_discomfort, foul_smell_of urine, continuous_feel_of_urine,,,,,,,,,,,,,,
Urinary tract infection, burning_micturition, bladder_discomfort, continuous_feel_of_urine,,,,,,,,,,,,,,
Psoriasis, skin_rash, joint_pain, skin_peeling, silver_like_dusting, small_dents_in_nails, inflammatory_nails,,,,,,,,,,,
Psoriasis, skin_rash, joint_pain, skin_peeling, silver_like_dusting, small_dents_in_nails, inflammatory_nails,,,,,,,,,,,
Psoriasis, joint_pain, skin_peeling, silver_like_dusting, small_dents_in_nails, inflammatory_nails,,,,,,,,,,,,
Psoriasis, skin_rash, skin_peeling, silver_like_dusting, small_dents_in_nails, inflammatory_nails,,,,,,,,,,,,
Psoriasis, skin_rash, joint_pain, silver_like_dusting, small_dents_in_nails, inflammatory_nails,,,,,,,,,,,,
Psoriasis, skin_rash, joint_pain, skin_peeling, small_dents_in_nails, inflammatory_nails,,,,,,,,,,,,
Psoriasis, skin_rash, joint_pain, skin_peeling, silver_like_dusting, inflammatory_nails,,,,,,,,,,,,
Psoriasis, skin_rash, joint_pain, skin_peeling, silver_like_dusting, small_dents_in_nails,,,,,,,,,,,,
Psoriasis, skin_rash, joint_pain, skin_peeling, silver_like_dusting, small_dents_in_nails, inflammatory_nails,,,,,,,,,,,
Psoriasis, skin_rash, joint_pain, skin_peeling, silver_like_dusting, small_dents_in_nails, inflammatory_nails,,,,,,,,,,,
Impetigo, skin_rash, high_fever, blister, red_sore_around_nose, yellow_crust_ooze,,,,,,,,,,,,
Impetigo, skin_rash, high_fever, blister, red_sore_around_nose, yellow_crust_ooze,,,,,,,,,,,,
Impetigo, high_fever, blister, red_sore_around_nose, yellow_crust_ooze,,,,,,,,,,,,,
Impetigo, skin_rash, blister, red_sore_around_nose, yellow_crust_ooze,,,,,,,,,,,,,
Impetigo, skin_rash, blister, red_sore_around_nose, yellow_crust_ooze,,,,,,,,,,,,,
Impetigo, skin_rash, high_fever, red_sore_around_nose, yellow_crust_ooze,,,,,,,,,,,,,
Impetigo, skin_rash, high_fever, blister, yellow_crust_ooze,,,,,,,,,,,,,
Impetigo, skin_rash, high_fever, blister, red_sore_around_nose,,,,,,,,,,,,,
Impetigo, skin_rash, high_fever, blister, red_sore_around_nose, yellow_crust_ooze,,,,,,,,,,,,
Impetigo, skin_rash, blister, red_sore_around_nose, yellow_crust_ooze,,,,,,,,,,,,,
Fungal infection,itching, skin_rash, nodal_skin_eruptions, dischromic _patches,,,,,,,,,,,,,
Fungal infection, skin_rash, nodal_skin_eruptions, dischromic _patches,,,,,,,,,,,,,,
Fungal infection,itching, nodal_skin_eruptions, dischromic _patches,,,,,,,,,,,,,,
Fungal infection,itching, skin_rash, dischromic _patches,,,,,,,,,,,,,,
Fungal infection,itching, skin_rash, nodal_skin_eruptions,,,,,,,,,,,,,,
Fungal infection, skin_rash, nodal_skin_eruptions, dischromic _patches,,,,,,,,,,,,,,
Fungal infection,itching, nodal_skin_eruptions, dischromic _patches,,,,,,,,,,,,,,
Fungal infection,itching, skin_rash, dischromic _patches,,,,,,,,,,,,,,
Fungal infection,itching, skin_rash, nodal_skin_eruptions,,,,,,,,,,,,,,
Fungal infection,itching, skin_rash, nodal_skin_eruptions, dischromic _patches,,,,,,,,,,,,,
Allergy, continuous_sneezing, shivering, chills, watering_from_eyes,,,,,,,,,,,,,
Allergy, shivering, chills, watering_from_eyes,,,,,,,,,,,,,,
Allergy, continuous_sneezing, chills, watering_from_eyes,,,,,,,,,,,,,,
Allergy, continuous_sneezing, shivering, watering_from_eyes,,,,,,,,,,,,,,
Allergy, continuous_sneezing, shivering, chills,,,,,,,,,,,,,,
Allergy, shivering, chills, watering_from_eyes,,,,,,,,,,,,,,
Allergy, continuous_sneezing, chills, watering_from_eyes,,,,,,,,,,,,,,
Allergy, continuous_sneezing, shivering, watering_from_eyes,,,,,,,,,,,,,,
Allergy, continuous_sneezing, shivering, chills,,,,,,,,,,,,,,
Allergy, continuous_sneezing, shivering, chills, watering_from_eyes,,,,,,,,,,,,,
GERD, stomach_pain, acidity, ulcers_on_tongue, vomiting, cough, chest_pain,,,,,,,,,,,
GERD, stomach_pain, ulcers_on_tongue, vomiting, cough, chest_pain,,,,,,,,,,,,
GERD, stomach_pain, acidity, vomiting, cough, chest_pain,,,,,,,,,,,,
GERD, stomach_pain, acidity, ulcers_on_tongue, cough, chest_pain,,,,,,,,,,,,
GERD, stomach_pain, acidity, ulcers_on_tongue, vomiting, chest_pain,,,,,,,,,,,,
GERD, stomach_pain, acidity, ulcers_on_tongue, vomiting, cough,,,,,,,,,,,,
GERD, acidity, ulcers_on_tongue, vomiting, cough, chest_pain,,,,,,,,,,,,
GERD, stomach_pain, ulcers_on_tongue, vomiting, cough, chest_pain,,,,,,,,,,,,
GERD, stomach_pain, acidity, vomiting, cough, chest_pain,,,,,,,,,,,,
GERD, stomach_pain, acidity, ulcers_on_tongue, cough, chest_pain,,,,,,,,,,,,
Chronic cholestasis,itching, vomiting, yellowish_skin, nausea, loss_of_appetite, abdominal_pain, yellowing_of_eyes,,,,,,,,,,
Chronic cholestasis, vomiting, yellowish_skin, nausea, loss_of_appetite, abdominal_pain, yellowing_of_eyes,,,,,,,,,,,
Chronic cholestasis,itching, yellowish_skin, nausea, loss_of_appetite, abdominal_pain, yellowing_of_eyes,,,,,,,,,,,
Chronic cholestasis,itching, vomiting, nausea, loss_of_appetite, abdominal_pain, yellowing_of_eyes,,,,,,,,,,,
Chronic cholestasis,itching, vomiting, yellowish_skin, loss_of_appetite, abdominal_pain, yellowing_of_eyes,,,,,,,,,,,
Chronic cholestasis,itching, vomiting, yellowish_skin, nausea, abdominal_pain, yellowing_of_eyes,,,,,,,,,,,
Chronic cholestasis,itching, vomiting, yellowish_skin, nausea, loss_of_appetite, yellowing_of_eyes,,,,,,,,,,,
Chronic cholestasis,itching, vomiting, yellowish_skin, nausea, loss_of_appetite, abdominal_pain,,,,,,,,,,,
Chronic cholestasis,itching, vomiting, yellowish_skin, nausea, loss_of_appetite, abdominal_pain, yellowing_of_eyes,,,,,,,,,,
Chronic cholestasis,itching, vomiting, yellowish_skin, nausea, loss_of_appetite, abdominal_pain, yellowing_of_eyes,,,,,,,,,,
Drug Reaction,itching, skin_rash, stomach_pain, burning_micturition, spotting_ urination,,,,,,,,,,,,
Drug Reaction,itching, stomach_pain, burning_micturition, spotting_ urination,,,,,,,,,,,,,
Drug Reaction,itching, skin_rash, burning_micturition, spotting_ urination,,,,,,,,,,,,,
Drug Reaction,itching, skin_rash, stomach_pain, spotting_ urination,,,,,,,,,,,,,
Drug Reaction,itching, skin_rash, stomach_pain, burning_micturition,,,,,,,,,,,,,
Drug Reaction, skin_rash, stomach_pain, burning_micturition, spotting_ urination,,,,,,,,,,,,,
Drug Reaction,itching, stomach_pain, burning_micturition, spotting_ urination,,,,,,,,,,,,,
Drug Reaction,itching, skin_rash, burning_micturition, spotting_ urination,,,,,,,,,,,,,
Drug Reaction,itching, skin_rash, stomach_pain, spotting_ urination,,,,,,,,,,,,,
Drug Reaction,itching, skin_rash, stomach_pain, burning_micturition,,,,,,,,,,,,,
Peptic ulcer diseae, vomiting, loss_of_appetite, abdominal_pain, passage_of_gases, internal_itching,,,,,,,,,,,,
Peptic ulcer diseae, vomiting, indigestion, abdominal_pain, passage_of_gases, internal_itching,,,,,,,,,,,,
Peptic ulcer diseae, indigestion, loss_of_appetite, abdominal_pain, passage_of_gases, internal_itching,,,,,,,,,,,,
Peptic ulcer diseae, vomiting, loss_of_appetite, abdominal_pain, passage_of_gases, internal_itching,,,,,,,,,,,,
Peptic ulcer diseae, vomiting, indigestion, abdominal_pain, passage_of_gases, internal_itching,,,,,,,,,,,,
Peptic ulcer diseae, vomiting, indigestion, loss_of_appetite, passage_of_gases, internal_itching,,,,,,,,,,,,
Peptic ulcer diseae, vomiting, indigestion, loss_of_appetite, abdominal_pain, internal_itching,,,,,,,,,,,,
Peptic ulcer diseae, vomiting, indigestion, loss_of_appetite, abdominal_pain, passage_of_gases,,,,,,,,,,,,
Peptic ulcer diseae, vomiting, indigestion, loss_of_appetite, abdominal_pain, passage_of_gases, internal_itching,,,,,,,,,,,
Peptic ulcer diseae, vomiting, indigestion, loss_of_appetite, abdominal_pain, passage_of_gases, internal_itching,,,,,,,,,,,
AIDS, muscle_wasting, patches_in_throat, high_fever, extra_marital_contacts,,,,,,,,,,,,,
AIDS, patches_in_throat, high_fever, extra_marital_contacts,,,,,,,,,,,,,,
AIDS, muscle_wasting, high_fever, extra_marital_contacts,,,,,,,,,,,,,,
AIDS, muscle_wasting, patches_in_throat, extra_marital_contacts,,,,,,,,,,,,,,
AIDS, muscle_wasting, patches_in_throat, high_fever,,,,,,,,,,,,,,
AIDS, muscle_wasting, patches_in_throat, high_fever, extra_marital_contacts,,,,,,,,,,,,,
AIDS, muscle_wasting, patches_in_throat, high_fever, extra_marital_contacts,,,,,,,,,,,,,
AIDS, patches_in_throat, high_fever, extra_marital_contacts,,,,,,,,,,,,,,
AIDS, muscle_wasting, high_fever, extra_marital_contacts,,,,,,,,,,,,,,
AIDS, muscle_wasting, patches_in_throat, high_fever,,,,,,,,,,,,,,
Diabetes, fatigue, weight_loss, restlessness, lethargy, irregular_sugar_level, blurred_and_distorted_vision, obesity, excessive_hunger, increased_appetite, polyuria,,,,,,,
Diabetes, fatigue, weight_loss, restlessness, lethargy, irregular_sugar_level, blurred_and_distorted_vision, obesity, excessive_hunger, increased_appetite, polyuria,,,,,,,
Diabetes, weight_loss, restlessness, lethargy, irregular_sugar_level, blurred_and_distorted_vision, obesity, excessive_hunger, increased_appetite, polyuria,,,,,,,,
Diabetes, fatigue, restlessness, lethargy, irregular_sugar_level, blurred_and_distorted_vision, obesity, excessive_hunger, increased_appetite, polyuria,,,,,,,,
Diabetes, fatigue, weight_loss, lethargy, irregular_sugar_level, blurred_and_distorted_vision, obesity, excessive_hunger, increased_appetite, polyuria,,,,,,,,
Diabetes, fatigue, weight_loss, restlessness, irregular_sugar_level, blurred_and_distorted_vision, obesity, excessive_hunger, increased_appetite, polyuria,,,,,,,,
Diabetes, fatigue, weight_loss, restlessness, lethargy, blurred_and_distorted_vision, obesity, excessive_hunger, increased_appetite, polyuria,,,,,,,,
Diabetes, fatigue, weight_loss, restlessness, lethargy, irregular_sugar_level, obesity, excessive_hunger, increased_appetite, polyuria,,,,,,,,
Diabetes, fatigue, weight_loss, restlessness, lethargy, irregular_sugar_level, blurred_and_distorted_vision, excessive_hunger, increased_appetite, polyuria,,,,,,,,
Diabetes, fatigue, weight_loss, restlessness, lethargy, irregular_sugar_level, blurred_and_distorted_vision, obesity, increased_appetite, polyuria,,,,,,,,
Gastroenteritis, vomiting, sunken_eyes, dehydration, diarrhoea,,,,,,,,,,,,,
Gastroenteritis, vomiting, sunken_eyes, dehydration, diarrhoea,,,,,,,,,,,,,
Gastroenteritis, sunken_eyes, dehydration, diarrhoea,,,,,,,,,,,,,,
Gastroenteritis, vomiting, dehydration, diarrhoea,,,,,,,,,,,,,,
Gastroenteritis, vomiting, sunken_eyes, diarrhoea,,,,,,,,,,,,,,
Gastroenteritis, vomiting, sunken_eyes, dehydration,,,,,,,,,,,,,,
Gastroenteritis, vomiting, sunken_eyes, dehydration, diarrhoea,,,,,,,,,,,,,
Gastroenteritis, sunken_eyes, dehydration, diarrhoea,,,,,,,,,,,,,,
Gastroenteritis, vomiting, dehydration, diarrhoea,,,,,,,,,,,,,,
Gastroenteritis, vomiting, sunken_eyes, diarrhoea,,,,,,,,,,,,,,
Bronchial Asthma, fatigue, cough, high_fever, breathlessness, family_history, mucoid_sputum,,,,,,,,,,,
Bronchial Asthma, cough, high_fever, breathlessness, family_history, mucoid_sputum,,,,,,,,,,,,
Bronchial Asthma, fatigue, high_fever, breathlessness, family_history, mucoid_sputum,,,,,,,,,,,,
Bronchial Asthma, fatigue, cough, breathlessness, family_history, mucoid_sputum,,,,,,,,,,,,
Bronchial Asthma, fatigue, cough, high_fever, family_history, mucoid_sputum,,,,,,,,,,,,
Bronchial Asthma, fatigue, cough, high_fever, breathlessness, mucoid_sputum,,,,,,,,,,,,
Bronchial Asthma, fatigue, cough, high_fever, breathlessness, family_history,,,,,,,,,,,,
Bronchial Asthma, fatigue, cough, high_fever, breathlessness, family_history, mucoid_sputum,,,,,,,,,,,
Bronchial Asthma, cough, high_fever, breathlessness, family_history, mucoid_sputum,,,,,,,,,,,,
Bronchial Asthma, fatigue, high_fever, breathlessness, family_history, mucoid_sputum,,,,,,,,,,,,
Hypertension, headache, chest_pain, dizziness, loss_of_balance, lack_of_concentration,,,,,,,,,,,,
Hypertension, chest_pain, dizziness, loss_of_balance, lack_of_concentration,,,,,,,,,,,,,
Hypertension, headache, dizziness, loss_of_balance, lack_of_concentration,,,,,,,,,,,,,
Hypertension, headache, chest_pain, loss_of_balance, lack_of_concentration,,,,,,,,,,,,,
Hypertension, headache, chest_pain, dizziness, lack_of_concentration,,,,,,,,,,,,,
Hypertension, headache, chest_pain, dizziness, loss_of_balance,,,,,,,,,,,,,
Hypertension, headache, chest_pain, dizziness, loss_of_balance, lack_of_concentration,,,,,,,,,,,,
Hypertension, chest_pain, dizziness, loss_of_balance, lack_of_concentration,,,,,,,,,,,,,
Hypertension, headache, dizziness, loss_of_balance, lack_of_concentration,,,,,,,,,,,,,
Hypertension, headache, chest_pain, loss_of_balance, lack_of_concentration,,,,,,,,,,,,,
Migraine, acidity, indigestion, headache, blurred_and_distorted_vision, excessive_hunger, stiff_neck, depression, irritability, visual_disturbances,,,,,,,,
Migraine, indigestion, headache, blurred_and_distorted_vision, excessive_hunger, stiff_neck, depression, irritability, visual_disturbances,,,,,,,,,
Migraine, acidity, headache, blurred_and_distorted_vision, excessive_hunger, stiff_neck, depression, irritability, visual_disturbances,,,,,,,,,
Migraine, acidity, indigestion, blurred_and_distorted_vision, excessive_hunger, stiff_neck, depression, irritability, visual_disturbances,,,,,,,,,
Migraine, acidity, indigestion, headache, excessive_hunger, stiff_neck, depression, irritability, visual_disturbances,,,,,,,,,
Migraine, acidity, indigestion, headache, blurred_and_distorted_vision, stiff_neck, depression, irritability, visual_disturbances,,,,,,,,,
Migraine, acidity, indigestion, headache, blurred_and_distorted_vision, excessive_hunger, depression, irritability, visual_disturbances,,,,,,,,,
Migraine, acidity, indigestion, headache, blurred_and_distorted_vision, excessive_hunger, stiff_neck, irritability, visual_disturbances,,,,,,,,,
Migraine, acidity, indigestion, headache, blurred_and_distorted_vision, excessive_hunger, stiff_neck, depression, visual_disturbances,,,,,,,,,
Migraine, acidity, indigestion, headache, blurred_and_distorted_vision, excessive_hunger, stiff_neck, depression, irritability,,,,,,,,,
Cervical spondylosis, back_pain, weakness_in_limbs, neck_pain, dizziness, loss_of_balance,,,,,,,,,,,,
Cervical spondylosis, back_pain, weakness_in_limbs, neck_pain, dizziness, loss_of_balance,,,,,,,,,,,,
Cervical spondylosis, weakness_in_limbs, neck_pain, dizziness, loss_of_balance,,,,,,,,,,,,,
Cervical spondylosis, back_pain, neck_pain, dizziness, loss_of_balance,,,,,,,,,,,,,
Cervical spondylosis, back_pain, weakness_in_limbs, dizziness, loss_of_balance,,,,,,,,,,,,,
Cervical spondylosis, back_pain, weakness_in_limbs, neck_pain, loss_of_balance,,,,,,,,,,,,,
Cervical spondylosis, back_pain, weakness_in_limbs, neck_pain, dizziness,,,,,,,,,,,,,
Cervical spondylosis, back_pain, weakness_in_limbs, neck_pain, dizziness, loss_of_balance,,,,,,,,,,,,
Cervical spondylosis, weakness_in_limbs, neck_pain, dizziness, loss_of_balance,,,,,,,,,,,,,
Cervical spondylosis, back_pain, neck_pain, dizziness, loss_of_balance,,,,,,,,,,,,,
Paralysis (brain hemorrhage), vomiting, headache, weakness_of_one_body_side, altered_sensorium,,,,,,,,,,,,,
Paralysis (brain hemorrhage), vomiting, headache, weakness_of_one_body_side, altered_sensorium,,,,,,,,,,,,,
Paralysis (brain hemorrhage), headache, weakness_of_one_body_side, altered_sensorium,,,,,,,,,,,,,,
Paralysis (brain hemorrhage), vomiting, weakness_of_one_body_side, altered_sensorium,,,,,,,,,,,,,,
Paralysis (brain hemorrhage), vomiting, headache, altered_sensorium,,,,,,,,,,,,,,
Paralysis (brain hemorrhage), vomiting, headache, weakness_of_one_body_side,,,,,,,,,,,,,,
Paralysis (brain hemorrhage), vomiting, headache, weakness_of_one_body_side, altered_sensorium,,,,,,,,,,,,,
Paralysis (brain hemorrhage), headache, weakness_of_one_body_side, altered_sensorium,,,,,,,,,,,,,,
Paralysis (brain hemorrhage), vomiting, weakness_of_one_body_side, altered_sensorium,,,,,,,,,,,,,,
Paralysis (brain hemorrhage), vomiting, headache, altered_sensorium,,,,,,,,,,,,,,
Jaundice,itching, vomiting, fatigue, weight_loss, high_fever, yellowish_skin, dark_urine, abdominal_pain,,,,,,,,,
Jaundice,itching, vomiting, fatigue, weight_loss, high_fever, yellowish_skin, dark_urine, abdominal_pain,,,,,,,,,
Jaundice, vomiting, fatigue, weight_loss, high_fever, yellowish_skin, dark_urine, abdominal_pain,,,,,,,,,,
Jaundice,itching, fatigue, weight_loss, high_fever, yellowish_skin, dark_urine, abdominal_pain,,,,,,,,,,
Jaundice,itching, vomiting, weight_loss, high_fever, yellowish_skin, dark_urine, abdominal_pain,,,,,,,,,,
Jaundice,itching, vomiting, fatigue, high_fever, yellowish_skin, dark_urine, abdominal_pain,,,,,,,,,,
Jaundice,itching, vomiting, fatigue, weight_loss, yellowish_skin, dark_urine, abdominal_pain,,,,,,,,,,
Jaundice,itching, vomiting, fatigue, weight_loss, high_fever, dark_urine, abdominal_pain,,,,,,,,,,
Jaundice,itching, vomiting, fatigue, weight_loss, high_fever, yellowish_skin, abdominal_pain,,,,,,,,,,
Jaundice,itching, vomiting, fatigue, weight_loss, high_fever, yellowish_skin, dark_urine,,,,,,,,,,
Malaria, chills, vomiting, high_fever, sweating, headache, nausea, muscle_pain,,,,,,,,,,
Malaria, chills, vomiting, high_fever, sweating, headache, nausea, diarrhoea, muscle_pain,,,,,,,,,
Malaria, chills, vomiting, high_fever, sweating, headache, nausea, diarrhoea, muscle_pain,,,,,,,,,
Malaria, vomiting, high_fever, sweating, headache, nausea, diarrhoea, muscle_pain,,,,,,,,,,
Malaria, chills, high_fever, sweating, headache, nausea, diarrhoea, muscle_pain,,,,,,,,,,
Malaria, chills, vomiting, sweating, headache, nausea, diarrhoea, muscle_pain,,,,,,,,,,
Malaria, chills, vomiting, high_fever, headache, nausea, diarrhoea, muscle_pain,,,,,,,,,,
Malaria, chills, vomiting, high_fever, sweating, nausea, diarrhoea, muscle_pain,,,,,,,,,,
Malaria, chills, vomiting, high_fever, sweating, headache, diarrhoea, muscle_pain,,,,,,,,,,
Malaria, chills, vomiting, high_fever, sweating, headache, nausea, muscle_pain,,,,,,,,,,
Chicken pox,itching, skin_rash, fatigue, lethargy, high_fever, headache, loss_of_appetite, mild_fever, swelled_lymph_nodes, malaise, red_spots_over_body,,,,,,
Chicken pox, skin_rash, fatigue, lethargy, high_fever, headache, loss_of_appetite, mild_fever, swelled_lymph_nodes, malaise, red_spots_over_body,,,,,,,
Chicken pox,itching, fatigue, lethargy, high_fever, headache, loss_of_appetite, mild_fever, swelled_lymph_nodes, malaise, red_spots_over_body,,,,,,,
Chicken pox,itching, skin_rash, lethargy, high_fever, headache, loss_of_appetite, mild_fever, swelled_lymph_nodes, malaise, red_spots_over_body,,,,,,,
Chicken pox,itching, skin_rash, fatigue, high_fever, headache, loss_of_appetite, mild_fever, swelled_lymph_nodes, malaise, red_spots_over_body,,,,,,,
Chicken pox,itching, skin_rash, fatigue, lethargy, headache, loss_of_appetite, mild_fever, swelled_lymph_nodes, malaise, red_spots_over_body,,,,,,,
Chicken pox,itching, skin_rash, fatigue, lethargy, high_fever, loss_of_appetite, mild_fever, swelled_lymph_nodes, malaise, red_spots_over_body,,,,,,,
Chicken pox,itching, skin_rash, fatigue, lethargy, high_fever, headache, mild_fever, swelled_lymph_nodes, malaise, red_spots_over_body,,,,,,,
Chicken pox,itching, skin_rash, fatigue, lethargy, high_fever, headache, loss_of_appetite, swelled_lymph_nodes, malaise, red_spots_over_body,,,,,,,
Chicken pox,itching, skin_rash, fatigue, lethargy, high_fever, headache, loss_of_appetite, mild_fever, malaise, red_spots_over_body,,,,,,,
Dengue, skin_rash, chills, joint_pain, vomiting, fatigue, high_fever, headache, nausea, loss_of_appetite, pain_behind_the_eyes, back_pain, muscle_pain, red_spots_over_body,,,,
Dengue, skin_rash, chills, joint_pain, vomiting, fatigue, high_fever, headache, nausea, loss_of_appetite, pain_behind_the_eyes, back_pain, malaise, red_spots_over_body,,,,
Dengue, skin_rash, chills, joint_pain, vomiting, fatigue, high_fever, headache, nausea, loss_of_appetite, pain_behind_the_eyes, back_pain, malaise, muscle_pain,,,,
Dengue, skin_rash, chills, joint_pain, vomiting, fatigue, high_fever, headache, nausea, loss_of_appetite, pain_behind_the_eyes, back_pain, malaise, muscle_pain, red_spots_over_body,,,
Dengue, chills, joint_pain, vomiting, fatigue, high_fever, headache, nausea, loss_of_appetite, pain_behind_the_eyes, back_pain, malaise, muscle_pain, red_spots_over_body,,,,
Dengue, skin_rash, joint_pain, vomiting, fatigue, high_fever, headache, nausea, loss_of_appetite, pain_behind_the_eyes, back_pain, malaise, muscle_pain, red_spots_over_body,,,,
Dengue, skin_rash, chills, vomiting, fatigue, high_fever, headache, nausea, loss_of_appetite, pain_behind_the_eyes, back_pain, malaise, muscle_pain, red_spots_over_body,,,,
Dengue, skin_rash, chills, joint_pain, fatigue, high_fever, headache, nausea, loss_of_appetite, pain_behind_the_eyes, back_pain, malaise, muscle_pain, red_spots_over_body,,,,
Dengue, skin_rash, chills, joint_pain, vomiting, high_fever, headache, nausea, loss_of_appetite, pain_behind_the_eyes, back_pain, malaise, muscle_pain, red_spots_over_body,,,,
Dengue, skin_rash, chills, joint_pain, vomiting, fatigue, headache, nausea, loss_of_appetite, pain_behind_the_eyes, back_pain, malaise, muscle_pain, red_spots_over_body,,,,
Typhoid, chills, vomiting, fatigue, high_fever, nausea, constipation, abdominal_pain, diarrhoea, toxic_look_(typhos), belly_pain,,,,,,,
Typhoid, chills, vomiting, fatigue, high_fever, headache, constipation, abdominal_pain, diarrhoea, toxic_look_(typhos), belly_pain,,,,,,,
Typhoid, chills, vomiting, fatigue, high_fever, headache, nausea, abdominal_pain, diarrhoea, toxic_look_(typhos), belly_pain,,,,,,,
Typhoid, chills, vomiting, fatigue, high_fever, headache, nausea, constipation, diarrhoea, toxic_look_(typhos), belly_pain,,,,,,,
Typhoid, chills, vomiting, fatigue, high_fever, headache, nausea, constipation, abdominal_pain, toxic_look_(typhos), belly_pain,,,,,,,
Typhoid, chills, vomiting, fatigue, high_fever, headache, nausea, constipation, abdominal_pain, diarrhoea, belly_pain,,,,,,,
Typhoid, chills, vomiting, fatigue, high_fever, headache, nausea, constipation, abdominal_pain, diarrhoea, toxic_look_(typhos),,,,,,,
Typhoid, chills, vomiting, fatigue, high_fever, headache, nausea, constipation, abdominal_pain, diarrhoea, toxic_look_(typhos), belly_pain,,,,,,
Typhoid, chills, vomiting, fatigue, high_fever, headache, nausea, constipation, abdominal_pain, diarrhoea, toxic_look_(typhos), belly_pain,,,,,,
Typhoid, chills, fatigue, high_fever, headache, nausea, constipation, abdominal_pain, diarrhoea, toxic_look_(typhos), belly_pain,,,,,,,
hepatitis A, joint_pain, vomiting, yellowish_skin, dark_urine, nausea, loss_of_appetite, abdominal_pain, diarrhoea, mild_fever, yellowing_of_eyes, muscle_pain,,,,,,
hepatitis A, joint_pain, vomiting, yellowish_skin, dark_urine, nausea, loss_of_appetite, abdominal_pain, diarrhoea, mild_fever, yellowing_of_eyes, muscle_pain,,,,,,
hepatitis A, vomiting, yellowish_skin, dark_urine, nausea, loss_of_appetite, abdominal_pain, diarrhoea, mild_fever, yellowing_of_eyes, muscle_pain,,,,,,,
hepatitis A, joint_pain, yellowish_skin, dark_urine, nausea, loss_of_appetite, abdominal_pain, diarrhoea, mild_fever, yellowing_of_eyes, muscle_pain,,,,,,,
hepatitis A, joint_pain, vomiting, dark_urine, nausea, loss_of_appetite, abdominal_pain, diarrhoea, mild_fever, yellowing_of_eyes, muscle_pain,,,,,,,
hepatitis A, joint_pain, vomiting, yellowish_skin, nausea, loss_of_appetite, abdominal_pain, diarrhoea, mild_fever, yellowing_of_eyes, muscle_pain,,,,,,,
hepatitis A, joint_pain, vomiting, yellowish_skin, dark_urine, loss_of_appetite, abdominal_pain, diarrhoea, mild_fever, yellowing_of_eyes, muscle_pain,,,,,,,
hepatitis A, joint_pain, vomiting, yellowish_skin, dark_urine, nausea, abdominal_pain, diarrhoea, mild_fever, yellowing_of_eyes, muscle_pain,,,,,,,
hepatitis A, joint_pain, vomiting, yellowish_skin, dark_urine, nausea, loss_of_appetite, diarrhoea, mild_fever, yellowing_of_eyes, muscle_pain,,,,,,,
hepatitis A, joint_pain, vomiting, yellowish_skin, dark_urine, nausea, loss_of_appetite, abdominal_pain, mild_fever, yellowing_of_eyes, muscle_pain,,,,,,,
Hepatitis B,itching, fatigue, lethargy, yellowish_skin, dark_urine, loss_of_appetite, abdominal_pain, yellow_urine, yellowing_of_eyes, malaise, receiving_blood_transfusion, receiving_unsterile_injections,,,,,
Hepatitis B,itching, fatigue, lethargy, yellowish_skin, dark_urine, loss_of_appetite, abdominal_pain, yellow_urine, yellowing_of_eyes, malaise, receiving_blood_transfusion, receiving_unsterile_injections,,,,,
Hepatitis B, fatigue, lethargy, yellowish_skin, dark_urine, loss_of_appetite, abdominal_pain, yellow_urine, yellowing_of_eyes, malaise, receiving_blood_transfusion, receiving_unsterile_injections,,,,,,
Hepatitis B,itching, lethargy, yellowish_skin, dark_urine, loss_of_appetite, abdominal_pain, yellow_urine, yellowing_of_eyes, malaise, receiving_blood_transfusion, receiving_unsterile_injections,,,,,,
Hepatitis B,itching, fatigue, yellowish_skin, dark_urine, loss_of_appetite, abdominal_pain, yellow_urine, yellowing_of_eyes, malaise, receiving_blood_transfusion, receiving_unsterile_injections,,,,,,
Hepatitis B,itching, fatigue, lethargy, dark_urine, loss_of_appetite, abdominal_pain, yellow_urine, yellowing_of_eyes, malaise, receiving_blood_transfusion, receiving_unsterile_injections,,,,,,
Hepatitis B,itching, fatigue, lethargy, yellowish_skin, loss_of_appetite, abdominal_pain, yellow_urine, yellowing_of_eyes, malaise, receiving_blood_transfusion, receiving_unsterile_injections,,,,,,
Hepatitis B,itching, fatigue, lethargy, yellowish_skin, dark_urine, abdominal_pain, yellow_urine, yellowing_of_eyes, malaise, receiving_blood_transfusion, receiving_unsterile_injections,,,,,,
Hepatitis B,itching, fatigue, lethargy, yellowish_skin, dark_urine, loss_of_appetite, yellow_urine, yellowing_of_eyes, malaise, receiving_blood_transfusion, receiving_unsterile_injections,,,,,,
Hepatitis B,itching, fatigue, lethargy, yellowish_skin, dark_urine, loss_of_appetite, abdominal_pain, yellowing_of_eyes, malaise, receiving_blood_transfusion, receiving_unsterile_injections,,,,,,
Hepatitis C, fatigue, yellowish_skin, nausea, loss_of_appetite, family_history,,,,,,,,,,,,
Hepatitis C, fatigue, yellowish_skin, nausea, loss_of_appetite, yellowing_of_eyes, family_history,,,,,,,,,,,
Hepatitis C, yellowish_skin, nausea, loss_of_appetite, yellowing_of_eyes, family_history,,,,,,,,,,,,
Hepatitis C, fatigue, nausea, loss_of_appetite, yellowing_of_eyes, family_history,,,,,,,,,,,,
Hepatitis C, fatigue, yellowish_skin, loss_of_appetite, yellowing_of_eyes, family_history,,,,,,,,,,,,
Hepatitis C, fatigue, yellowish_skin, nausea, yellowing_of_eyes, family_history,,,,,,,,,,,,
Hepatitis C, fatigue, yellowish_skin, nausea, loss_of_appetite, family_history,,,,,,,,,,,,
Hepatitis C, fatigue, yellowish_skin, nausea, loss_of_appetite, yellowing_of_eyes,,,,,,,,,,,,
Hepatitis C, fatigue, yellowish_skin, nausea, loss_of_appetite, yellowing_of_eyes, family_history,,,,,,,,,,,
Hepatitis C, fatigue, yellowish_skin, nausea, loss_of_appetite, yellowing_of_eyes, family_history,,,,,,,,,,,
Hepatitis D, joint_pain, vomiting, fatigue, yellowish_skin, dark_urine, nausea, loss_of_appetite, abdominal_pain, yellowing_of_eyes,,,,,,,,
Hepatitis D, vomiting, fatigue, yellowish_skin, dark_urine, nausea, loss_of_appetite, abdominal_pain, yellowing_of_eyes,,,,,,,,,
Hepatitis D, joint_pain, fatigue, yellowish_skin, dark_urine, nausea, loss_of_appetite, abdominal_pain, yellowing_of_eyes,,,,,,,,,
Hepatitis D, joint_pain, vomiting, yellowish_skin, dark_urine, nausea, loss_of_appetite, abdominal_pain, yellowing_of_eyes,,,,,,,,,
Hepatitis D, joint_pain, vomiting, fatigue, dark_urine, nausea, loss_of_appetite, abdominal_pain, yellowing_of_eyes,,,,,,,,,
Hepatitis D, joint_pain, vomiting, fatigue, yellowish_skin, nausea, loss_of_appetite, abdominal_pain, yellowing_of_eyes,,,,,,,,,
Hepatitis D, joint_pain, vomiting, fatigue, yellowish_skin, dark_urine, loss_of_appetite, abdominal_pain, yellowing_of_eyes,,,,,,,,,
Hepatitis D, joint_pain, vomiting, fatigue, yellowish_skin, dark_urine, nausea, abdominal_pain, yellowing_of_eyes,,,,,,,,,
Hepatitis D, joint_pain, vomiting, fatigue, yellowish_skin, dark_urine, nausea, loss_of_appetite, yellowing_of_eyes,,,,,,,,,
Hepatitis D, joint_pain, vomiting, fatigue, yellowish_skin, dark_urine, nausea, loss_of_appetite, abdominal_pain,,,,,,,,,
Hepatitis E, joint_pain, vomiting, fatigue, high_fever, yellowish_skin, dark_urine, nausea, loss_of_appetite, abdominal_pain, yellowing_of_eyes, coma, stomach_bleeding,,,,,
Hepatitis E, joint_pain, vomiting, fatigue, high_fever, yellowish_skin, dark_urine, nausea, loss_of_appetite, abdominal_pain, yellowing_of_eyes, acute_liver_failure, coma, stomach_bleeding,,,,
Hepatitis E, joint_pain, vomiting, fatigue, high_fever, yellowish_skin, dark_urine, nausea, loss_of_appetite, abdominal_pain, yellowing_of_eyes, acute_liver_failure, coma, stomach_bleeding,,,,
Hepatitis E, vomiting, fatigue, high_fever, yellowish_skin, dark_urine, nausea, loss_of_appetite, abdominal_pain, yellowing_of_eyes, acute_liver_failure, coma, stomach_bleeding,,,,,
Hepatitis E, joint_pain, fatigue, high_fever, yellowish_skin, dark_urine, nausea, loss_of_appetite, abdominal_pain, yellowing_of_eyes, acute_liver_failure, coma, stomach_bleeding,,,,,
Hepatitis E, joint_pain, vomiting, high_fever, yellowish_skin, dark_urine, nausea, loss_of_appetite, abdominal_pain, yellowing_of_eyes, acute_liver_failure, coma, stomach_bleeding,,,,,
Hepatitis E, joint_pain, vomiting, fatigue, yellowish_skin, dark_urine, nausea, loss_of_appetite, abdominal_pain, yellowing_of_eyes, acute_liver_failure, coma, stomach_bleeding,,,,,
Hepatitis E, joint_pain, vomiting, fatigue, high_fever, dark_urine, nausea, loss_of_appetite, abdominal_pain, yellowing_of_eyes, acute_liver_failure, coma, stomach_bleeding,,,,,
Hepatitis E, joint_pain, vomiting, fatigue, high_fever, yellowish_skin, nausea, loss_of_appetite, abdominal_pain, yellowing_of_eyes, acute_liver_failure, coma, stomach_bleeding,,,,,
Hepatitis E, joint_pain, vomiting, fatigue, high_fever, yellowish_skin, dark_urine, loss_of_appetite, abdominal_pain, yellowing_of_eyes, acute_liver_failure, coma, stomach_bleeding,,,,,
Alcoholic hepatitis, vomiting, yellowish_skin, abdominal_pain, swelling_of_stomach, distention_of_abdomen, history_of_alcohol_consumption, fluid_overload,,,,,,,,,,
Alcoholic hepatitis, vomiting, yellowish_skin, abdominal_pain, swelling_of_stomach, distention_of_abdomen, history_of_alcohol_consumption, fluid_overload,,,,,,,,,,
Alcoholic hepatitis, yellowish_skin, abdominal_pain, swelling_of_stomach, distention_of_abdomen, history_of_alcohol_consumption, fluid_overload,,,,,,,,,,,
Alcoholic hepatitis, vomiting, abdominal_pain, swelling_of_stomach, distention_of_abdomen, history_of_alcohol_consumption, fluid_overload,,,,,,,,,,,
Alcoholic hepatitis, vomiting, yellowish_skin, swelling_of_stomach, distention_of_abdomen, history_of_alcohol_consumption, fluid_overload,,,,,,,,,,,
Alcoholic hepatitis, vomiting, yellowish_skin, abdominal_pain, distention_of_abdomen, history_of_alcohol_consumption, fluid_overload,,,,,,,,,,,
Alcoholic hepatitis, vomiting, yellowish_skin, abdominal_pain, swelling_of_stomach, history_of_alcohol_consumption, fluid_overload,,,,,,,,,,,
Alcoholic hepatitis, vomiting, yellowish_skin, abdominal_pain, swelling_of_stomach, distention_of_abdomen, fluid_overload,,,,,,,,,,,
Alcoholic hepatitis, vomiting, yellowish_skin, abdominal_pain, swelling_of_stomach, distention_of_abdomen, history_of_alcohol_consumption,,,,,,,,,,,
Alcoholic hepatitis, vomiting, yellowish_skin, abdominal_pain, swelling_of_stomach, distention_of_abdomen, history_of_alcohol_consumption, fluid_overload,,,,,,,,,,
Tuberculosis, chills, vomiting, fatigue, weight_loss, cough, high_fever, breathlessness, sweating, loss_of_appetite, mild_fever, yellowing_of_eyes, swelled_lymph_nodes, malaise, phlegm, chest_pain, blood_in_sputum,
Tuberculosis, chills, vomiting, fatigue, weight_loss, cough, high_fever, breathlessness, sweating, loss_of_appetite, mild_fever, yellowing_of_eyes, swelled_lymph_nodes, malaise, phlegm, chest_pain, blood_in_sputum,
Tuberculosis, vomiting, fatigue, weight_loss, cough, high_fever, breathlessness, sweating, loss_of_appetite, mild_fever, yellowing_of_eyes, swelled_lymph_nodes, malaise, phlegm, chest_pain, blood_in_sputum,,
Tuberculosis, chills, fatigue, weight_loss, cough, high_fever, breathlessness, sweating, loss_of_appetite, mild_fever, yellowing_of_eyes, swelled_lymph_nodes, malaise, phlegm, chest_pain, blood_in_sputum,,
Tuberculosis, chills, vomiting, weight_loss, cough, high_fever, breathlessness, sweating, loss_of_appetite, mild_fever, yellowing_of_eyes, swelled_lymph_nodes, malaise, phlegm, chest_pain, blood_in_sputum,,
Tuberculosis, chills, vomiting, fatigue, cough, high_fever, breathlessness, sweating, loss_of_appetite, mild_fever, yellowing_of_eyes, swelled_lymph_nodes, malaise, phlegm, chest_pain, blood_in_sputum,,
Tuberculosis, chills, vomiting, fatigue, weight_loss, high_fever, breathlessness, sweating, loss_of_appetite, mild_fever, yellowing_of_eyes, swelled_lymph_nodes, malaise, phlegm, chest_pain, blood_in_sputum,,
Tuberculosis, chills, vomiting, fatigue, weight_loss, cough, breathlessness, sweating, loss_of_appetite, mild_fever, yellowing_of_eyes, swelled_lymph_nodes, malaise, phlegm, chest_pain, blood_in_sputum,,
Tuberculosis, chills, vomiting, fatigue, weight_loss, cough, high_fever, sweating, loss_of_appetite, mild_fever, yellowing_of_eyes, swelled_lymph_nodes, malaise, phlegm, chest_pain, blood_in_sputum,,
Tuberculosis, chills, vomiting, fatigue, weight_loss, cough, high_fever, breathlessness, loss_of_appetite, mild_fever, yellowing_of_eyes, swelled_lymph_nodes, malaise, phlegm, chest_pain, blood_in_sputum,,
Common Cold, continuous_sneezing, chills, fatigue, cough, high_fever, headache, swelled_lymph_nodes, malaise, phlegm, throat_irritation, redness_of_eyes, sinus_pressure, runny_nose, congestion, chest_pain, loss_of_smell, muscle_pain
Common Cold, continuous_sneezing, chills, fatigue, cough, high_fever, headache, swelled_lymph_nodes, malaise, phlegm, throat_irritation, redness_of_eyes, sinus_pressure, runny_nose, congestion, chest_pain, loss_of_smell, muscle_pain
Common Cold, chills, fatigue, cough, high_fever, headache, swelled_lymph_nodes, malaise, phlegm, throat_irritation, redness_of_eyes, sinus_pressure, runny_nose, congestion, chest_pain, loss_of_smell, muscle_pain,
Common Cold, continuous_sneezing, fatigue, cough, high_fever, headache, swelled_lymph_nodes, malaise, phlegm, throat_irritation, redness_of_eyes, sinus_pressure, runny_nose, congestion, chest_pain, loss_of_smell, muscle_pain,
Common Cold, continuous_sneezing, chills, cough, high_fever, headache, swelled_lymph_nodes, malaise, phlegm, throat_irritation, redness_of_eyes, sinus_pressure, runny_nose, congestion, chest_pain, loss_of_smell, muscle_pain,
Common Cold, continuous_sneezing, chills, fatigue, high_fever, headache, swelled_lymph_nodes, malaise, phlegm, throat_irritation, redness_of_eyes, sinus_pressure, runny_nose, congestion, chest_pain, loss_of_smell, muscle_pain,
Common Cold, continuous_sneezing, chills, fatigue, cough, headache, swelled_lymph_nodes, malaise, phlegm, throat_irritation, redness_of_eyes, sinus_pressure, runny_nose, congestion, chest_pain, loss_of_smell, muscle_pain,
Common Cold, continuous_sneezing, chills, fatigue, cough, high_fever, swelled_lymph_nodes, malaise, phlegm, throat_irritation, redness_of_eyes, sinus_pressure, runny_nose, congestion, chest_pain, loss_of_smell, muscle_pain,
Common Cold, continuous_sneezing, chills, fatigue, cough, high_fever, headache, malaise, phlegm, throat_irritation, redness_of_eyes, sinus_pressure, runny_nose, congestion, chest_pain, loss_of_smell, muscle_pain,
Common Cold, continuous_sneezing, chills, fatigue, cough, high_fever, headache, swelled_lymph_nodes, phlegm, throat_irritation, redness_of_eyes, sinus_pressure, runny_nose, congestion, chest_pain, loss_of_smell, muscle_pain,
Pneumonia, chills, fatigue, cough, high_fever, breathlessness, sweating, malaise, chest_pain, fast_heart_rate, rusty_sputum,,,,,,,
Pneumonia, chills, fatigue, cough, high_fever, breathlessness, sweating, malaise, phlegm, chest_pain, fast_heart_rate, rusty_sputum,,,,,,
Pneumonia, chills, fatigue, cough, high_fever, breathlessness, sweating, malaise, phlegm, chest_pain, fast_heart_rate, rusty_sputum,,,,,,
Pneumonia, fatigue, cough, high_fever, breathlessness, sweating, malaise, phlegm, chest_pain, fast_heart_rate, rusty_sputum,,,,,,,
Pneumonia, chills, cough, high_fever, breathlessness, sweating, malaise, phlegm, chest_pain, fast_heart_rate, rusty_sputum,,,,,,,
Pneumonia, chills, fatigue, high_fever, breathlessness, sweating, malaise, phlegm, chest_pain, fast_heart_rate, rusty_sputum,,,,,,,
Pneumonia, chills, fatigue, cough, breathlessness, sweating, malaise, phlegm, chest_pain, fast_heart_rate, rusty_sputum,,,,,,,
Pneumonia, chills, fatigue, cough, high_fever, sweating, malaise, phlegm, chest_pain, fast_heart_rate, rusty_sputum,,,,,,,
Pneumonia, chills, fatigue, cough, high_fever, breathlessness, malaise, phlegm, chest_pain, fast_heart_rate, rusty_sputum,,,,,,,
Pneumonia, chills, fatigue, cough, high_fever, breathlessness, sweating, phlegm, chest_pain, fast_heart_rate, rusty_sputum,,,,,,,
Dimorphic hemmorhoids(piles), constipation, pain_during_bowel_movements, pain_in_anal_region, bloody_stool, irritation_in_anus,,,,,,,,,,,,
Dimorphic hemmorhoids(piles), constipation, pain_during_bowel_movements, pain_in_anal_region, bloody_stool, irritation_in_anus,,,,,,,,,,,,
Dimorphic hemmorhoids(piles), constipation, pain_during_bowel_movements, pain_in_anal_region, bloody_stool, irritation_in_anus,,,,,,,,,,,,
Dimorphic hemmorhoids(piles), pain_during_bowel_movements, pain_in_anal_region, bloody_stool, irritation_in_anus,,,,,,,,,,,,,
Dimorphic hemmorhoids(piles), constipation, pain_in_anal_region, bloody_stool, irritation_in_anus,,,,,,,,,,,,,
Dimorphic hemmorhoids(piles), constipation, pain_during_bowel_movements, bloody_stool, irritation_in_anus,,,,,,,,,,,,,
Dimorphic hemmorhoids(piles), constipation, pain_during_bowel_movements, pain_in_anal_region, irritation_in_anus,,,,,,,,,,,,,
Dimorphic hemmorhoids(piles), constipation, pain_during_bowel_movements, pain_in_anal_region, bloody_stool,,,,,,,,,,,,,
Dimorphic hemmorhoids(piles), constipation, pain_during_bowel_movements, pain_in_anal_region, bloody_stool, irritation_in_anus,,,,,,,,,,,,
Dimorphic hemmorhoids(piles), constipation, pain_during_bowel_movements, pain_in_anal_region, bloody_stool, irritation_in_anus,,,,,,,,,,,,
Heart attack, vomiting, breathlessness, sweating, chest_pain,,,,,,,,,,,,,
Heart attack, vomiting, breathlessness, sweating, chest_pain,,,,,,,,,,,,,
Heart attack, breathlessness, sweating, chest_pain,,,,,,,,,,,,,,
Heart attack, vomiting, sweating, chest_pain,,,,,,,,,,,,,,
Heart attack, vomiting, breathlessness, chest_pain,,,,,,,,,,,,,,
Heart attack, vomiting, breathlessness, sweating,,,,,,,,,,,,,,
Heart attack, vomiting, breathlessness, sweating, chest_pain,,,,,,,,,,,,,
Heart attack, breathlessness, sweating, chest_pain,,,,,,,,,,,,,,
Heart attack, vomiting, sweating, chest_pain,,,,,,,,,,,,,,
Heart attack, vomiting, breathlessness, chest_pain,,,,,,,,,,,,,,
Varicose veins, fatigue, cramps, bruising, obesity, swollen_legs, swollen_blood_vessels, prominent_veins_on_calf,,,,,,,,,,
Varicose veins, fatigue, cramps, bruising, obesity, swollen_legs, swollen_blood_vessels, prominent_veins_on_calf,,,,,,,,,,
Varicose veins, cramps, bruising, obesity, swollen_legs, swollen_blood_vessels, prominent_veins_on_calf,,,,,,,,,,,
Varicose veins, fatigue, bruising, obesity, swollen_legs, swollen_blood_vessels, prominent_veins_on_calf,,,,,,,,,,,
Varicose veins, fatigue, cramps, obesity, swollen_legs, swollen_blood_vessels, prominent_veins_on_calf,,,,,,,,,,,
Varicose veins, fatigue, cramps, bruising, swollen_legs, swollen_blood_vessels, prominent_veins_on_calf,,,,,,,,,,,
Varicose veins, fatigue, cramps, bruising, obesity, swollen_blood_vessels, prominent_veins_on_calf,,,,,,,,,,,
Varicose veins, fatigue, cramps, bruising, obesity, swollen_legs, prominent_veins_on_calf,,,,,,,,,,,
Varicose veins, fatigue, cramps, bruising, obesity, swollen_legs, swollen_blood_vessels,,,,,,,,,,,
Varicose veins, fatigue, cramps, bruising, obesity, swollen_legs, prominent_veins_on_calf,,,,,,,,,,,
Hypothyroidism, fatigue, weight_gain, cold_hands_and_feets, mood_swings, lethargy, dizziness, puffy_face_and_eyes, enlarged_thyroid, brittle_nails, swollen_extremeties, depression, irritability, abnormal_menstruation,,,,
Hypothyroidism, fatigue, weight_gain, cold_hands_and_feets, mood_swings, lethargy, dizziness, puffy_face_and_eyes, enlarged_thyroid, brittle_nails, swollen_extremeties, depression, irritability, abnormal_menstruation,,,,
Hypothyroidism, weight_gain, cold_hands_and_feets, mood_swings, lethargy, dizziness, puffy_face_and_eyes, enlarged_thyroid, brittle_nails, swollen_extremeties, depression, irritability, abnormal_menstruation,,,,,
Hypothyroidism, weight_gain, cold_hands_and_feets, mood_swings, lethargy, dizziness, puffy_face_and_eyes, enlarged_thyroid, brittle_nails, swollen_extremeties, depression, irritability, abnormal_menstruation,,,,,
Hypothyroidism, fatigue, cold_hands_and_feets, mood_swings, lethargy, dizziness, puffy_face_and_eyes, enlarged_thyroid, brittle_nails, swollen_extremeties, depression, irritability, abnormal_menstruation,,,,,
Hypothyroidism, fatigue, weight_gain, mood_swings, lethargy, dizziness, puffy_face_and_eyes, enlarged_thyroid, brittle_nails, swollen_extremeties, depression, irritability, abnormal_menstruation,,,,,
Hypothyroidism, fatigue, weight_gain, cold_hands_and_feets, lethargy, dizziness, puffy_face_and_eyes, enlarged_thyroid, brittle_nails, swollen_extremeties, depression, irritability, abnormal_menstruation,,,,,
Hypothyroidism, fatigue, weight_gain, cold_hands_and_feets, mood_swings, dizziness, puffy_face_and_eyes, enlarged_thyroid, brittle_nails, swollen_extremeties, depression, irritability, abnormal_menstruation,,,,,
Hypothyroidism, fatigue, weight_gain, cold_hands_and_feets, mood_swings, lethargy, puffy_face_and_eyes, enlarged_thyroid, brittle_nails, swollen_extremeties, depression, irritability, abnormal_menstruation,,,,,
Hypothyroidism, fatigue, weight_gain, cold_hands_and_feets, mood_swings, lethargy, dizziness, enlarged_thyroid, brittle_nails, swollen_extremeties, depression, irritability, abnormal_menstruation,,,,,
Hyperthyroidism, fatigue, mood_swings, weight_loss, restlessness, sweating, diarrhoea, fast_heart_rate, excessive_hunger, muscle_weakness, irritability, abnormal_menstruation,,,,,,
Hyperthyroidism, fatigue, mood_swings, weight_loss, restlessness, sweating, diarrhoea, fast_heart_rate, excessive_hunger, muscle_weakness, irritability, abnormal_menstruation,,,,,,
Hyperthyroidism, mood_swings, weight_loss, restlessness, sweating, diarrhoea, fast_heart_rate, excessive_hunger, muscle_weakness, irritability, abnormal_menstruation,,,,,,,
Hyperthyroidism, fatigue, weight_loss, restlessness, sweating, diarrhoea, fast_heart_rate, excessive_hunger, muscle_weakness, irritability, abnormal_menstruation,,,,,,,
Hyperthyroidism, fatigue, mood_swings, restlessness, sweating, diarrhoea, fast_heart_rate, excessive_hunger, muscle_weakness, irritability, abnormal_menstruation,,,,,,,
Hyperthyroidism, fatigue, mood_swings, weight_loss, sweating, diarrhoea, fast_heart_rate, excessive_hunger, muscle_weakness, irritability, abnormal_menstruation,,,,,,,
Hyperthyroidism, fatigue, mood_swings, weight_loss, restlessness, diarrhoea, fast_heart_rate, excessive_hunger, muscle_weakness, irritability, abnormal_menstruation,,,,,,,
Hyperthyroidism, fatigue, mood_swings, weight_loss, restlessness, sweating, fast_heart_rate, excessive_hunger, muscle_weakness, irritability, abnormal_menstruation,,,,,,,
Hyperthyroidism, fatigue, mood_swings, weight_loss, restlessness, sweating, diarrhoea, excessive_hunger, muscle_weakness, irritability, abnormal_menstruation,,,,,,,
Hyperthyroidism, fatigue, mood_swings, weight_loss, restlessness, sweating, diarrhoea, fast_heart_rate, muscle_weakness, irritability, abnormal_menstruation,,,,,,,
Hypoglycemia, vomiting, fatigue, anxiety, sweating, headache, nausea, blurred_and_distorted_vision, excessive_hunger, slurred_speech, irritability, palpitations,,,,,,
Hypoglycemia, vomiting, fatigue, anxiety, sweating, headache, nausea, blurred_and_distorted_vision, excessive_hunger, drying_and_tingling_lips, slurred_speech, irritability, palpitations,,,,,
Hypoglycemia, vomiting, fatigue, anxiety, sweating, headache, nausea, blurred_and_distorted_vision, excessive_hunger, drying_and_tingling_lips, slurred_speech, irritability, palpitations,,,,,
Hypoglycemia, fatigue, anxiety, sweating, headache, nausea, blurred_and_distorted_vision, excessive_hunger, drying_and_tingling_lips, slurred_speech, irritability, palpitations,,,,,,
Hypoglycemia, vomiting, anxiety, sweating, headache, nausea, blurred_and_distorted_vision, excessive_hunger, drying_and_tingling_lips, slurred_speech, irritability, palpitations,,,,,,
Hypoglycemia, vomiting, fatigue, sweating, headache, nausea, blurred_and_distorted_vision, excessive_hunger, drying_and_tingling_lips, slurred_speech, irritability, palpitations,,,,,,
Hypoglycemia, vomiting, fatigue, anxiety, headache, nausea, blurred_and_distorted_vision, excessive_hunger, drying_and_tingling_lips, slurred_speech, irritability, palpitations,,,,,,
Hypoglycemia, vomiting, fatigue, anxiety, sweating, nausea, blurred_and_distorted_vision, excessive_hunger, drying_and_tingling_lips, slurred_speech, irritability, palpitations,,,,,,
Hypoglycemia, vomiting, fatigue, anxiety, sweating, headache, blurred_and_distorted_vision, excessive_hunger, drying_and_tingling_lips, slurred_speech, irritability, palpitations,,,,,,
Hypoglycemia, vomiting, fatigue, anxiety, sweating, headache, nausea, excessive_hunger, drying_and_tingling_lips, slurred_speech, irritability, palpitations,,,,,,
Osteoarthristis, joint_pain, neck_pain, knee_pain, hip_joint_pain, swelling_joints, painful_walking,,,,,,,,,,,
Osteoarthristis, joint_pain, neck_pain, knee_pain, hip_joint_pain, swelling_joints, painful_walking,,,,,,,,,,,
Osteoarthristis, neck_pain, knee_pain, hip_joint_pain, swelling_joints, painful_walking,,,,,,,,,,,,
Osteoarthristis, joint_pain, knee_pain, hip_joint_pain, swelling_joints, painful_walking,,,,,,,,,,,,
Osteoarthristis, joint_pain, neck_pain, hip_joint_pain, swelling_joints, painful_walking,,,,,,,,,,,,
Osteoarthristis, joint_pain, neck_pain, knee_pain, swelling_joints, painful_walking,,,,,,,,,,,,
Osteoarthristis, joint_pain, neck_pain, knee_pain, hip_joint_pain, painful_walking,,,,,,,,,,,,
Osteoarthristis, joint_pain, neck_pain, knee_pain, hip_joint_pain, swelling_joints,,,,,,,,,,,,
Osteoarthristis, joint_pain, neck_pain, knee_pain, hip_joint_pain, swelling_joints, painful_walking,,,,,,,,,,,
Osteoarthristis, joint_pain, neck_pain, knee_pain, hip_joint_pain, swelling_joints, painful_walking,,,,,,,,,,,
Arthritis, muscle_weakness, stiff_neck, swelling_joints, movement_stiffness, painful_walking,,,,,,,,,,,,
Arthritis, muscle_weakness, stiff_neck, swelling_joints, movement_stiffness, painful_walking,,,,,,,,,,,,
Arthritis, stiff_neck, swelling_joints, movement_stiffness, painful_walking,,,,,,,,,,,,,
Arthritis, muscle_weakness, swelling_joints, movement_stiffness, painful_walking,,,,,,,,,,,,,
Arthritis, muscle_weakness, stiff_neck, movement_stiffness, painful_walking,,,,,,,,,,,,,
Arthritis, muscle_weakness, stiff_neck, swelling_joints, painful_walking,,,,,,,,,,,,,
Arthritis, muscle_weakness, stiff_neck, swelling_joints, movement_stiffness, painful_walking,,,,,,,,,,,,
Arthritis, muscle_weakness, stiff_neck, swelling_joints, movement_stiffness,,,,,,,,,,,,,
Arthritis, muscle_weakness, stiff_neck, swelling_joints, movement_stiffness, painful_walking,,,,,,,,,,,,
Arthritis, muscle_weakness, stiff_neck, swelling_joints, movement_stiffness, painful_walking,,,,,,,,,,,,
(vertigo) Paroymsal  Positional Vertigo, vomiting, headache, nausea, spinning_movements, loss_of_balance, unsteadiness,,,,,,,,,,,
(vertigo) Paroymsal  Positional Vertigo, vomiting, headache, nausea, spinning_movements, loss_of_balance, unsteadiness,,,,,,,,,,,
(vertigo) Paroymsal  Positional Vertigo, headache, nausea, spinning_movements, loss_of_balance, unsteadiness,,,,,,,,,,,,
(vertigo) Paroymsal  Positional Vertigo, vomiting, nausea, spinning_movements, loss_of_balance, unsteadiness,,,,,,,,,,,,
(vertigo) Paroymsal  Positional Vertigo, vomiting, headache, spinning_movements, loss_of_balance, unsteadiness,,,,,,,,,,,,
(vertigo) Paroymsal  Positional Vertigo, vomiting, headache, nausea, loss_of_balance, unsteadiness,,,,,,,,,,,,
(vertigo) Paroymsal  Positional Vertigo, vomiting, headache, nausea, spinning_movements, unsteadiness,,,,,,,,,,,,
(vertigo) Paroymsal  Positional Vertigo, vomiting, headache, nausea, spinning_movements, loss_of_balance,,,,,,,,,,,,
(vertigo) Paroymsal  Positional Vertigo, vomiting, headache, nausea, spinning_movements, loss_of_balance, unsteadiness,,,,,,,,,,,
(vertigo) Paroymsal  Positional Vertigo, vomiting, headache, nausea, loss_of_balance, unsteadiness,,,,,,,,,,,,
Acne, skin_rash, pus_filled_pimples, blackheads, scurring,,,,,,,,,,,,,
Acne, skin_rash, pus_filled_pimples, blackheads, scurring,,,,,,,,,,,,,
Acne, pus_filled_pimples, blackheads, scurring,,,,,,,,,,,,,,
Acne, skin_rash, blackheads, scurring,,,,,,,,,,,,,,
Acne, skin_rash, pus_filled_pimples, scurring,,,,,,,,,,,,,,
Acne, skin_rash, pus_filled_pimples, blackheads,,,,,,,,,,,,,,
Acne, skin_rash, pus_filled_pimples, blackheads, scurring,,,,,,,,,,,,,
Acne, skin_rash, pus_filled_pimples, blackheads,,,,,,,,,,,,,,
Acne, skin_rash, pus_filled_pimples, scurring,,,,,,,,,,,,,,
Acne, skin_rash, blackheads, scurring,,,,,,,,,,,,,,
Urinary tract infection, burning_micturition, bladder_discomfort, foul_smell_of urine, continuous_feel_of_urine,,,,,,,,,,,,,
Urinary tract infection, burning_micturition, bladder_discomfort, foul_smell_of urine, continuous_feel_of_urine,,,,,,,,,,,,,
Urinary tract infection, bladder_discomfort, foul_smell_of urine, continuous_feel_of_urine,,,,,,,,,,,,,,
Urinary tract infection, burning_micturition, foul_smell_of urine, continuous_feel_of_urine,,,,,,,,,,,,,,
Urinary tract infection, burning_micturition, bladder_discomfort, continuous_feel_of_urine,,,,,,,,,,,,,,
Urinary tract infection, burning_micturition, bladder_discomfort, foul_smell_of urine,,,,,,,,,,,,,,
Urinary tract infection, burning_micturition, bladder_discomfort, foul_smell_of urine, continuous_feel_of_urine,,,,,,,,,,,,,
Urinary tract infection, burning_micturition, bladder_discomfort, continuous_feel_of_urine,,,,,,,,,,,,,,
Urinary tract infection, bladder_discomfort, foul_smell_of urine, continuous_feel_of_urine,,,,,,,,,,,,,,
Urinary tract infection, burning_micturition, bladder_discomfort, continuous_feel_of_urine,,,,,,,,,,,,,,
Psoriasis, skin_rash, joint_pain, skin_peeling, silver_like_dusting, small_dents_in_nails, inflammatory_nails,,,,,,,,,,,
Psoriasis, skin_rash, joint_pain, skin_peeling, silver_like_dusting, small_dents_in_nails, inflammatory_nails,,,,,,,,,,,
Psoriasis, joint_pain, skin_peeling, silver_like_dusting, small_dents_in_nails, inflammatory_nails,,,,,,,,,,,,
Psoriasis, skin_rash, skin_peeling, silver_like_dusting, small_dents_in_nails, inflammatory_nails,,,,,,,,,,,,
Psoriasis, skin_rash, joint_pain, silver_like_dusting, small_dents_in_nails, inflammatory_nails,,,,,,,,,,,,
Psoriasis, skin_rash, joint_pain, skin_peeling, small_dents_in_nails, inflammatory_nails,,,,,,,,,,,,
Psoriasis, skin_rash, joint_pain, skin_peeling, silver_like_dusting, inflammatory_nails,,,,,,,,,,,,
Psoriasis, skin_rash, joint_pain, skin_peeling, silver_like_dusting, small_dents_in_nails,,,,,,,,,,,,
Psoriasis, skin_rash, joint_pain, skin_peeling, silver_like_dusting, small_dents_in_nails, inflammatory_nails,,,,,,,,,,,
Psoriasis, skin_rash, joint_pain, skin_peeling, silver_like_dusting, small_dents_in_nails, inflammatory_nails,,,,,,,,,,,
Impetigo, skin_rash, high_fever, blister, red_sore_around_nose, yellow_crust_ooze,,,,,,,,,,,,
Impetigo, skin_rash, high_fever, blister, red_sore_around_nose, yellow_crust_ooze,,,,,,,,,,,,
Impetigo, high_fever, blister, red_sore_around_nose, yellow_crust_ooze,,,,,,,,,,,,,
Impetigo, skin_rash, blister, red_sore_around_nose, yellow_crust_ooze,,,,,,,,,,,,,
Impetigo, skin_rash, blister, red_sore_around_nose, yellow_crust_ooze,,,,,,,,,,,,,
Impetigo, skin_rash, high_fever, red_sore_around_nose, yellow_crust_ooze,,,,,,,,,,,,,
Impetigo, skin_rash, high_fever, blister, yellow_crust_ooze,,,,,,,,,,,,,
Impetigo, skin_rash, high_fever, blister, red_sore_around_nose,,,,,,,,,,,,,
Impetigo, skin_rash, high_fever, blister, red_sore_around_nose, yellow_crust_ooze,,,,,,,,,,,,
Impetigo, skin_rash, blister, red_sore_around_nose, yellow_crust_ooze,,,,,,,,,,,,,
Fungal infection,itching, skin_rash, nodal_skin_eruptions, dischromic _patches,,,,,,,,,,,,,
Fungal infection, skin_rash, nodal_skin_eruptions, dischromic _patches,,,,,,,,,,,,,,
Fungal infection,itching, nodal_skin_eruptions, dischromic _patches,,,,,,,,,,,,,,
Fungal infection,itching, skin_rash, dischromic _patches,,,,,,,,,,,,,,
Fungal infection,itching, skin_rash, nodal_skin_eruptions,,,,,,,,,,,,,,
Fungal infection, skin_rash, nodal_skin_eruptions, dischromic _patches,,,,,,,,,,,,,,
Fungal infection,itching, nodal_skin_eruptions, dischromic _patches,,,,,,,,,,,,,,
Fungal infection,itching, skin_rash, dischromic _patches,,,,,,,,,,,,,,
Fungal infection,itching, skin_rash, nodal_skin_eruptions,,,,,,,,,,,,,,
Fungal infection,itching, skin_rash, nodal_skin_eruptions, dischromic _patches,,,,,,,,,,,,,
Allergy, continuous_sneezing, shivering, chills, watering_from_eyes,,,,,,,,,,,,,
Allergy, shivering, chills, watering_from_eyes,,,,,,,,,,,,,,
Allergy, continuous_sneezing, chills, watering_from_eyes,,,,,,,,,,,,,,
Allergy, continuous_sneezing, shivering, watering_from_eyes,,,,,,,,,,,,,,
Allergy, continuous_sneezing, shivering, chills,,,,,,,,,,,,,,
Allergy, shivering, chills, watering_from_eyes,,,,,,,,,,,,,,
Allergy, continuous_sneezing, chills, watering_from_eyes,,,,,,,,,,,,,,
Allergy, continuous_sneezing, shivering, watering_from_eyes,,,,,,,,,,,,,,
Allergy, continuous_sneezing, shivering, chills,,,,,,,,,,,,,,
Allergy, continuous_sneezing, shivering, chills, watering_from_eyes,,,,,,,,,,,,,
GERD, stomach_pain, acidity, ulcers_on_tongue, vomiting, cough, chest_pain,,,,,,,,,,,
GERD, stomach_pain, ulcers_on_tongue, vomiting, cough, chest_pain,,,,,,,,,,,,
GERD, stomach_pain, acidity, vomiting, cough, chest_pain,,,,,,,,,,,,
GERD, stomach_pain, acidity, ulcers_on_tongue, cough, chest_pain,,,,,,,,,,,,
GERD, stomach_pain, acidity, ulcers_on_tongue, vomiting, chest_pain,,,,,,,,,,,,
GERD, stomach_pain, acidity, ulcers_on_tongue, vomiting, cough,,,,,,,,,,,,
GERD, acidity, ulcers_on_tongue, vomiting, cough, chest_pain,,,,,,,,,,,,
GERD, stomach_pain, ulcers_on_tongue, vomiting, cough, chest_pain,,,,,,,,,,,,
GERD, stomach_pain, acidity, vomiting, cough, chest_pain,,,,,,,,,,,,
GERD, stomach_pain, acidity, ulcers_on_tongue, cough, chest_pain,,,,,,,,,,,,
Chronic cholestasis,itching, vomiting, yellowish_skin, nausea, loss_of_appetite, abdominal_pain, yellowing_of_eyes,,,,,,,,,,
Chronic cholestasis, vomiting, yellowish_skin, nausea, loss_of_appetite, abdominal_pain, yellowing_of_eyes,,,,,,,,,,,
Chronic cholestasis,itching, yellowish_skin, nausea, loss_of_appetite, abdominal_pain, yellowing_of_eyes,,,,,,,,,,,
Chronic cholestasis,itching, vomiting, nausea, loss_of_appetite, abdominal_pain, yellowing_of_eyes,,,,,,,,,,,
Chronic cholestasis,itching, vomiting, yellowish_skin, loss_of_appetite, abdominal_pain, yellowing_of_eyes,,,,,,,,,,,
Chronic cholestasis,itching, vomiting, yellowish_skin, nausea, abdominal_pain, yellowing_of_eyes,,,,,,,,,,,
Chronic cholestasis,itching, vomiting, yellowish_skin, nausea, loss_of_appetite, yellowing_of_eyes,,,,,,,,,,,
Chronic cholestasis,itching, vomiting, yellowish_skin, nausea, loss_of_appetite, abdominal_pain,,,,,,,,,,,
Chronic cholestasis,itching, vomiting, yellowish_skin, nausea, loss_of_appetite, abdominal_pain, yellowing_of_eyes,,,,,,,,,,
Chronic cholestasis,itching, vomiting, yellowish_skin, nausea, loss_of_appetite, abdominal_pain, yellowing_of_eyes,,,,,,,,,,
Drug Reaction,itching, skin_rash, stomach_pain, burning_micturition, spotting_ urination,,,,,,,,,,,,
Drug Reaction,itching, stomach_pain, burning_micturition, spotting_ urination,,,,,,,,,,,,,
Drug Reaction,itching, skin_rash, burning_micturition, spotting_ urination,,,,,,,,,,,,,
Drug Reaction,itching, skin_rash, stomach_pain, spotting_ urination,,,,,,,,,,,,,
Drug Reaction,itching, skin_rash, stomach_pain, burning_micturition,,,,,,,,,,,,,
Drug Reaction, skin_rash, stomach_pain, burning_micturition, spotting_ urination,,,,,,,,,,,,,
Drug Reaction,itching, stomach_pain, burning_micturition, spotting_ urination,,,,,,,,,,,,,
Drug Reaction,itching, skin_rash, burning_micturition, spotting_ urination,,,,,,,,,,,,,
Drug Reaction,itching, skin_rash, stomach_pain, spotting_ urination,,,,,,,,,,,,,
Drug Reaction,itching, skin_rash, stomach_pain, burning_micturition,,,,,,,,,,,,,
Peptic ulcer diseae, vomiting, loss_of_appetite, abdominal_pain, passage_of_gases, internal_itching,,,,,,,,,,,,
Peptic ulcer diseae, vomiting, indigestion, abdominal_pain, passage_of_gases, internal_itching,,,,,,,,,,,,
Peptic ulcer diseae, indigestion, loss_of_appetite, abdominal_pain, passage_of_gases, internal_itching,,,,,,,,,,,,
Peptic ulcer diseae, vomiting, loss_of_appetite, abdominal_pain, passage_of_gases, internal_itching,,,,,,,,,,,,
Peptic ulcer diseae, vomiting, indigestion, abdominal_pain, passage_of_gases, internal_itching,,,,,,,,,,,,
Peptic ulcer diseae, vomiting, indigestion, loss_of_appetite, passage_of_gases, internal_itching,,,,,,,,,,,,
Peptic ulcer diseae, vomiting, indigestion, loss_of_appetite, abdominal_pain, internal_itching,,,,,,,,,,,,
Peptic ulcer diseae, vomiting, indigestion, loss_of_appetite, abdominal_pain, passage_of_gases,,,,,,,,,,,,
Peptic ulcer diseae, vomiting, indigestion, loss_of_appetite, abdominal_pain, passage_of_gases, internal_itching,,,,,,,,,,,
Peptic ulcer diseae, vomiting, indigestion, loss_of_appetite, abdominal_pain, passage_of_gases, internal_itching,,,,,,,,,,,
AIDS, muscle_wasting, patches_in_throat, high_fever, extra_marital_contacts,,,,,,,,,,,,,
AIDS, patches_in_throat, high_fever, extra_marital_contacts,,,,,,,,,,,,,,
AIDS, muscle_wasting, high_fever, extra_marital_contacts,,,,,,,,,,,,,,
AIDS, muscle_wasting, patches_in_throat, extra_marital_contacts,,,,,,,,,,,,,,
AIDS, muscle_wasting, patches_in_throat, high_fever,,,,,,,,,,,,,,
AIDS, muscle_wasting, patches_in_throat, high_fever, extra_marital_contacts,,,,,,,,,,,,,
AIDS, muscle_wasting, patches_in_throat, high_fever, extra_marital_contacts,,,,,,,,,,,,,
AIDS, patches_in_throat, high_fever, extra_marital_contacts,,,,,,,,,,,,,,
AIDS, muscle_wasting, high_fever, extra_marital_contacts,,,,,,,,,,,,,,
AIDS, muscle_wasting, patches_in_throat, high_fever,,,,,,,,,,,,,,
Diabetes, fatigue, weight_loss, restlessness, lethargy, irregular_sugar_level, blurred_and_distorted_vision, obesity, excessive_hunger, increased_appetite, polyuria,,,,,,,
Diabetes, fatigue, weight_loss, restlessness, lethargy, irregular_sugar_level, blurred_and_distorted_vision, obesity, excessive_hunger, increased_appetite, polyuria,,,,,,,
Diabetes, weight_loss, restlessness, lethargy, irregular_sugar_level, blurred_and_distorted_vision, obesity, excessive_hunger, increased_appetite, polyuria,,,,,,,,
Diabetes, fatigue, restlessness, lethargy, irregular_sugar_level, blurred_and_distorted_vision, obesity, excessive_hunger, increased_appetite, polyuria,,,,,,,,
Diabetes, fatigue, weight_loss, lethargy, irregular_sugar_level, blurred_and_distorted_vision, obesity, excessive_hunger, increased_appetite, polyuria,,,,,,,,
Diabetes, fatigue, weight_loss, restlessness, irregular_sugar_level, blurred_and_distorted_vision, obesity, excessive_hunger, increased_appetite, polyuria,,,,,,,,
Diabetes, fatigue, weight_loss, restlessness, lethargy, blurred_and_distorted_vision, obesity, excessive_hunger, increased_appetite, polyuria,,,,,,,,
Diabetes, fatigue, weight_loss, restlessness, lethargy, irregular_sugar_level, obesity, excessive_hunger, increased_appetite, polyuria,,,,,,,,
Diabetes, fatigue, weight_loss, restlessness, lethargy, irregular_sugar_level, blurred_and_distorted_vision, excessive_hunger, increased_appetite, polyuria,,,,,,,,
Diabetes, fatigue, weight_loss, restlessness, lethargy, irregular_sugar_level, blurred_and_distorted_vision, obesity, increased_appetite, polyuria,,,,,,,,
Gastroenteritis, vomiting, sunken_eyes, dehydration, diarrhoea,,,,,,,,,,,,,
Gastroenteritis, vomiting, sunken_eyes, dehydration, diarrhoea,,,,,,,,,,,,,
Gastroenteritis, sunken_eyes, dehydration, diarrhoea,,,,,,,,,,,,,,
Gastroenteritis, vomiting, dehydration, diarrhoea,,,,,,,,,,,,,,
Gastroenteritis, vomiting, sunken_eyes, diarrhoea,,,,,,,,,,,,,,
Gastroenteritis, vomiting, sunken_eyes, dehydration,,,,,,,,,,,,,,
Gastroenteritis, vomiting, sunken_eyes, dehydration, diarrhoea,,,,,,,,,,,,,
Gastroenteritis, sunken_eyes, dehydration, diarrhoea,,,,,,,,,,,,,,
Gastroenteritis, vomiting, dehydration, diarrhoea,,,,,,,,,,,,,,
Gastroenteritis, vomiting, sunken_eyes, diarrhoea,,,,,,,,,,,,,,
Bronchial Asthma, fatigue, cough, high_fever, breathlessness, family_history, mucoid_sputum,,,,,,,,,,,
Bronchial Asthma, cough, high_fever, breathlessness, family_history, mucoid_sputum,,,,,,,,,,,,
Bronchial Asthma, fatigue, high_fever, breathlessness, family_history, mucoid_sputum,,,,,,,,,,,,
Bronchial Asthma, fatigue, cough, breathlessness, family_history, mucoid_sputum,,,,,,,,,,,,
Bronchial Asthma, fatigue, cough, high_fever, family_history, mucoid_sputum,,,,,,,,,,,,
Bronchial Asthma, fatigue, cough, high_fever, breathlessness, mucoid_sputum,,,,,,,,,,,,
Bronchial Asthma, fatigue, cough, high_fever, breathlessness, family_history,,,,,,,,,,,,
Bronchial Asthma, fatigue, cough, high_fever, breathlessness, family_history, mucoid_sputum,,,,,,,,,,,
Bronchial Asthma, cough, high_fever, breathlessness, family_history, mucoid_sputum,,,,,,,,,,,,
Bronchial Asthma, fatigue, high_fever, breathlessness, family_history, mucoid_sputum,,,,,,,,,,,,
Hypertension, headache, chest_pain, dizziness, loss_of_balance, lack_of_concentration,,,,,,,,,,,,
Hypertension, chest_pain, dizziness, loss_of_balance, lack_of_concentration,,,,,,,,,,,,,
Hypertension, headache, dizziness, loss_of_balance, lack_of_concentration,,,,,,,,,,,,,
Hypertension, headache, chest_pain, loss_of_balance, lack_of_concentration,,,,,,,,,,,,,
Hypertension, headache, chest_pain, dizziness, lack_of_concentration,,,,,,,,,,,,,
Hypertension, headache, chest_pain, dizziness, loss_of_balance,,,,,,,,,,,,,
Hypertension, headache, chest_pain, dizziness, loss_of_balance, lack_of_concentration,,,,,,,,,,,,
Hypertension, chest_pain, dizziness, loss_of_balance, lack_of_concentration,,,,,,,,,,,,,
Hypertension, headache, dizziness, loss_of_balance, lack_of_concentration,,,,,,,,,,,,,
Hypertension, headache, chest_pain, loss_of_balance, lack_of_concentration,,,,,,,,,,,,,
Migraine, acidity, indigestion, headache, blurred_and_distorted_vision, excessive_hunger, stiff_neck, depression, irritability, visual_disturbances,,,,,,,,
Migraine, indigestion, headache, blurred_and_distorted_vision, excessive_hunger, stiff_neck, depression, irritability, visual_disturbances,,,,,,,,,
Migraine, acidity, headache, blurred_and_distorted_vision, excessive_hunger, stiff_neck, depression, irritability, visual_disturbances,,,,,,,,,
Migraine, acidity, indigestion, blurred_and_distorted_vision, excessive_hunger, stiff_neck, depression, irritability, visual_disturbances,,,,,,,,,
Migraine, acidity, indigestion, headache, excessive_hunger, stiff_neck, depression, irritability, visual_disturbances,,,,,,,,,
Migraine, acidity, indigestion, headache, blurred_and_distorted_vision, stiff_neck, depression, irritability, visual_disturbances,,,,,,,,,
Migraine, acidity, indigestion, headache, blurred_and_distorted_vision, excessive_hunger, depression, irritability, visual_disturbances,,,,,,,,,
Migraine, acidity, indigestion, headache, blurred_and_distorted_vision, excessive_hunger, stiff_neck, irritability, visual_disturbances,,,,,,,,,
Migraine, acidity, indigestion, headache, blurred_and_distorted_vision, excessive_hunger, stiff_neck, depression, visual_disturbances,,,,,,,,,
Migraine, acidity, indigestion, headache, blurred_and_distorted_vision, excessive_hunger, stiff_neck, depression, irritability,,,,,,,,,
Cervical spondylosis, back_pain, weakness_in_limbs, neck_pain, dizziness, loss_of_balance,,,,,,,,,,,,
Cervical spondylosis, back_pain, weakness_in_limbs, neck_pain, dizziness, loss_of_balance,,,,,,,,,,,,
Cervical spondylosis, weakness_in_limbs, neck_pain, dizziness, loss_of_balance,,,,,,,,,,,,,
Cervical spondylosis, back_pain, neck_pain, dizziness, loss_of_balance,,,,,,,,,,,,,
Cervical spondylosis, back_pain, weakness_in_limbs, dizziness, loss_of_balance,,,,,,,,,,,,,
Cervical spondylosis, back_pain, weakness_in_limbs, neck_pain, loss_of_balance,,,,,,,,,,,,,
Cervical spondylosis, back_pain, weakness_in_limbs, neck_pain, dizziness,,,,,,,,,,,,,
Cervical spondylosis, back_pain, weakness_in_limbs, neck_pain, dizziness, loss_of_balance,,,,,,,,,,,,
Cervical spondylosis, weakness_in_limbs, neck_pain, dizziness, loss_of_balance,,,,,,,,,,,,,
Cervical spondylosis, back_pain, neck_pain, dizziness, loss_of_balance,,,,,,,,,,,,,
Paralysis (brain hemorrhage), vomiting, headache, weakness_of_one_body_side, altered_sensorium,,,,,,,,,,,,,
Paralysis (brain hemorrhage), vomiting, headache, weakness_of_one_body_side, altered_sensorium,,,,,,,,,,,,,
Paralysis (brain hemorrhage), headache, weakness_of_one_body_side, altered_sensorium,,,,,,,,,,,,,,
Paralysis (brain hemorrhage), vomiting, weakness_of_one_body_side, altered_sensorium,,,,,,,,,,,,,,
Paralysis (brain hemorrhage), vomiting, headache, altered_sensorium,,,,,,,,,,,,,,
Paralysis (brain hemorrhage), vomiting, headache, weakness_of_one_body_side,,,,,,,,,,,,,,
Paralysis (brain hemorrhage), vomiting, headache, weakness_of_one_body_side, altered_sensorium,,,,,,,,,,,,,
Paralysis (brain hemorrhage), headache, weakness_of_one_body_side, altered_sensorium,,,,,,,,,,,,,,
Paralysis (brain hemorrhage), vomiting, weakness_of_one_body_side, altered_sensorium,,,,,,,,,,,,,,
Paralysis (brain hemorrhage), vomiting, headache, altered_sensorium,,,,,,,,,,,,,,
Jaundice,itching, vomiting, fatigue, weight_loss, high_fever, yellowish_skin, dark_urine, abdominal_pain,,,,,,,,,
Jaundice,itching, vomiting, fatigue, weight_loss, high_fever, yellowish_skin, dark_urine, abdominal_pain,,,,,,,,,
Jaundice, vomiting, fatigue, weight_loss, high_fever, yellowish_skin, dark_urine, abdominal_pain,,,,,,,,,,
Jaundice,itching, fatigue, weight_loss, high_fever, yellowish_skin, dark_urine, abdominal_pain,,,,,,,,,,
Jaundice,itching, vomiting, weight_loss, high_fever, yellowish_skin, dark_urine, abdominal_pain,,,,,,,,,,
Jaundice,itching, vomiting, fatigue, high_fever, yellowish_skin, dark_urine, abdominal_pain,,,,,,,,,,
Jaundice,itching, vomiting, fatigue, weight_loss, yellowish_skin, dark_urine, abdominal_pain,,,,,,,,,,
Jaundice,itching, vomiting, fatigue, weight_loss, high_fever, dark_urine, abdominal_pain,,,,,,,,,,
Jaundice,itching, vomiting, fatigue, weight_loss, high_fever, yellowish_skin, abdominal_pain,,,,,,,,,,
Jaundice,itching, vomiting, fatigue, weight_loss, high_fever, yellowish_skin, dark_urine,,,,,,,,,,
Malaria, chills, vomiting, high_fever, sweating, headache, nausea, muscle_pain,,,,,,,,,,
Malaria, chills, vomiting, high_fever, sweating, headache, nausea, diarrhoea, muscle_pain,,,,,,,,,
Malaria, chills, vomiting, high_fever, sweating, headache, nausea, diarrhoea, muscle_pain,,,,,,,,,
Malaria, vomiting, high_fever, sweating, headache, nausea, diarrhoea, muscle_pain,,,,,,,,,,
Malaria, chills, high_fever, sweating, headache, nausea, diarrhoea, muscle_pain,,,,,,,,,,
Malaria, chills, vomiting, sweating, headache, nausea, diarrhoea, muscle_pain,,,,,,,,,,
Malaria, chills, vomiting, high_fever, headache, nausea, diarrhoea, muscle_pain,,,,,,,,,,
Malaria, chills, vomiting, high_fever, sweating, nausea, diarrhoea, muscle_pain,,,,,,,,,,
Malaria, chills, vomiting, high_fever, sweating, headache, diarrhoea, muscle_pain,,,,,,,,,,
Malaria, chills, vomiting, high_fever, sweating, headache, nausea, muscle_pain,,,,,,,,,,
Chicken pox,itching, skin_rash, fatigue, lethargy, high_fever, headache, loss_of_appetite, mild_fever, swelled_lymph_nodes, malaise, red_spots_over_body,,,,,,
Chicken pox, skin_rash, fatigue, lethargy, high_fever, headache, loss_of_appetite, mild_fever, swelled_lymph_nodes, malaise, red_spots_over_body,,,,,,,
Chicken pox,itching, fatigue, lethargy, high_fever, headache, loss_of_appetite, mild_fever, swelled_lymph_nodes, malaise, red_spots_over_body,,,,,,,
Chicken pox,itching, skin_rash, lethargy, high_fever, headache, loss_of_appetite, mild_fever, swelled_lymph_nodes, malaise, red_spots_over_body,,,,,,,
Chicken pox,itching, skin_rash, fatigue, high_fever, headache, loss_of_appetite, mild_fever, swelled_lymph_nodes, malaise, red_spots_over_body,,,,,,,
Chicken pox,itching, skin_rash, fatigue, lethargy, headache, loss_of_appetite, mild_fever, swelled_lymph_nodes, malaise, red_spots_over_body,,,,,,,
Chicken pox,itching, skin_rash, fatigue, lethargy, high_fever, loss_of_appetite, mild_fever, swelled_lymph_nodes, malaise, red_spots_over_body,,,,,,,
Chicken pox,itching, skin_rash, fatigue, lethargy, high_fever, headache, mild_fever, swelled_lymph_nodes, malaise, red_spots_over_body,,,,,,,
Chicken pox,itching, skin_rash, fatigue, lethargy, high_fever, headache, loss_of_appetite, swelled_lymph_nodes, malaise, red_spots_over_body,,,,,,,
Chicken pox,itching, skin_rash, fatigue, lethargy, high_fever, headache, loss_of_appetite, mild_fever, malaise, red_spots_over_body,,,,,,,
Dengue, skin_rash, chills, joint_pain, vomiting, fatigue, high_fever, headache, nausea, loss_of_appetite, pain_behind_the_eyes, back_pain, muscle_pain, red_spots_over_body,,,,
Dengue, skin_rash, chills, joint_pain, vomiting, fatigue, high_fever, headache, nausea, loss_of_appetite, pain_behind_the_eyes, back_pain, malaise, red_spots_over_body,,,,
Dengue, skin_rash, chills, joint_pain, vomiting, fatigue, high_fever, headache, nausea, loss_of_appetite, pain_behind_the_eyes, back_pain, malaise, muscle_pain,,,,
Dengue, skin_rash, chills, joint_pain, vomiting, fatigue, high_fever, headache, nausea, loss_of_appetite, pain_behind_the_eyes, back_pain, malaise, muscle_pain, red_spots_over_body,,,
Dengue, chills, joint_pain, vomiting, fatigue, high_fever, headache, nausea, loss_of_appetite, pain_behind_the_eyes, back_pain, malaise, muscle_pain, red_spots_over_body,,,,
Dengue, skin_rash, joint_pain, vomiting, fatigue, high_fever, headache, nausea, loss_of_appetite, pain_behind_the_eyes, back_pain, malaise, muscle_pain, red_spots_over_body,,,,
Dengue, skin_rash, chills, vomiting, fatigue, high_fever, headache, nausea, loss_of_appetite, pain_behind_the_eyes, back_pain, malaise, muscle_pain, red_spots_over_body,,,,
Dengue, skin_rash, chills, joint_pain, fatigue, high_fever, headache, nausea, loss_of_appetite, pain_behind_the_eyes, back_pain, malaise, muscle_pain, red_spots_over_body,,,,
Dengue, skin_rash, chills, joint_pain, vomiting, high_fever, headache, nausea, loss_of_appetite, pain_behind_the_eyes, back_pain, malaise, muscle_pain, red_spots_over_body,,,,
Dengue, skin_rash, chills, joint_pain, vomiting, fatigue, headache, nausea, loss_of_appetite, pain_behind_the_eyes, back_pain, malaise, muscle_pain, red_spots_over_body,,,,
Typhoid, chills, vomiting, fatigue, high_fever, nausea, constipation, abdominal_pain, diarrhoea, toxic_look_(typhos), belly_pain,,,,,,,
Typhoid, chills, vomiting, fatigue, high_fever, headache, constipation, abdominal_pain, diarrhoea, toxic_look_(typhos), belly_pain,,,,,,,
Typhoid, chills, vomiting, fatigue, high_fever, headache, nausea, abdominal_pain, diarrhoea, toxic_look_(typhos), belly_pain,,,,,,,
Typhoid, chills, vomiting, fatigue, high_fever, headache, nausea, constipation, diarrhoea, toxic_look_(typhos), belly_pain,,,,,,,
Typhoid, chills, vomiting, fatigue, high_fever, headache, nausea, constipation, abdominal_pain, toxic_look_(typhos), belly_pain,,,,,,,
Typhoid, chills, vomiting, fatigue, high_fever, headache, nausea, constipation, abdominal_pain, diarrhoea, belly_pain,,,,,,,
Typhoid, chills, vomiting, fatigue, high_fever, headache, nausea, constipation, abdominal_pain, diarrhoea, toxic_look_(typhos),,,,,,,
Typhoid, chills, vomiting, fatigue, high_fever, headache, nausea, constipation, abdominal_pain, diarrhoea, toxic_look_(typhos), belly_pain,,,,,,
Typhoid, chills, vomiting, fatigue, high_fever, headache, nausea, constipation, abdominal_pain, diarrhoea, toxic_look_(typhos), belly_pain,,,,,,
Typhoid, chills, fatigue, high_fever, headache, nausea, constipation, abdominal_pain, diarrhoea, toxic_look_(typhos), belly_pain,,,,,,,
hepatitis A, joint_pain, vomiting, yellowish_skin, dark_urine, nausea, loss_of_appetite, abdominal_pain, diarrhoea, mild_fever, yellowing_of_eyes, muscle_pain,,,,,,
hepatitis A, joint_pain, vomiting, yellowish_skin, dark_urine, nausea, loss_of_appetite, abdominal_pain, diarrhoea, mild_fever, yellowing_of_eyes, muscle_pain,,,,,,
hepatitis A, vomiting, yellowish_skin, dark_urine, nausea, loss_of_appetite, abdominal_pain, diarrhoea, mild_fever, yellowing_of_eyes, muscle_pain,,,,,,,
hepatitis A, joint_pain, yellowish_skin, dark_urine, nausea, loss_of_appetite, abdominal_pain, diarrhoea, mild_fever, yellowing_of_eyes, muscle_pain,,,,,,,
hepatitis A, joint_pain, vomiting, dark_urine, nausea, loss_of_appetite, abdominal_pain, diarrhoea, mild_fever, yellowing_of_eyes, muscle_pain,,,,,,,
hepatitis A, joint_pain, vomiting, yellowish_skin, nausea, loss_of_appetite, abdominal_pain, diarrhoea, mild_fever, yellowing_of_eyes, muscle_pain,,,,,,,
hepatitis A, joint_pain, vomiting, yellowish_skin, dark_urine, loss_of_appetite, abdominal_pain, diarrhoea, mild_fever, yellowing_of_eyes, muscle_pain,,,,,,,
hepatitis A, joint_pain, vomiting, yellowish_skin, dark_urine, nausea, abdominal_pain, diarrhoea, mild_fever, yellowing_of_eyes, muscle_pain,,,,,,,
hepatitis A, joint_pain, vomiting, yellowish_skin, dark_urine, nausea, loss_of_appetite, diarrhoea, mild_fever, yellowing_of_eyes, muscle_pain,,,,,,,
hepatitis A, joint_pain, vomiting, yellowish_skin, dark_urine, nausea, loss_of_appetite, abdominal_pain, mild_fever, yellowing_of_eyes, muscle_pain,,,,,,,
Hepatitis B,itching, fatigue, lethargy, yellowish_skin, dark_urine, loss_of_appetite, abdominal_pain, yellow_urine, yellowing_of_eyes, malaise, receiving_blood_transfusion, receiving_unsterile_injections,,,,,
Hepatitis B,itching, fatigue, lethargy, yellowish_skin, dark_urine, loss_of_appetite, abdominal_pain, yellow_urine, yellowing_of_eyes, malaise, receiving_blood_transfusion, receiving_unsterile_injections,,,,,
Hepatitis B, fatigue, lethargy, yellowish_skin, dark_urine, loss_of_appetite, abdominal_pain, yellow_urine, yellowing_of_eyes, malaise, receiving_blood_transfusion, receiving_unsterile_injections,,,,,,
Hepatitis B,itching, lethargy, yellowish_skin, dark_urine, loss_of_appetite, abdominal_pain, yellow_urine, yellowing_of_eyes, malaise, receiving_blood_transfusion, receiving_unsterile_injections,,,,,,
Hepatitis B,itching, fatigue, yellowish_skin, dark_urine, loss_of_appetite, abdominal_pain, yellow_urine, yellowing_of_eyes, malaise, receiving_blood_transfusion, receiving_unsterile_injections,,,,,,
Hepatitis B,itching, fatigue, lethargy, dark_urine, loss_of_appetite, abdominal_pain, yellow_urine, yellowing_of_eyes, malaise, receiving_blood_transfusion, receiving_unsterile_injections,,,,,,
Hepatitis B,itching, fatigue, lethargy, yellowish_skin, loss_of_appetite, abdominal_pain, yellow_urine, yellowing_of_eyes, malaise, receiving_blood_transfusion, receiving_unsterile_injections,,,,,,
Hepatitis B,itching, fatigue, lethargy, yellowish_skin, dark_urine, abdominal_pain, yellow_urine, yellowing_of_eyes, malaise, receiving_blood_transfusion, receiving_unsterile_injections,,,,,,
Hepatitis B,itching, fatigue, lethargy, yellowish_skin, dark_urine, loss_of_appetite, yellow_urine, yellowing_of_eyes, malaise, receiving_blood_transfusion, receiving_unsterile_injections,,,,,,
Hepatitis B,itching, fatigue, lethargy, yellowish_skin, dark_urine, loss_of_appetite, abdominal_pain, yellowing_of_eyes, malaise, receiving_blood_transfusion, receiving_unsterile_injections,,,,,,
Hepatitis C, fatigue, yellowish_skin, nausea, loss_of_appetite, family_history,,,,,,,,,,,,
Hepatitis C, fatigue, yellowish_skin, nausea, loss_of_appetite, yellowing_of_eyes, family_history,,,,,,,,,,,
Hepatitis C, yellowish_skin, nausea, loss_of_appetite, yellowing_of_eyes, family_history,,,,,,,,,,,,
Hepatitis C, fatigue, nausea, loss_of_appetite, yellowing_of_eyes, family_history,,,,,,,,,,,,
Hepatitis C, fatigue, yellowish_skin, loss_of_appetite, yellowing_of_eyes, family_history,,,,,,,,,,,,
Hepatitis C, fatigue, yellowish_skin, nausea, yellowing_of_eyes, family_history,,,,,,,,,,,,
Hepatitis C, fatigue, yellowish_skin, nausea, loss_of_appetite, family_history,,,,,,,,,,,,
Hepatitis C, fatigue, yellowish_skin, nausea, loss_of_appetite, yellowing_of_eyes,,,,,,,,,,,,
Hepatitis C, fatigue, yellowish_skin, nausea, loss_of_appetite, yellowing_of_eyes, family_history,,,,,,,,,,,
Hepatitis C, fatigue, yellowish_skin, nausea, loss_of_appetite, yellowing_of_eyes, family_history,,,,,,,,,,,
Hepatitis D, joint_pain, vomiting, fatigue, yellowish_skin, dark_urine, nausea, loss_of_appetite, abdominal_pain, yellowing_of_eyes,,,,,,,,
Hepatitis D, vomiting, fatigue, yellowish_skin, dark_urine, nausea, loss_of_appetite, abdominal_pain, yellowing_of_eyes,,,,,,,,,
Hepatitis D, joint_pain, fatigue, yellowish_skin, dark_urine, nausea, loss_of_appetite, abdominal_pain, yellowing_of_eyes,,,,,,,,,
Hepatitis D, joint_pain, vomiting, yellowish_skin, dark_urine, nausea, loss_of_appetite, abdominal_pain, yellowing_of_eyes,,,,,,,,,
Hepatitis D, joint_pain, vomiting, fatigue, dark_urine, nausea, loss_of_appetite, abdominal_pain, yellowing_of_eyes,,,,,,,,,
Hepatitis D, joint_pain, vomiting, fatigue, yellowish_skin, nausea, loss_of_appetite, abdominal_pain, yellowing_of_eyes,,,,,,,,,
Hepatitis D, joint_pain, vomiting, fatigue, yellowish_skin, dark_urine, loss_of_appetite, abdominal_pain, yellowing_of_eyes,,,,,,,,,
Hepatitis D, joint_pain, vomiting, fatigue, yellowish_skin, dark_urine, nausea, abdominal_pain, yellowing_of_eyes,,,,,,,,,
Hepatitis D, joint_pain, vomiting, fatigue, yellowish_skin, dark_urine, nausea, loss_of_appetite, yellowing_of_eyes,,,,,,,,,
Hepatitis D, joint_pain, vomiting, fatigue, yellowish_skin, dark_urine, nausea, loss_of_appetite, abdominal_pain,,,,,,,,,
Hepatitis E, joint_pain, vomiting, fatigue, high_fever, yellowish_skin, dark_urine, nausea, loss_of_appetite, abdominal_pain, yellowing_of_eyes, coma, stomach_bleeding,,,,,
Hepatitis E, joint_pain, vomiting, fatigue, high_fever, yellowish_skin, dark_urine, nausea, loss_of_appetite, abdominal_pain, yellowing_of_eyes, acute_liver_failure, coma, stomach_bleeding,,,,
Hepatitis E, joint_pain, vomiting, fatigue, high_fever, yellowish_skin, dark_urine, nausea, loss_of_appetite, abdominal_pain, yellowing_of_eyes, acute_liver_failure, coma, stomach_bleeding,,,,
Hepatitis E, vomiting, fatigue, high_fever, yellowish_skin, dark_urine, nausea, loss_of_appetite, abdominal_pain, yellowing_of_eyes, acute_liver_failure, coma, stomach_bleeding,,,,,
Hepatitis E, joint_pain, fatigue, high_fever, yellowish_skin, dark_urine, nausea, loss_of_appetite, abdominal_pain, yellowing_of_eyes, acute_liver_failure, coma, stomach_bleeding,,,,,
Hepatitis E, joint_pain, vomiting, high_fever, yellowish_skin, dark_urine, nausea, loss_of_appetite, abdominal_pain, yellowing_of_eyes, acute_liver_failure, coma, stomach_bleeding,,,,,
Hepatitis E, joint_pain, vomiting, fatigue, yellowish_skin, dark_urine, nausea, loss_of_appetite, abdominal_pain, yellowing_of_eyes, acute_liver_failure, coma, stomach_bleeding,,,,,
Hepatitis E, joint_pain, vomiting, fatigue, high_fever, dark_urine, nausea, loss_of_appetite, abdominal_pain, yellowing_of_eyes, acute_liver_failure, coma, stomach_bleeding,,,,,
Hepatitis E, joint_pain, vomiting, fatigue, high_fever, yellowish_skin, nausea, loss_of_appetite, abdominal_pain, yellowing_of_eyes, acute_liver_failure, coma, stomach_bleeding,,,,,
Hepatitis E, joint_pain, vomiting, fatigue, high_fever, yellowish_skin, dark_urine, loss_of_appetite, abdominal_pain, yellowing_of_eyes, acute_liver_failure, coma, stomach_bleeding,,,,,
Alcoholic hepatitis, vomiting, yellowish_skin, abdominal_pain, swelling_of_stomach, distention_of_abdomen, history_of_alcohol_consumption, fluid_overload,,,,,,,,,,
Alcoholic hepatitis, vomiting, yellowish_skin, abdominal_pain, swelling_of_stomach, distention_of_abdomen, history_of_alcohol_consumption, fluid_overload,,,,,,,,,,
Alcoholic hepatitis, yellowish_skin, abdominal_pain, swelling_of_stomach, distention_of_abdomen, history_of_alcohol_consumption, fluid_overload,,,,,,,,,,,
Alcoholic hepatitis, vomiting, abdominal_pain, swelling_of_stomach, distention_of_abdomen, history_of_alcohol_consumption, fluid_overload,,,,,,,,,,,
Alcoholic hepatitis, vomiting, yellowish_skin, swelling_of_stomach, distention_of_abdomen, history_of_alcohol_consumption, fluid_overload,,,,,,,,,,,
Alcoholic hepatitis, vomiting, yellowish_skin, abdominal_pain, distention_of_abdomen, history_of_alcohol_consumption, fluid_overload,,,,,,,,,,,
Alcoholic hepatitis, vomiting, yellowish_skin, abdominal_pain, swelling_of_stomach, history_of_alcohol_consumption, fluid_overload,,,,,,,,,,,
Alcoholic hepatitis, vomiting, yellowish_skin, abdominal_pain, swelling_of_stomach, distention_of_abdomen, fluid_overload,,,,,,,,,,,
Alcoholic hepatitis, vomiting, yellowish_skin, abdominal_pain, swelling_of_stomach, distention_of_abdomen, history_of_alcohol_consumption,,,,,,,,,,,
Alcoholic hepatitis, vomiting, yellowish_skin, abdominal_pain, swelling_of_stomach, distention_of_abdomen, history_of_alcohol_consumption, fluid_overload,,,,,,,,,,
Tuberculosis, chills, vomiting, fatigue, weight_loss, cough, high_fever, breathlessness, sweating, loss_of_appetite, mild_fever, yellowing_of_eyes, swelled_lymph_nodes, malaise, phlegm, chest_pain, blood_in_sputum,
Tuberculosis, chills, vomiting, fatigue, weight_loss, cough, high_fever, breathlessness, sweating, loss_of_appetite, mild_fever, yellowing_of_eyes, swelled_lymph_nodes, malaise, phlegm, chest_pain, blood_in_sputum,
Tuberculosis, vomiting, fatigue, weight_loss, cough, high_fever, breathlessness, sweating, loss_of_appetite, mild_fever, yellowing_of_eyes, swelled_lymph_nodes, malaise, phlegm, chest_pain, blood_in_sputum,,
Tuberculosis, chills, fatigue, weight_loss, cough, high_fever, breathlessness, sweating, loss_of_appetite, mild_fever, yellowing_of_eyes, swelled_lymph_nodes, malaise, phlegm, chest_pain, blood_in_sputum,,
Tuberculosis, chills, vomiting, weight_loss, cough, high_fever, breathlessness, sweating, loss_of_appetite, mild_fever, yellowing_of_eyes, swelled_lymph_nodes, malaise, phlegm, chest_pain, blood_in_sputum,,
Tuberculosis, chills, vomiting, fatigue, cough, high_fever, breathlessness, sweating, loss_of_appetite, mild_fever, yellowing_of_eyes, swelled_lymph_nodes, malaise, phlegm, chest_pain, blood_in_sputum,,
Tuberculosis, chills, vomiting, fatigue, weight_loss, high_fever, breathlessness, sweating, loss_of_appetite, mild_fever, yellowing_of_eyes, swelled_lymph_nodes, malaise, phlegm, chest_pain, blood_in_sputum,,
Tuberculosis, chills, vomiting, fatigue, weight_loss, cough, breathlessness, sweating, loss_of_appetite, mild_fever, yellowing_of_eyes, swelled_lymph_nodes, malaise, phlegm, chest_pain, blood_in_sputum,,
Tuberculosis, chills, vomiting, fatigue, weight_loss, cough, high_fever, sweating, loss_of_appetite, mild_fever, yellowing_of_eyes, swelled_lymph_nodes, malaise, phlegm, chest_pain, blood_in_sputum,,
Tuberculosis, chills, vomiting, fatigue, weight_loss, cough, high_fever, breathlessness, loss_of_appetite, mild_fever, yellowing_of_eyes, swelled_lymph_nodes, malaise, phlegm, chest_pain, blood_in_sputum,,
Common Cold, continuous_sneezing, chills, fatigue, cough, high_fever, headache, swelled_lymph_nodes, malaise, phlegm, throat_irritation, redness_of_eyes, sinus_pressure, runny_nose, congestion, chest_pain, loss_of_smell, muscle_pain
Common Cold, continuous_sneezing, chills, fatigue, cough, high_fever, headache, swelled_lymph_nodes, malaise, phlegm, throat_irritation, redness_of_eyes, sinus_pressure, runny_nose, congestion, chest_pain, loss_of_smell, muscle_pain
Common Cold, chills, fatigue, cough, high_fever, headache, swelled_lymph_nodes, malaise, phlegm, throat_irritation, redness_of_eyes, sinus_pressure, runny_nose, congestion, chest_pain, loss_of_smell, muscle_pain,
Common Cold, continuous_sneezing, fatigue, cough, high_fever, headache, swelled_lymph_nodes, malaise, phlegm, throat_irritation, redness_of_eyes, sinus_pressure, runny_nose, congestion, chest_pain, loss_of_smell, muscle_pain,
Common Cold, continuous_sneezing, chills, cough, high_fever, headache, swelled_lymph_nodes, malaise, phlegm, throat_irritation, redness_of_eyes, sinus_pressure, runny_nose, congestion, chest_pain, loss_of_smell, muscle_pain,
Common Cold, continuous_sneezing, chills, fatigue, high_fever, headache, swelled_lymph_nodes, malaise, phlegm, throat_irritation, redness_of_eyes, sinus_pressure, runny_nose, congestion, chest_pain, loss_of_smell, muscle_pain,
Common Cold, continuous_sneezing, chills, fatigue, cough, headache, swelled_lymph_nodes, malaise, phlegm, throat_irritation, redness_of_eyes, sinus_pressure, runny_nose, congestion, chest_pain, loss_of_smell, muscle_pain,
Common Cold, continuous_sneezing, chills, fatigue, cough, high_fever, swelled_lymph_nodes, malaise, phlegm, throat_irritation, redness_of_eyes, sinus_pressure, runny_nose, congestion, chest_pain, loss_of_smell, muscle_pain,
Common Cold, continuous_sneezing, chills, fatigue, cough, high_fever, headache, malaise, phlegm, throat_irritation, redness_of_eyes, sinus_pressure, runny_nose, congestion, chest_pain, loss_of_smell, muscle_pain,
Common Cold, continuous_sneezing, chills, fatigue, cough, high_fever, headache, swelled_lymph_nodes, phlegm, throat_irritation, redness_of_eyes, sinus_pressure, runny_nose, congestion, chest_pain, loss_of_smell, muscle_pain,
Pneumonia, chills, fatigue, cough, high_fever, breathlessness, sweating, malaise, chest_pain, fast_heart_rate, rusty_sputum,,,,,,,
Pneumonia, chills, fatigue, cough, high_fever, breathlessness, sweating, malaise, phlegm, chest_pain, fast_heart_rate, rusty_sputum,,,,,,
Pneumonia, chills, fatigue, cough, high_fever, breathlessness, sweating, malaise, phlegm, chest_pain, fast_heart_rate, rusty_sputum,,,,,,
Pneumonia, fatigue, cough, high_fever, breathlessness, sweating, malaise, phlegm, chest_pain, fast_heart_rate, rusty_sputum,,,,,,,
Pneumonia, chills, cough, high_fever, breathlessness, sweating, malaise, phlegm, chest_pain, fast_heart_rate, rusty_sputum,,,,,,,
Pneumonia, chills, fatigue, high_fever, breathlessness, sweating, malaise, phlegm, chest_pain, fast_heart_rate, rusty_sputum,,,,,,,
Pneumonia, chills, fatigue, cough, breathlessness, sweating, malaise, phlegm, chest_pain, fast_heart_rate, rusty_sputum,,,,,,,
Pneumonia, chills, fatigue, cough, high_fever, sweating, malaise, phlegm, chest_pain, fast_heart_rate, rusty_sputum,,,,,,,
Pneumonia, chills, fatigue, cough, high_fever, breathlessness, malaise, phlegm, chest_pain, fast_heart_rate, rusty_sputum,,,,,,,
Pneumonia, chills, fatigue, cough, high_fever, breathlessness, sweating, phlegm, chest_pain, fast_heart_rate, rusty_sputum,,,,,,,
Dimorphic hemmorhoids(piles), constipation, pain_during_bowel_movements, pain_in_anal_region, bloody_stool, irritation_in_anus,,,,,,,,,,,,
Dimorphic hemmorhoids(piles), constipation, pain_during_bowel_movements, pain_in_anal_region, bloody_stool, irritation_in_anus,,,,,,,,,,,,
Dimorphic hemmorhoids(piles), constipation, pain_during_bowel_movements, pain_in_anal_region, bloody_stool, irritation_in_anus,,,,,,,,,,,,
Dimorphic hemmorhoids(piles), pain_during_bowel_movements, pain_in_anal_region, bloody_stool, irritation_in_anus,,,,,,,,,,,,,
Dimorphic hemmorhoids(piles), constipation, pain_in_anal_region, bloody_stool, irritation_in_anus,,,,,,,,,,,,,
Dimorphic hemmorhoids(piles), constipation, pain_during_bowel_movements, bloody_stool, irritation_in_anus,,,,,,,,,,,,,
Dimorphic hemmorhoids(piles), constipation, pain_during_bowel_movements, pain_in_anal_region, irritation_in_anus,,,,,,,,,,,,,
Dimorphic hemmorhoids(piles), constipation, pain_during_bowel_movements, pain_in_anal_region, bloody_stool,,,,,,,,,,,,,
Dimorphic hemmorhoids(piles), constipation, pain_during_bowel_movements, pain_in_anal_region, bloody_stool, irritation_in_anus,,,,,,,,,,,,
Dimorphic hemmorhoids(piles), constipation, pain_during_bowel_movements, pain_in_anal_region, bloody_stool, irritation_in_anus,,,,,,,,,,,,
Heart attack, vomiting, breathlessness, sweating, chest_pain,,,,,,,,,,,,,
Heart attack, vomiting, breathlessness, sweating, chest_pain,,,,,,,,,,,,,
Heart attack, breathlessness, sweating, chest_pain,,,,,,,,,,,,,,
Heart attack, vomiting, sweating, chest_pain,,,,,,,,,,,,,,
Heart attack, vomiting, breathlessness, chest_pain,,,,,,,,,,,,,,
Heart attack, vomiting, breathlessness, sweating,,,,,,,,,,,,,,
Heart attack, vomiting, breathlessness, sweating, chest_pain,,,,,,,,,,,,,
Heart attack, breathlessness, sweating, chest_pain,,,,,,,,,,,,,,
Heart attack, vomiting, sweating, chest_pain,,,,,,,,,,,,,,
Heart attack, vomiting, breathlessness, chest_pain,,,,,,,,,,,,,,
Varicose veins, fatigue, cramps, bruising, obesity, swollen_legs, swollen_blood_vessels, prominent_veins_on_calf,,,,,,,,,,
Varicose veins, fatigue, cramps, bruising, obesity, swollen_legs, swollen_blood_vessels, prominent_veins_on_calf,,,,,,,,,,
Varicose veins, cramps, bruising, obesity, swollen_legs, swollen_blood_vessels, prominent_veins_on_calf,,,,,,,,,,,
Varicose veins, fatigue, bruising, obesity, swollen_legs, swollen_blood_vessels, prominent_veins_on_calf,,,,,,,,,,,
Varicose veins, fatigue, cramps, obesity, swollen_legs, swollen_blood_vessels, prominent_veins_on_calf,,,,,,,,,,,
Varicose veins, fatigue, cramps, bruising, swollen_legs, swollen_blood_vessels, prominent_veins_on_calf,,,,,,,,,,,
Varicose veins, fatigue, cramps, bruising, obesity, swollen_blood_vessels, prominent_veins_on_calf,,,,,,,,,,,
Varicose veins, fatigue, cramps, bruising, obesity, swollen_legs, prominent_veins_on_calf,,,,,,,,,,,
Varicose veins, fatigue, cramps, bruising, obesity, swollen_legs, swollen_blood_vessels,,,,,,,,,,,
Varicose veins, fatigue, cramps, bruising, obesity, swollen_legs, prominent_veins_on_calf,,,,,,,,,,,
Hypothyroidism, fatigue, weight_gain, cold_hands_and_feets, mood_swings, lethargy, dizziness, puffy_face_and_eyes, enlarged_thyroid, brittle_nails, swollen_extremeties, depression, irritability, abnormal_menstruation,,,,
Hypothyroidism, fatigue, weight_gain, cold_hands_and_feets, mood_swings, lethargy, dizziness, puffy_face_and_eyes, enlarged_thyroid, brittle_nails, swollen_extremeties, depression, irritability, abnormal_menstruation,,,,
Hypothyroidism, weight_gain, cold_hands_and_feets, mood_swings, lethargy, dizziness, puffy_face_and_eyes, enlarged_thyroid, brittle_nails, swollen_extremeties, depression, irritability, abnormal_menstruation,,,,,
Hypothyroidism, weight_gain, cold_hands_and_feets, mood_swings, lethargy, dizziness, puffy_face_and_eyes, enlarged_thyroid, brittle_nails, swollen_extremeties, depression, irritability, abnormal_menstruation,,,,,
Hypothyroidism, fatigue, cold_hands_and_feets, mood_swings, lethargy, dizziness, puffy_face_and_eyes, enlarged_thyroid, brittle_nails, swollen_extremeties, depression, irritability, abnormal_menstruation,,,,,
Hypothyroidism, fatigue, weight_gain, mood_swings, lethargy, dizziness, puffy_face_and_eyes, enlarged_thyroid, brittle_nails, swollen_extremeties, depression, irritability, abnormal_menstruation,,,,,
Hypothyroidism, fatigue, weight_gain, cold_hands_and_feets, lethargy, dizziness, puffy_face_and_eyes, enlarged_thyroid, brittle_nails, swollen_extremeties, depression, irritability, abnormal_menstruation,,,,,
Hypothyroidism, fatigue, weight_gain, cold_hands_and_feets, mood_swings, dizziness, puffy_face_and_eyes, enlarged_thyroid, brittle_nails, swollen_extremeties, depression, irritability, abnormal_menstruation,,,,,
Hypothyroidism, fatigue, weight_gain, cold_hands_and_feets, mood_swings, lethargy, puffy_face_and_eyes, enlarged_thyroid, brittle_nails, swollen_extremeties, depression, irritability, abnormal_menstruation,,,,,
Hypothyroidism, fatigue, weight_gain, cold_hands_and_feets, mood_swings, lethargy, dizziness, enlarged_thyroid, brittle_nails, swollen_extremeties, depression, irritability, abnormal_menstruation,,,,,
Hyperthyroidism, fatigue, mood_swings, weight_loss, restlessness, sweating, diarrhoea, fast_heart_rate, excessive_hunger, muscle_weakness, irritability, abnormal_menstruation,,,,,,
Hyperthyroidism, fatigue, mood_swings, weight_loss, restlessness, sweating, diarrhoea, fast_heart_rate, excessive_hunger, muscle_weakness, irritability, abnormal_menstruation,,,,,,
Hyperthyroidism, mood_swings, weight_loss, restlessness, sweating, diarrhoea, fast_heart_rate, excessive_hunger, muscle_weakness, irritability, abnormal_menstruation,,,,,,,
Hyperthyroidism, fatigue, weight_loss, restlessness, sweating, diarrhoea, fast_heart_rate, excessive_hunger, muscle_weakness, irritability, abnormal_menstruation,,,,,,,
Hyperthyroidism, fatigue, mood_swings, restlessness, sweating, diarrhoea, fast_heart_rate, excessive_hunger, muscle_weakness, irritability, abnormal_menstruation,,,,,,,
Hyperthyroidism, fatigue, mood_swings, weight_loss, sweating, diarrhoea, fast_heart_rate, excessive_hunger, muscle_weakness, irritability, abnormal_menstruation,,,,,,,
Hyperthyroidism, fatigue, mood_swings, weight_loss, restlessness, diarrhoea, fast_heart_rate, excessive_hunger, muscle_weakness, irritability, abnormal_menstruation,,,,,,,
Hyperthyroidism, fatigue, mood_swings, weight_loss, restlessness, sweating, fast_heart_rate, excessive_hunger, muscle_weakness, irritability, abnormal_menstruation,,,,,,,
Hyperthyroidism, fatigue, mood_swings, weight_loss, restlessness, sweating, diarrhoea, excessive_hunger, muscle_weakness, irritability, abnormal_menstruation,,,,,,,
Hyperthyroidism, fatigue, mood_swings, weight_loss, restlessness, sweating, diarrhoea, fast_heart_rate, muscle_weakness, irritability, abnormal_menstruation,,,,,,,
Hypoglycemia, vomiting, fatigue, anxiety, sweating, headache, nausea, blurred_and_distorted_vision, excessive_hunger, slurred_speech, irritability, palpitations,,,,,,
Hypoglycemia, vomiting, fatigue, anxiety, sweating, headache, nausea, blurred_and_distorted_vision, excessive_hunger, drying_and_tingling_lips, slurred_speech, irritability, palpitations,,,,,
Hypoglycemia, vomiting, fatigue, anxiety, sweating, headache, nausea, blurred_and_distorted_vision, excessive_hunger, drying_and_tingling_lips, slurred_speech, irritability, palpitations,,,,,
Hypoglycemia, fatigue, anxiety, sweating, headache, nausea, blurred_and_distorted_vision, excessive_hunger, drying_and_tingling_lips, slurred_speech, irritability, palpitations,,,,,,
Hypoglycemia, vomiting, anxiety, sweating, headache, nausea, blurred_and_distorted_vision, excessive_hunger, drying_and_tingling_lips, slurred_speech, irritability, palpitations,,,,,,
Hypoglycemia, vomiting, fatigue, sweating, headache, nausea, blurred_and_distorted_vision, excessive_hunger, drying_and_tingling_lips, slurred_speech, irritability, palpitations,,,,,,
Hypoglycemia, vomiting, fatigue, anxiety, headache, nausea, blurred_and_distorted_vision, excessive_hunger, drying_and_tingling_lips, slurred_speech, irritability, palpitations,,,,,,
Hypoglycemia, vomiting, fatigue, anxiety, sweating, nausea, blurred_and_distorted_vision, excessive_hunger, drying_and_tingling_lips, slurred_speech, irritability, palpitations,,,,,,
Hypoglycemia, vomiting, fatigue, anxiety, sweating, headache, blurred_and_distorted_vision, excessive_hunger, drying_and_tingling_lips, slurred_speech, irritability, palpitations,,,,,,
Hypoglycemia, vomiting, fatigue, anxiety, sweating, headache, nausea, excessive_hunger, drying_and_tingling_lips, slurred_speech, irritability, palpitations,,,,,,
Osteoarthristis, joint_pain, neck_pain, knee_pain, hip_joint_pain, swelling_joints, painful_walking,,,,,,,,,,,
Osteoarthristis, joint_pain, neck_pain, knee_pain, hip_joint_pain, swelling_joints, painful_walking,,,,,,,,,,,
Osteoarthristis, neck_pain, knee_pain, hip_joint_pain, swelling_joints, painful_walking,,,,,,,,,,,,
Osteoarthristis, joint_pain, knee_pain, hip_joint_pain, swelling_joints, painful_walking,,,,,,,,,,,,
Osteoarthristis, joint_pain, neck_pain, hip_joint_pain, swelling_joints, painful_walking,,,,,,,,,,,,
Osteoarthristis, joint_pain, neck_pain, knee_pain, swelling_joints, painful_walking,,,,,,,,,,,,
Osteoarthristis, joint_pain, neck_pain, knee_pain, hip_joint_pain, painful_walking,,,,,,,,,,,,
Osteoarthristis, joint_pain, neck_pain, knee_pain, hip_joint_pain, swelling_joints,,,,,,,,,,,,
Osteoarthristis, joint_pain, neck_pain, knee_pain, hip_joint_pain, swelling_joints, painful_walking,,,,,,,,,,,
Osteoarthristis, joint_pain, neck_pain, knee_pain, hip_joint_pain, swelling_joints, painful_walking,,,,,,,,,,,
Arthritis, muscle_weakness, stiff_neck, swelling_joints, movement_stiffness, painful_walking,,,,,,,,,,,,
Arthritis, muscle_weakness, stiff_neck, swelling_joints, movement_stiffness, painful_walking,,,,,,,,,,,,
Arthritis, stiff_neck, swelling_joints, movement_stiffness, painful_walking,,,,,,,,,,,,,
Arthritis, muscle_weakness, swelling_joints, movement_stiffness, painful_walking,,,,,,,,,,,,,
Arthritis, muscle_weakness, stiff_neck, movement_stiffness, painful_walking,,,,,,,,,,,,,
Arthritis, muscle_weakness, stiff_neck, swelling_joints, painful_walking,,,,,,,,,,,,,
Arthritis, muscle_weakness, stiff_neck, swelling_joints, movement_stiffness, painful_walking,,,,,,,,,,,,
Arthritis, muscle_weakness, stiff_neck, swelling_joints, movement_stiffness,,,,,,,,,,,,,
Arthritis, muscle_weakness, stiff_neck, swelling_joints, movement_stiffness, painful_walking,,,,,,,,,,,,
Arthritis, muscle_weakness, stiff_neck, swelling_joints, movement_stiffness, painful_walking,,,,,,,,,,,,
(vertigo) Paroymsal  Positional Vertigo, vomiting, headache, nausea, spinning_movements, loss_of_balance, unsteadiness,,,,,,,,,,,
(vertigo) Paroymsal  Positional Vertigo, vomiting, headache, nausea, spinning_movements, loss_of_balance, unsteadiness,,,,,,,,,,,
(vertigo) Paroymsal  Positional Vertigo, headache, nausea, spinning_movements, loss_of_balance, unsteadiness,,,,,,,,,,,,
(vertigo) Paroymsal  Positional Vertigo, vomiting, nausea, spinning_movements, loss_of_balance, unsteadiness,,,,,,,,,,,,
(vertigo) Paroymsal  Positional Vertigo, vomiting, headache, spinning_movements, loss_of_balance, unsteadiness,,,,,,,,,,,,
(vertigo) Paroymsal  Positional Vertigo, vomiting, headache, nausea, loss_of_balance, unsteadiness,,,,,,,,,,,,
(vertigo) Paroymsal  Positional Vertigo, vomiting, headache, nausea, spinning_movements, unsteadiness,,,,,,,,,,,,
(vertigo) Paroymsal  Positional Vertigo, vomiting, headache, nausea, spinning_movements, loss_of_balance,,,,,,,,,,,,
(vertigo) Paroymsal  Positional Vertigo, vomiting, headache, nausea, spinning_movements, loss_of_balance, unsteadiness,,,,,,,,,,,
(vertigo) Paroymsal  Positional Vertigo, vomiting, headache, nausea, loss_of_balance, unsteadiness,,,,,,,,,,,,
Acne, skin_rash, pus_filled_pimples, blackheads, scurring,,,,,,,,,,,,,
Acne, skin_rash, pus_filled_pimples, blackheads, scurring,,,,,,,,,,,,,
Acne, pus_filled_pimples, blackheads, scurring,,,,,,,,,,,,,,
Acne, skin_rash, blackheads, scurring,,,,,,,,,,,,,,
Acne, skin_rash, pus_filled_pimples, scurring,,,,,,,,,,,,,,
Acne, skin_rash, pus_filled_pimples, blackheads,,,,,,,,,,,,,,
Acne, skin_rash, pus_filled_pimples, blackheads, scurring,,,,,,,,,,,,,
Acne, skin_rash, pus_filled_pimples, blackheads,,,,,,,,,,,,,,
Acne, skin_rash, pus_filled_pimples, scurring,,,,,,,,,,,,,,
Acne, skin_rash, blackheads, scurring,,,,,,,,,,,,,,
Urinary tract infection, burning_micturition, bladder_discomfort, foul_smell_of urine, continuous_feel_of_urine,,,,,,,,,,,,,
Urinary tract infection, burning_micturition, bladder_discomfort, foul_smell_of urine, continuous_feel_of_urine,,,,,,,,,,,,,
Urinary tract infection, bladder_discomfort, foul_smell_of urine, continuous_feel_of_urine,,,,,,,,,,,,,,
Urinary tract infection, burning_micturition, foul_smell_of urine, continuous_feel_of_urine,,,,,,,,,,,,,,
Urinary tract infection, burning_micturition, bladder_discomfort, continuous_feel_of_urine,,,,,,,,,,,,,,
Urinary tract infection, burning_micturition, bladder_discomfort, foul_smell_of urine,,,,,,,,,,,,,,
Urinary tract infection, burning_micturition, bladder_discomfort, foul_smell_of urine, continuous_feel_of_urine,,,,,,,,,,,,,
Urinary tract infection, burning_micturition, bladder_discomfort, continuous_feel_of_urine,,,,,,,,,,,,,,
Urinary tract infection, bladder_discomfort, foul_smell_of urine, continuous_feel_of_urine,,,,,,,,,,,,,,
Urinary tract infection, burning_micturition, bladder_discomfort, continuous_feel_of_urine,,,,,,,,,,,,,,
Psoriasis, skin_rash, joint_pain, skin_peeling, silver_like_dusting, small_dents_in_nails, inflammatory_nails,,,,,,,,,,,
Psoriasis, skin_rash, joint_pain, skin_peeling, silver_like_dusting, small_dents_in_nails, inflammatory_nails,,,,,,,,,,,
Psoriasis, joint_pain, skin_peeling, silver_like_dusting, small_dents_in_nails, inflammatory_nails,,,,,,,,,,,,
Psoriasis, skin_rash, skin_peeling, silver_like_dusting, small_dents_in_nails, inflammatory_nails,,,,,,,,,,,,
Psoriasis, skin_rash, joint_pain, silver_like_dusting, small_dents_in_nails, inflammatory_nails,,,,,,,,,,,,
Psoriasis, skin_rash, joint_pain, skin_peeling, small_dents_in_nails, inflammatory_nails,,,,,,,,,,,,
Psoriasis, skin_rash, joint_pain, skin_peeling, silver_like_dusting, inflammatory_nails,,,,,,,,,,,,
Psoriasis, skin_rash, joint_pain, skin_peeling, silver_like_dusting, small_dents_in_nails,,,,,,,,,,,,
Psoriasis, skin_rash, joint_pain, skin_peeling, silver_like_dusting, small_dents_in_nails, inflammatory_nails,,,,,,,,,,,
Psoriasis, skin_rash, joint_pain, skin_peeling, silver_like_dusting, small_dents_in_nails, inflammatory_nails,,,,,,,,,,,
Impetigo, skin_rash, high_fever, blister, red_sore_around_nose, yellow_crust_ooze,,,,,,,,,,,,
Impetigo, skin_rash, high_fever, blister, red_sore_around_nose, yellow_crust_ooze,,,,,,,,,,,,
Impetigo, high_fever, blister, red_sore_around_nose, yellow_crust_ooze,,,,,,,,,,,,,
Impetigo, skin_rash, blister, red_sore_around_nose, yellow_crust_ooze,,,,,,,,,,,,,
Impetigo, skin_rash, blister, red_sore_around_nose, yellow_crust_ooze,,,,,,,,,,,,,
Impetigo, skin_rash, high_fever, red_sore_around_nose, yellow_crust_ooze,,,,,,,,,,,,,
Impetigo, skin_rash, high_fever, blister, yellow_crust_ooze,,,,,,,,,,,,,
Impetigo, skin_rash, high_fever, blister, red_sore_around_nose,,,,,,,,,,,,,
Impetigo, skin_rash, high_fever, blister, red_sore_around_nose, yellow_crust_ooze,,,,,,,,,,,,
Impetigo, skin_rash, blister, red_sore_around_nose, yellow_crust_ooze,,,,,,,,,,,,,
Fungal infection,itching, skin_rash, nodal_skin_eruptions, dischromic _patches,,,,,,,,,,,,,
Fungal infection, skin_rash, nodal_skin_eruptions, dischromic _patches,,,,,,,,,,,,,,
Fungal infection,itching, nodal_skin_eruptions, dischromic _patches,,,,,,,,,,,,,,
Fungal infection,itching, skin_rash, dischromic _patches,,,,,,,,,,,,,,
Fungal infection,itching, skin_rash, nodal_skin_eruptions,,,,,,,,,,,,,,
Fungal infection, skin_rash, nodal_skin_eruptions, dischromic _patches,,,,,,,,,,,,,,
Fungal infection,itching, nodal_skin_eruptions, dischromic _patches,,,,,,,,,,,,,,
Fungal infection,itching, skin_rash, dischromic _patches,,,,,,,,,,,,,,
Fungal infection,itching, skin_rash, nodal_skin_eruptions,,,,,,,,,,,,,,
Fungal infection,itching, skin_rash, nodal_skin_eruptions, dischromic _patches,,,,,,,,,,,,,
Allergy, continuous_sneezing, shivering, chills, watering_from_eyes,,,,,,,,,,,,,
Allergy, shivering, chills, watering_from_eyes,,,,,,,,,,,,,,
Allergy, continuous_sneezing, chills, watering_from_eyes,,,,,,,,,,,,,,
Allergy, continuous_sneezing, shivering, watering_from_eyes,,,,,,,,,,,,,,
Allergy, continuous_sneezing, shivering, chills,,,,,,,,,,,,,,
Allergy, shivering, chills, watering_from_eyes,,,,,,,,,,,,,,
Allergy, continuous_sneezing, chills, watering_from_eyes,,,,,,,,,,,,,,
Allergy, continuous_sneezing, shivering, watering_from_eyes,,,,,,,,,,,,,,
Allergy, continuous_sneezing, shivering, chills,,,,,,,,,,,,,,
Allergy, continuous_sneezing, shivering, chills, watering_from_eyes,,,,,,,,,,,,,
GERD, stomach_pain, acidity, ulcers_on_tongue, vomiting, cough, chest_pain,,,,,,,,,,,
GERD, stomach_pain, ulcers_on_tongue, vomiting, cough, chest_pain,,,,,,,,,,,,
GERD, stomach_pain, acidity, vomiting, cough, chest_pain,,,,,,,,,,,,
GERD, stomach_pain, acidity, ulcers_on_tongue, cough, chest_pain,,,,,,,,,,,,
GERD, stomach_pain, acidity, ulcers_on_tongue, vomiting, chest_pain,,,,,,,,,,,,
GERD, stomach_pain, acidity, ulcers_on_tongue, vomiting, cough,,,,,,,,,,,,
GERD, acidity, ulcers_on_tongue, vomiting, cough, chest_pain,,,,,,,,,,,,
GERD, stomach_pain, ulcers_on_tongue, vomiting, cough, chest_pain,,,,,,,,,,,,
GERD, stomach_pain, acidity, vomiting, cough, chest_pain,,,,,,,,,,,,
GERD, stomach_pain, acidity, ulcers_on_tongue, cough, chest_pain,,,,,,,,,,,,
Chronic cholestasis,itching, vomiting, yellowish_skin, nausea, loss_of_appetite, abdominal_pain, yellowing_of_eyes,,,,,,,,,,
Chronic cholestasis, vomiting, yellowish_skin, nausea, loss_of_appetite, abdominal_pain, yellowing_of_eyes,,,,,,,,,,,
Chronic cholestasis,itching, yellowish_skin, nausea, loss_of_appetite, abdominal_pain, yellowing_of_eyes,,,,,,,,,,,
Chronic cholestasis,itching, vomiting, nausea, loss_of_appetite, abdominal_pain, yellowing_of_eyes,,,,,,,,,,,
Chronic cholestasis,itching, vomiting, yellowish_skin, loss_of_appetite, abdominal_pain, yellowing_of_eyes,,,,,,,,,,,
Chronic cholestasis,itching, vomiting, yellowish_skin, nausea, abdominal_pain, yellowing_of_eyes,,,,,,,,,,,
Chronic cholestasis,itching, vomiting, yellowish_skin, nausea, loss_of_appetite, yellowing_of_eyes,,,,,,,,,,,
Chronic cholestasis,itching, vomiting, yellowish_skin, nausea, loss_of_appetite, abdominal_pain,,,,,,,,,,,
Chronic cholestasis,itching, vomiting, yellowish_skin, nausea, loss_of_appetite, abdominal_pain, yellowing_of_eyes,,,,,,,,,,
Chronic cholestasis,itching, vomiting, yellowish_skin, nausea, loss_of_appetite, abdominal_pain, yellowing_of_eyes,,,,,,,,,,
Drug Reaction,itching, skin_rash, stomach_pain, burning_micturition, spotting_ urination,,,,,,,,,,,,
Drug Reaction,itching, stomach_pain, burning_micturition, spotting_ urination,,,,,,,,,,,,,
Drug Reaction,itching, skin_rash, burning_micturition, spotting_ urination,,,,,,,,,,,,,
Drug Reaction,itching, skin_rash, stomach_pain, spotting_ urination,,,,,,,,,,,,,
Drug Reaction,itching, skin_rash, stomach_pain, burning_micturition,,,,,,,,,,,,,
Drug Reaction, skin_rash, stomach_pain, burning_micturition, spotting_ urination,,,,,,,,,,,,,
Drug Reaction,itching, stomach_pain, burning_micturition, spotting_ urination,,,,,,,,,,,,,
Drug Reaction,itching, skin_rash, burning_micturition, spotting_ urination,,,,,,,,,,,,,
Drug Reaction,itching, skin_rash, stomach_pain, spotting_ urination,,,,,,,,,,,,,
Drug Reaction,itching, skin_rash, stomach_pain, burning_micturition,,,,,,,,,,,,,
Peptic ulcer diseae, vomiting, loss_of_appetite, abdominal_pain, passage_of_gases, internal_itching,,,,,,,,,,,,
Peptic ulcer diseae, vomiting, indigestion, abdominal_pain, passage_of_gases, internal_itching,,,,,,,,,,,,
Peptic ulcer diseae, indigestion, loss_of_appetite, abdominal_pain, passage_of_gases, internal_itching,,,,,,,,,,,,
Peptic ulcer diseae, vomiting, loss_of_appetite, abdominal_pain, passage_of_gases, internal_itching,,,,,,,,,,,,
Peptic ulcer diseae, vomiting, indigestion, abdominal_pain, passage_of_gases, internal_itching,,,,,,,,,,,,
Peptic ulcer diseae, vomiting, indigestion, loss_of_appetite, passage_of_gases, internal_itching,,,,,,,,,,,,
Peptic ulcer diseae, vomiting, indigestion, loss_of_appetite, abdominal_pain, internal_itching,,,,,,,,,,,,
Peptic ulcer diseae, vomiting, indigestion, loss_of_appetite, abdominal_pain, passage_of_gases,,,,,,,,,,,,
Peptic ulcer diseae, vomiting, indigestion, loss_of_appetite, abdominal_pain, passage_of_gases, internal_itching,,,,,,,,,,,
Peptic ulcer diseae, vomiting, indigestion, loss_of_appetite, abdominal_pain, passage_of_gases, internal_itching,,,,,,,,,,,
AIDS, muscle_wasting, patches_in_throat, high_fever, extra_marital_contacts,,,,,,,,,,,,,
AIDS, patches_in_throat, high_fever, extra_marital_contacts,,,,,,,,,,,,,,
AIDS, muscle_wasting, high_fever, extra_marital_contacts,,,,,,,,,,,,,,
AIDS, muscle_wasting, patches_in_throat, extra_marital_contacts,,,,,,,,,,,,,,
AIDS, muscle_wasting, patches_in_throat, high_fever,,,,,,,,,,,,,,
AIDS, muscle_wasting, patches_in_throat, high_fever, extra_marital_contacts,,,,,,,,,,,,,
AIDS, muscle_wasting, patches_in_throat, high_fever, extra_marital_contacts,,,,,,,,,,,,,
AIDS, patches_in_throat, high_fever, extra_marital_contacts,,,,,,,,,,,,,,
AIDS, muscle_wasting, high_fever, extra_marital_contacts,,,,,,,,,,,,,,
AIDS, muscle_wasting, patches_in_throat, high_fever,,,,,,,,,,,,,,
Diabetes, fatigue, weight_loss, restlessness, lethargy, irregular_sugar_level, blurred_and_distorted_vision, obesity, excessive_hunger, increased_appetite, polyuria,,,,,,,
Diabetes, fatigue, weight_loss, restlessness, lethargy, irregular_sugar_level, blurred_and_distorted_vision, obesity, excessive_hunger, increased_appetite, polyuria,,,,,,,
Diabetes, weight_loss, restlessness, lethargy, irregular_sugar_level, blurred_and_distorted_vision, obesity, excessive_hunger, increased_appetite, polyuria,,,,,,,,
Diabetes, fatigue, restlessness, lethargy, irregular_sugar_level, blurred_and_distorted_vision, obesity, excessive_hunger, increased_appetite, polyuria,,,,,,,,
Diabetes, fatigue, weight_loss, lethargy, irregular_sugar_level, blurred_and_distorted_vision, obesity, excessive_hunger, increased_appetite, polyuria,,,,,,,,
Diabetes, fatigue, weight_loss, restlessness, irregular_sugar_level, blurred_and_distorted_vision, obesity, excessive_hunger, increased_appetite, polyuria,,,,,,,,
Diabetes, fatigue, weight_loss, restlessness, lethargy, blurred_and_distorted_vision, obesity, excessive_hunger, increased_appetite, polyuria,,,,,,,,
Diabetes, fatigue, weight_loss, restlessness, lethargy, irregular_sugar_level, obesity, excessive_hunger, increased_appetite, polyuria,,,,,,,,
Diabetes, fatigue, weight_loss, restlessness, lethargy, irregular_sugar_level, blurred_and_distorted_vision, excessive_hunger, increased_appetite, polyuria,,,,,,,,
Diabetes, fatigue, weight_loss, restlessness, lethargy, irregular_sugar_level, blurred_and_distorted_vision, obesity, increased_appetite, polyuria,,,,,,,,
Gastroenteritis, vomiting, sunken_eyes, dehydration, diarrhoea,,,,,,,,,,,,,
Gastroenteritis, vomiting, sunken_eyes, dehydration, diarrhoea,,,,,,,,,,,,,
Gastroenteritis, sunken_eyes, dehydration, diarrhoea,,,,,,,,,,,,,,
Gastroenteritis, vomiting, dehydration, diarrhoea,,,,,,,,,,,,,,
Gastroenteritis, vomiting, sunken_eyes, diarrhoea,,,,,,,,,,,,,,
Gastroenteritis, vomiting, sunken_eyes, dehydration,,,,,,,,,,,,,,
Gastroenteritis, vomiting, sunken_eyes, dehydration, diarrhoea,,,,,,,,,,,,,
Gastroenteritis, sunken_eyes, dehydration, diarrhoea,,,,,,,,,,,,,,
Gastroenteritis, vomiting, dehydration, diarrhoea,,,,,,,,,,,,,,
Gastroenteritis, vomiting, sunken_eyes, diarrhoea,,,,,,,,,,,,,,
Bronchial Asthma, fatigue, cough, high_fever, breathlessness, family_history, mucoid_sputum,,,,,,,,,,,
Bronchial Asthma, cough, high_fever, breathlessness, family_history, mucoid_sputum,,,,,,,,,,,,
Bronchial Asthma, fatigue, high_fever, breathlessness, family_history, mucoid_sputum,,,,,,,,,,,,
Bronchial Asthma, fatigue, cough, breathlessness, family_history, mucoid_sputum,,,,,,,,,,,,
Bronchial Asthma, fatigue, cough, high_fever, family_history, mucoid_sputum,,,,,,,,,,,,
Bronchial Asthma, fatigue, cough, high_fever, breathlessness, mucoid_sputum,,,,,,,,,,,,
Bronchial Asthma, fatigue, cough, high_fever, breathlessness, family_history,,,,,,,,,,,,
Bronchial Asthma, fatigue, cough, high_fever, breathlessness, family_history, mucoid_sputum,,,,,,,,,,,
Bronchial Asthma, cough, high_fever, breathlessness, family_history, mucoid_sputum,,,,,,,,,,,,
Bronchial Asthma, fatigue, high_fever, breathlessness, family_history, mucoid_sputum,,,,,,,,,,,,
Hypertension, headache, chest_pain, dizziness, loss_of_balance, lack_of_concentration,,,,,,,,,,,,
Hypertension, chest_pain, dizziness, loss_of_balance, lack_of_concentration,,,,,,,,,,,,,
Hypertension, headache, dizziness, loss_of_balance, lack_of_concentration,,,,,,,,,,,,,
Hypertension, headache, chest_pain, loss_of_balance, lack_of_concentration,,,,,,,,,,,,,
Hypertension, headache, chest_pain, dizziness, lack_of_concentration,,,,,,,,,,,,,
Hypertension, headache, chest_pain, dizziness, loss_of_balance,,,,,,,,,,,,,
Hypertension, headache, chest_pain, dizziness, loss_of_balance, lack_of_concentration,,,,,,,,,,,,
Hypertension, chest_pain, dizziness, loss_of_balance, lack_of_concentration,,,,,,,,,,,,,
Hypertension, headache, dizziness, loss_of_balance, lack_of_concentration,,,,,,,,,,,,,
Hypertension, headache, chest_pain, loss_of_balance, lack_of_concentration,,,,,,,,,,,,,
Migraine, acidity, indigestion, headache, blurred_and_distorted_vision, excessive_hunger, stiff_neck, depression, irritability, visual_disturbances,,,,,,,,
Migraine, indigestion, headache, blurred_and_distorted_vision, excessive_hunger, stiff_neck, depression, irritability, visual_disturbances,,,,,,,,,
Migraine, acidity, headache, blurred_and_distorted_vision, excessive_hunger, stiff_neck, depression, irritability, visual_disturbances,,,,,,,,,
Migraine, acidity, indigestion, blurred_and_distorted_vision, excessive_hunger, stiff_neck, depression, irritability, visual_disturbances,,,,,,,,,
Migraine, acidity, indigestion, headache, excessive_hunger, stiff_neck, depression, irritability, visual_disturbances,,,,,,,,,
Migraine, acidity, indigestion, headache, blurred_and_distorted_vision, stiff_neck, depression, irritability, visual_disturbances,,,,,,,,,
Migraine, acidity, indigestion, headache, blurred_and_distorted_vision, excessive_hunger, depression, irritability, visual_disturbances,,,,,,,,,
Migraine, acidity, indigestion, headache, blurred_and_distorted_vision, excessive_hunger, stiff_neck, irritability, visual_disturbances,,,,,,,,,
Migraine, acidity, indigestion, headache, blurred_and_distorted_vision, excessive_hunger, stiff_neck, depression, visual_disturbances,,,,,,,,,
Migraine, acidity, indigestion, headache, blurred_and_distorted_vision, excessive_hunger, stiff_neck, depression, irritability,,,,,,,,,
Cervical spondylosis, back_pain, weakness_in_limbs, neck_pain, dizziness, loss_of_balance,,,,,,,,,,,,
Cervical spondylosis, back_pain, weakness_in_limbs, neck_pain, dizziness, loss_of_balance,,,,,,,,,,,,
Cervical spondylosis, weakness_in_limbs, neck_pain, dizziness, loss_of_balance,,,,,,,,,,,,,
Cervical spondylosis, back_pain, neck_pain, dizziness, loss_of_balance,,,,,,,,,,,,,
Cervical spondylosis, back_pain, weakness_in_limbs, dizziness, loss_of_balance,,,,,,,,,,,,,
Cervical spondylosis, back_pain, weakness_in_limbs, neck_pain, loss_of_balance,,,,,,,,,,,,,
Cervical spondylosis, back_pain, weakness_in_limbs, neck_pain, dizziness,,,,,,,,,,,,,
Cervical spondylosis, back_pain, weakness_in_limbs, neck_pain, dizziness, loss_of_balance,,,,,,,,,,,,
Cervical spondylosis, weakness_in_limbs, neck_pain, dizziness, loss_of_balance,,,,,,,,,,,,,
Cervical spondylosis, back_pain, neck_pain, dizziness, loss_of_balance,,,,,,,,,,,,,
Paralysis (brain hemorrhage), vomiting, headache, weakness_of_one_body_side, altered_sensorium,,,,,,,,,,,,,
Paralysis (brain hemorrhage), vomiting, headache, weakness_of_one_body_side, altered_sensorium,,,,,,,,,,,,,
Paralysis (brain hemorrhage), headache, weakness_of_one_body_side, altered_sensorium,,,,,,,,,,,,,,
Paralysis (brain hemorrhage), vomiting, weakness_of_one_body_side, altered_sensorium,,,,,,,,,,,,,,
Paralysis (brain hemorrhage), vomiting, headache, altered_sensorium,,,,,,,,,,,,,,
Paralysis (brain hemorrhage), vomiting, headache, weakness_of_one_body_side,,,,,,,,,,,,,,
Paralysis (brain hemorrhage), vomiting, headache, weakness_of_one_body_side, altered_sensorium,,,,,,,,,,,,,
Paralysis (brain hemorrhage), headache, weakness_of_one_body_side, altered_sensorium,,,,,,,,,,,,,,
Paralysis (brain hemorrhage), vomiting, weakness_of_one_body_side, altered_sensorium,,,,,,,,,,,,,,
Paralysis (brain hemorrhage), vomiting, headache, altered_sensorium,,,,,,,,,,,,,,
Jaundice,itching, vomiting, fatigue, weight_loss, high_fever, yellowish_skin, dark_urine, abdominal_pain,,,,,,,,,
Jaundice,itching, vomiting, fatigue, weight_loss, high_fever, yellowish_skin, dark_urine, abdominal_pain,,,,,,,,,
Jaundice, vomiting, fatigue, weight_loss, high_fever, yellowish_skin, dark_urine, abdominal_pain,,,,,,,,,,
Jaundice,itching, fatigue, weight_loss, high_fever, yellowish_skin, dark_urine, abdominal_pain,,,,,,,,,,
Jaundice,itching, vomiting, weight_loss, high_fever, yellowish_skin, dark_urine, abdominal_pain,,,,,,,,,,
Jaundice,itching, vomiting, fatigue, high_fever, yellowish_skin, dark_urine, abdominal_pain,,,,,,,,,,
Jaundice,itching, vomiting, fatigue, weight_loss, yellowish_skin, dark_urine, abdominal_pain,,,,,,,,,,
Jaundice,itching, vomiting, fatigue, weight_loss, high_fever, dark_urine, abdominal_pain,,,,,,,,,,
Jaundice,itching, vomiting, fatigue, weight_loss, high_fever, yellowish_skin, abdominal_pain,,,,,,,,,,
Jaundice,itching, vomiting, fatigue, weight_loss, high_fever, yellowish_skin, dark_urine,,,,,,,,,,
Malaria, chills, vomiting, high_fever, sweating, headache, nausea, muscle_pain,,,,,,,,,,
Malaria, chills, vomiting, high_fever, sweating, headache, nausea, diarrhoea, muscle_pain,,,,,,,,,
Malaria, chills, vomiting, high_fever, sweating, headache, nausea, diarrhoea, muscle_pain,,,,,,,,,
Malaria, vomiting, high_fever, sweating, headache, nausea, diarrhoea, muscle_pain,,,,,,,,,,
Malaria, chills, high_fever, sweating, headache, nausea, diarrhoea, muscle_pain,,,,,,,,,,
Malaria, chills, vomiting, sweating, headache, nausea, diarrhoea, muscle_pain,,,,,,,,,,
Malaria, chills, vomiting, high_fever, headache, nausea, diarrhoea, muscle_pain,,,,,,,,,,
Malaria, chills, vomiting, high_fever, sweating, nausea, diarrhoea, muscle_pain,,,,,,,,,,
Malaria, chills, vomiting, high_fever, sweating, headache, diarrhoea, muscle_pain,,,,,,,,,,
Malaria, chills, vomiting, high_fever, sweating, headache, nausea, muscle_pain,,,,,,,,,,
Chicken pox,itching, skin_rash, fatigue, lethargy, high_fever, headache, loss_of_appetite, mild_fever, swelled_lymph_nodes, malaise, red_spots_over_body,,,,,,
Chicken pox, skin_rash, fatigue, lethargy, high_fever, headache, loss_of_appetite, mild_fever, swelled_lymph_nodes, malaise, red_spots_over_body,,,,,,,
Chicken pox,itching, fatigue, lethargy, high_fever, headache, loss_of_appetite, mild_fever, swelled_lymph_nodes, malaise, red_spots_over_body,,,,,,,
Chicken pox,itching, skin_rash, lethargy, high_fever, headache, loss_of_appetite, mild_fever, swelled_lymph_nodes, malaise, red_spots_over_body,,,,,,,
Chicken pox,itching, skin_rash, fatigue, high_fever, headache, loss_of_appetite, mild_fever, swelled_lymph_nodes, malaise, red_spots_over_body,,,,,,,
Chicken pox,itching, skin_rash, fatigue, lethargy, headache, loss_of_appetite, mild_fever, swelled_lymph_nodes, malaise, red_spots_over_body,,,,,,,
Chicken pox,itching, skin_rash, fatigue, lethargy, high_fever, loss_of_appetite, mild_fever, swelled_lymph_nodes, malaise, red_spots_over_body,,,,,,,
Chicken pox,itching, skin_rash, fatigue, lethargy, high_fever, headache, mild_fever, swelled_lymph_nodes, malaise, red_spots_over_body,,,,,,,
Chicken pox,itching, skin_rash, fatigue, lethargy, high_fever, headache, loss_of_appetite, swelled_lymph_nodes, malaise, red_spots_over_body,,,,,,,
Chicken pox,itching, skin_rash, fatigue, lethargy, high_fever, headache, loss_of_appetite, mild_fever, malaise, red_spots_over_body,,,,,,,
Dengue, skin_rash, chills, joint_pain, vomiting, fatigue, high_fever, headache, nausea, loss_of_appetite, pain_behind_the_eyes, back_pain, muscle_pain, red_spots_over_body,,,,
Dengue, skin_rash, chills, joint_pain, vomiting, fatigue, high_fever, headache, nausea, loss_of_appetite, pain_behind_the_eyes, back_pain, malaise, red_spots_over_body,,,,
Dengue, skin_rash, chills, joint_pain, vomiting, fatigue, high_fever, headache, nausea, loss_of_appetite, pain_behind_the_eyes, back_pain, malaise, muscle_pain,,,,
Dengue, skin_rash, chills, joint_pain, vomiting, fatigue, high_fever, headache, nausea, loss_of_appetite, pain_behind_the_eyes, back_pain, malaise, muscle_pain, red_spots_over_body,,,
Dengue, chills, joint_pain, vomiting, fatigue, high_fever, headache, nausea, loss_of_appetite, pain_behind_the_eyes, back_pain, malaise, muscle_pain, red_spots_over_body,,,,
Dengue, skin_rash, joint_pain, vomiting, fatigue, high_fever, headache, nausea, loss_of_appetite, pain_behind_the_eyes, back_pain, malaise, muscle_pain, red_spots_over_body,,,,
Dengue, skin_rash, chills, vomiting, fatigue, high_fever, headache, nausea, loss_of_appetite, pain_behind_the_eyes, back_pain, malaise, muscle_pain, red_spots_over_body,,,,
Dengue, skin_rash, chills, joint_pain, fatigue, high_fever, headache, nausea, loss_of_appetite, pain_behind_the_eyes, back_pain, malaise, muscle_pain, red_spots_over_body,,,,
Dengue, skin_rash, chills, joint_pain, vomiting, high_fever, headache, nausea, loss_of_appetite, pain_behind_the_eyes, back_pain, malaise, muscle_pain, red_spots_over_body,,,,
Dengue, skin_rash, chills, joint_pain, vomiting, fatigue, headache, nausea, loss_of_appetite, pain_behind_the_eyes, back_pain, malaise, muscle_pain, red_spots_over_body,,,,
Typhoid, chills, vomiting, fatigue, high_fever, nausea, constipation, abdominal_pain, diarrhoea, toxic_look_(typhos), belly_pain,,,,,,,
Typhoid, chills, vomiting, fatigue, high_fever, headache, constipation, abdominal_pain, diarrhoea, toxic_look_(typhos), belly_pain,,,,,,,
Typhoid, chills, vomiting, fatigue, high_fever, headache, nausea, abdominal_pain, diarrhoea, toxic_look_(typhos), belly_pain,,,,,,,
Typhoid, chills, vomiting, fatigue, high_fever, headache, nausea, constipation, diarrhoea, toxic_look_(typhos), belly_pain,,,,,,,
Typhoid, chills, vomiting, fatigue, high_fever, headache, nausea, constipation, abdominal_pain, toxic_look_(typhos), belly_pain,,,,,,,
Typhoid, chills, vomiting, fatigue, high_fever, headache, nausea, constipation, abdominal_pain, diarrhoea, belly_pain,,,,,,,
Typhoid, chills, vomiting, fatigue, high_fever, headache, nausea, constipation, abdominal_pain, diarrhoea, toxic_look_(typhos),,,,,,,
Typhoid, chills, vomiting, fatigue, high_fever, headache, nausea, constipation, abdominal_pain, diarrhoea, toxic_look_(typhos), belly_pain,,,,,,
Typhoid, chills, vomiting, fatigue, high_fever, headache, nausea, constipation, abdominal_pain, diarrhoea, toxic_look_(typhos), belly_pain,,,,,,
Typhoid, chills, fatigue, high_fever, headache, nausea, constipation, abdominal_pain, diarrhoea, toxic_look_(typhos), belly_pain,,,,,,,
hepatitis A, joint_pain, vomiting, yellowish_skin, dark_urine, nausea, loss_of_appetite, abdominal_pain, diarrhoea, mild_fever, yellowing_of_eyes, muscle_pain,,,,,,
hepatitis A, joint_pain, vomiting, yellowish_skin, dark_urine, nausea, loss_of_appetite, abdominal_pain, diarrhoea, mild_fever, yellowing_of_eyes, muscle_pain,,,,,,
hepatitis A, vomiting, yellowish_skin, dark_urine, nausea, loss_of_appetite, abdominal_pain, diarrhoea, mild_fever, yellowing_of_eyes, muscle_pain,,,,,,,
hepatitis A, joint_pain, yellowish_skin, dark_urine, nausea, loss_of_appetite, abdominal_pain, diarrhoea, mild_fever, yellowing_of_eyes, muscle_pain,,,,,,,
hepatitis A, joint_pain, vomiting, dark_urine, nausea, loss_of_appetite, abdominal_pain, diarrhoea, mild_fever, yellowing_of_eyes, muscle_pain,,,,,,,
hepatitis A, joint_pain, vomiting, yellowish_skin, nausea, loss_of_appetite, abdominal_pain, diarrhoea, mild_fever, yellowing_of_eyes, muscle_pain,,,,,,,
hepatitis A, joint_pain, vomiting, yellowish_skin, dark_urine, loss_of_appetite, abdominal_pain, diarrhoea, mild_fever, yellowing_of_eyes, muscle_pain,,,,,,,
hepatitis A, joint_pain, vomiting, yellowish_skin, dark_urine, nausea, abdominal_pain, diarrhoea, mild_fever, yellowing_of_eyes, muscle_pain,,,,,,,
hepatitis A, joint_pain, vomiting, yellowish_skin, dark_urine, nausea, loss_of_appetite, diarrhoea, mild_fever, yellowing_of_eyes, muscle_pain,,,,,,,
hepatitis A, joint_pain, vomiting, yellowish_skin, dark_urine, nausea, loss_of_appetite, abdominal_pain, mild_fever, yellowing_of_eyes, muscle_pain,,,,,,,
Hepatitis B,itching, fatigue, lethargy, yellowish_skin, dark_urine, loss_of_appetite, abdominal_pain, yellow_urine, yellowing_of_eyes, malaise, receiving_blood_transfusion, receiving_unsterile_injections,,,,,
Hepatitis B,itching, fatigue, lethargy, yellowish_skin, dark_urine, loss_of_appetite, abdominal_pain, yellow_urine, yellowing_of_eyes, malaise, receiving_blood_transfusion, receiving_unsterile_injections,,,,,
Hepatitis B, fatigue, lethargy, yellowish_skin, dark_urine, loss_of_appetite, abdominal_pain, yellow_urine, yellowing_of_eyes, malaise, receiving_blood_transfusion, receiving_unsterile_injections,,,,,,
Hepatitis B,itching, lethargy, yellowish_skin, dark_urine, loss_of_appetite, abdominal_pain, yellow_urine, yellowing_of_eyes, malaise, receiving_blood_transfusion, receiving_unsterile_injections,,,,,,
Hepatitis B,itching, fatigue, yellowish_skin, dark_urine, loss_of_appetite, abdominal_pain, yellow_urine, yellowing_of_eyes, malaise, receiving_blood_transfusion, receiving_unsterile_injections,,,,,,
Hepatitis B,itching, fatigue, lethargy, dark_urine, loss_of_appetite, abdominal_pain, yellow_urine, yellowing_of_eyes, malaise, receiving_blood_transfusion, receiving_unsterile_injections,,,,,,
Hepatitis B,itching, fatigue, lethargy, yellowish_skin, loss_of_appetite, abdominal_pain, yellow_urine, yellowing_of_eyes, malaise, receiving_blood_transfusion, receiving_unsterile_injections,,,,,,
Hepatitis B,itching, fatigue, lethargy, yellowish_skin, dark_urine, abdominal_pain, yellow_urine, yellowing_of_eyes, malaise, receiving_blood_transfusion, receiving_unsterile_injections,,,,,,
Hepatitis B,itching, fatigue, lethargy, yellowish_skin, dark_urine, loss_of_appetite, yellow_urine, yellowing_of_eyes, malaise, receiving_blood_transfusion, receiving_unsterile_injections,,,,,,
Hepatitis B,itching, fatigue, lethargy, yellowish_skin, dark_urine, loss_of_appetite, abdominal_pain, yellowing_of_eyes, malaise, receiving_blood_transfusion, receiving_unsterile_injections,,,,,,
Hepatitis C, fatigue, yellowish_skin, nausea, loss_of_appetite, family_history,,,,,,,,,,,,
Hepatitis C, fatigue, yellowish_skin, nausea, loss_of_appetite, yellowing_of_eyes, family_history,,,,,,,,,,,
Hepatitis C, yellowish_skin, nausea, loss_of_appetite, yellowing_of_eyes, family_history,,,,,,,,,,,,
Hepatitis C, fatigue, nausea, loss_of_appetite, yellowing_of_eyes, family_history,,,,,,,,,,,,
Hepatitis C, fatigue, yellowish_skin, loss_of_appetite, yellowing_of_eyes, family_history,,,,,,,,,,,,
Hepatitis C, fatigue, yellowish_skin, nausea, yellowing_of_eyes, family_history,,,,,,,,,,,,
Hepatitis C, fatigue, yellowish_skin, nausea, loss_of_appetite, family_history,,,,,,,,,,,,
Hepatitis C, fatigue, yellowish_skin, nausea, loss_of_appetite, yellowing_of_eyes,,,,,,,,,,,,
Hepatitis C, fatigue, yellowish_skin, nausea, loss_of_appetite, yellowing_of_eyes, family_history,,,,,,,,,,,
Hepatitis C, fatigue, yellowish_skin, nausea, loss_of_appetite, yellowing_of_eyes, family_history,,,,,,,,,,,
Hepatitis D, joint_pain, vomiting, fatigue, yellowish_skin, dark_urine, nausea, loss_of_appetite, abdominal_pain, yellowing_of_eyes,,,,,,,,
Hepatitis D, vomiting, fatigue, yellowish_skin, dark_urine, nausea, loss_of_appetite, abdominal_pain, yellowing_of_eyes,,,,,,,,,
Hepatitis D, joint_pain, fatigue, yellowish_skin, dark_urine, nausea, loss_of_appetite, abdominal_pain, yellowing_of_eyes,,,,,,,,,
Hepatitis D, joint_pain, vomiting, yellowish_skin, dark_urine, nausea, loss_of_appetite, abdominal_pain, yellowing_of_eyes,,,,,,,,,
Hepatitis D, joint_pain, vomiting, fatigue, dark_urine, nausea, loss_of_appetite, abdominal_pain, yellowing_of_eyes,,,,,,,,,
Hepatitis D, joint_pain, vomiting, fatigue, yellowish_skin, nausea, loss_of_appetite, abdominal_pain, yellowing_of_eyes,,,,,,,,,
Hepatitis D, joint_pain, vomiting, fatigue, yellowish_skin, dark_urine, loss_of_appetite, abdominal_pain, yellowing_of_eyes,,,,,,,,,
Hepatitis D, joint_pain, vomiting, fatigue, yellowish_skin, dark_urine, nausea, abdominal_pain, yellowing_of_eyes,,,,,,,,,
Hepatitis D, joint_pain, vomiting, fatigue, yellowish_skin, dark_urine, nausea, loss_of_appetite, yellowing_of_eyes,,,,,,,,,
Hepatitis D, joint_pain, vomiting, fatigue, yellowish_skin, dark_urine, nausea, loss_of_appetite, abdominal_pain,,,,,,,,,
Hepatitis E, joint_pain, vomiting, fatigue, high_fever, yellowish_skin, dark_urine, nausea, loss_of_appetite, abdominal_pain, yellowing_of_eyes, coma, stomach_bleeding,,,,,
Hepatitis E, joint_pain, vomiting, fatigue, high_fever, yellowish_skin, dark_urine, nausea, loss_of_appetite, abdominal_pain, yellowing_of_eyes, acute_liver_failure, coma, stomach_bleeding,,,,
Hepatitis E, joint_pain, vomiting, fatigue, high_fever, yellowish_skin, dark_urine, nausea, loss_of_appetite, abdominal_pain, yellowing_of_eyes, acute_liver_failure, coma, stomach_bleeding,,,,
Hepatitis E, vomiting, fatigue, high_fever, yellowish_skin, dark_urine, nausea, loss_of_appetite, abdominal_pain, yellowing_of_eyes, acute_liver_failure, coma, stomach_bleeding,,,,,
Hepatitis E, joint_pain, fatigue, high_fever, yellowish_skin, dark_urine, nausea, loss_of_appetite, abdominal_pain, yellowing_of_eyes, acute_liver_failure, coma, stomach_bleeding,,,,,
Hepatitis E, joint_pain, vomiting, high_fever, yellowish_skin, dark_urine, nausea, loss_of_appetite, abdominal_pain, yellowing_of_eyes, acute_liver_failure, coma, stomach_bleeding,,,,,
Hepatitis E, joint_pain, vomiting, fatigue, yellowish_skin, dark_urine, nausea, loss_of_appetite, abdominal_pain, yellowing_of_eyes, acute_liver_failure, coma, stomach_bleeding,,,,,
Hepatitis E, joint_pain, vomiting, fatigue, high_fever, dark_urine, nausea, loss_of_appetite, abdominal_pain, yellowing_of_eyes, acute_liver_failure, coma, stomach_bleeding,,,,,
Hepatitis E, joint_pain, vomiting, fatigue, high_fever, yellowish_skin, nausea, loss_of_appetite, abdominal_pain, yellowing_of_eyes, acute_liver_failure, coma, stomach_bleeding,,,,,
Hepatitis E, joint_pain, vomiting, fatigue, high_fever, yellowish_skin, dark_urine, loss_of_appetite, abdominal_pain, yellowing_of_eyes, acute_liver_failure, coma, stomach_bleeding,,,,,
Alcoholic hepatitis, vomiting, yellowish_skin, abdominal_pain, swelling_of_stomach, distention_of_abdomen, history_of_alcohol_consumption, fluid_overload,,,,,,,,,,
Alcoholic hepatitis, vomiting, yellowish_skin, abdominal_pain, swelling_of_stomach, distention_of_abdomen, history_of_alcohol_consumption, fluid_overload,,,,,,,,,,
Alcoholic hepatitis, yellowish_skin, abdominal_pain, swelling_of_stomach, distention_of_abdomen, history_of_alcohol_consumption, fluid_overload,,,,,,,,,,,
Alcoholic hepatitis, vomiting, abdominal_pain, swelling_of_stomach, distention_of_abdomen, history_of_alcohol_consumption, fluid_overload,,,,,,,,,,,
Alcoholic hepatitis, vomiting, yellowish_skin, swelling_of_stomach, distention_of_abdomen, history_of_alcohol_consumption, fluid_overload,,,,,,,,,,,
Alcoholic hepatitis, vomiting, yellowish_skin, abdominal_pain, distention_of_abdomen, history_of_alcohol_consumption, fluid_overload,,,,,,,,,,,
Alcoholic hepatitis, vomiting, yellowish_skin, abdominal_pain, swelling_of_stomach, history_of_alcohol_consumption, fluid_overload,,,,,,,,,,,
Alcoholic hepatitis, vomiting, yellowish_skin, abdominal_pain, swelling_of_stomach, distention_of_abdomen, fluid_overload,,,,,,,,,,,
Alcoholic hepatitis, vomiting, yellowish_skin, abdominal_pain, swelling_of_stomach, distention_of_abdomen, history_of_alcohol_consumption,,,,,,,,,,,
Alcoholic hepatitis, vomiting, yellowish_skin, abdominal_pain, swelling_of_stomach, distention_of_abdomen, history_of_alcohol_consumption, fluid_overload,,,,,,,,,,
Tuberculosis, chills, vomiting, fatigue, weight_loss, cough, high_fever, breathlessness, sweating, loss_of_appetite, mild_fever, yellowing_of_eyes, swelled_lymph_nodes, malaise, phlegm, chest_pain, blood_in_sputum,
Tuberculosis, chills, vomiting, fatigue, weight_loss, cough, high_fever, breathlessness, sweating, loss_of_appetite, mild_fever, yellowing_of_eyes, swelled_lymph_nodes, malaise, phlegm, chest_pain, blood_in_sputum,
Tuberculosis, vomiting, fatigue, weight_loss, cough, high_fever, breathlessness, sweating, loss_of_appetite, mild_fever, yellowing_of_eyes, swelled_lymph_nodes, malaise, phlegm, chest_pain, blood_in_sputum,,
Tuberculosis, chills, fatigue, weight_loss, cough, high_fever, breathlessness, sweating, loss_of_appetite, mild_fever, yellowing_of_eyes, swelled_lymph_nodes, malaise, phlegm, chest_pain, blood_in_sputum,,
Tuberculosis, chills, vomiting, weight_loss, cough, high_fever, breathlessness, sweating, loss_of_appetite, mild_fever, yellowing_of_eyes, swelled_lymph_nodes, malaise, phlegm, chest_pain, blood_in_sputum,,
Tuberculosis, chills, vomiting, fatigue, cough, high_fever, breathlessness, sweating, loss_of_appetite, mild_fever, yellowing_of_eyes, swelled_lymph_nodes, malaise, phlegm, chest_pain, blood_in_sputum,,
Tuberculosis, chills, vomiting, fatigue, weight_loss, high_fever, breathlessness, sweating, loss_of_appetite, mild_fever, yellowing_of_eyes, swelled_lymph_nodes, malaise, phlegm, chest_pain, blood_in_sputum,,
Tuberculosis, chills, vomiting, fatigue, weight_loss, cough, breathlessness, sweating, loss_of_appetite, mild_fever, yellowing_of_eyes, swelled_lymph_nodes, malaise, phlegm, chest_pain, blood_in_sputum,,
Tuberculosis, chills, vomiting, fatigue, weight_loss, cough, high_fever, sweating, loss_of_appetite, mild_fever, yellowing_of_eyes, swelled_lymph_nodes, malaise, phlegm, chest_pain, blood_in_sputum,,
Tuberculosis, chills, vomiting, fatigue, weight_loss, cough, high_fever, breathlessness, loss_of_appetite, mild_fever, yellowing_of_eyes, swelled_lymph_nodes, malaise, phlegm, chest_pain, blood_in_sputum,,
Common Cold, continuous_sneezing, chills, fatigue, cough, high_fever, headache, swelled_lymph_nodes, malaise, phlegm, throat_irritation, redness_of_eyes, sinus_pressure, runny_nose, congestion, chest_pain, loss_of_smell, muscle_pain
Common Cold, continuous_sneezing, chills, fatigue, cough, high_fever, headache, swelled_lymph_nodes, malaise, phlegm, throat_irritation, redness_of_eyes, sinus_pressure, runny_nose, congestion, chest_pain, loss_of_smell, muscle_pain
Common Cold, chills, fatigue, cough, high_fever, headache, swelled_lymph_nodes, malaise, phlegm, throat_irritation, redness_of_eyes, sinus_pressure, runny_nose, congestion, chest_pain, loss_of_smell, muscle_pain,
Common Cold, continuous_sneezing, fatigue, cough, high_fever, headache, swelled_lymph_nodes, malaise, phlegm, throat_irritation, redness_of_eyes, sinus_pressure, runny_nose, congestion, chest_pain, loss_of_smell, muscle_pain,
Common Cold, continuous_sneezing, chills, cough, high_fever, headache, swelled_lymph_nodes, malaise, phlegm, throat_irritation, redness_of_eyes, sinus_pressure, runny_nose, congestion, chest_pain, loss_of_smell, muscle_pain,
Common Cold, continuous_sneezing, chills, fatigue, high_fever, headache, swelled_lymph_nodes, malaise, phlegm, throat_irritation, redness_of_eyes, sinus_pressure, runny_nose, congestion, chest_pain, loss_of_smell, muscle_pain,
Common Cold, continuous_sneezing, chills, fatigue, cough, headache, swelled_lymph_nodes, malaise, phlegm, throat_irritation, redness_of_eyes, sinus_pressure, runny_nose, congestion, chest_pain, loss_of_smell, muscle_pain,
Common Cold, continuous_sneezing, chills, fatigue, cough, high_fever, swelled_lymph_nodes, malaise, phlegm, throat_irritation, redness_of_eyes, sinus_pressure, runny_nose, congestion, chest_pain, loss_of_smell, muscle_pain,
Common Cold, continuous_sneezing, chills, fatigue, cough, high_fever, headache, malaise, phlegm, throat_irritation, redness_of_eyes, sinus_pressure, runny_nose, congestion, chest_pain, loss_of_smell, muscle_pain,
Common Cold, continuous_sneezing, chills, fatigue, cough, high_fever, headache, swelled_lymph_nodes, phlegm, throat_irritation, redness_of_eyes, sinus_pressure, runny_nose, congestion, chest_pain, loss_of_smell, muscle_pain,
Pneumonia, chills, fatigue, cough, high_fever, breathlessness, sweating, malaise, chest_pain, fast_heart_rate, rusty_sputum,,,,,,,
Pneumonia, chills, fatigue, cough, high_fever, breathlessness, sweating, malaise, phlegm, chest_pain, fast_heart_rate, rusty_sputum,,,,,,
Pneumonia, chills, fatigue, cough, high_fever, breathlessness, sweating, malaise, phlegm, chest_pain, fast_heart_rate, rusty_sputum,,,,,,
Pneumonia, fatigue, cough, high_fever, breathlessness, sweating, malaise, phlegm, chest_pain, fast_heart_rate, rusty_sputum,,,,,,,
Pneumonia, chills, cough, high_fever, breathlessness, sweating, malaise, phlegm, chest_pain, fast_heart_rate, rusty_sputum,,,,,,,
Pneumonia, chills, fatigue, high_fever, breathlessness, sweating, malaise, phlegm, chest_pain, fast_heart_rate, rusty_sputum,,,,,,,
Pneumonia, chills, fatigue, cough, breathlessness, sweating, malaise, phlegm, chest_pain, fast_heart_rate, rusty_sputum,,,,,,,
Pneumonia, chills, fatigue, cough, high_fever, sweating, malaise, phlegm, chest_pain, fast_heart_rate, rusty_sputum,,,,,,,
Pneumonia, chills, fatigue, cough, high_fever, breathlessness, malaise, phlegm, chest_pain, fast_heart_rate, rusty_sputum,,,,,,,
Pneumonia, chills, fatigue, cough, high_fever, breathlessness, sweating, phlegm, chest_pain, fast_heart_rate, rusty_sputum,,,,,,,
Dimorphic hemmorhoids(piles), constipation, pain_during_bowel_movements, pain_in_anal_region, bloody_stool, irritation_in_anus,,,,,,,,,,,,
Dimorphic hemmorhoids(piles), constipation, pain_during_bowel_movements, pain_in_anal_region, bloody_stool, irritation_in_anus,,,,,,,,,,,,
Dimorphic hemmorhoids(piles), constipation, pain_during_bowel_movements, pain_in_anal_region, bloody_stool, irritation_in_anus,,,,,,,,,,,,
Dimorphic hemmorhoids(piles), pain_during_bowel_movements, pain_in_anal_region, bloody_stool, irritation_in_anus,,,,,,,,,,,,,
Dimorphic hemmorhoids(piles), constipation, pain_in_anal_region, bloody_stool, irritation_in_anus,,,,,,,,,,,,,
Dimorphic hemmorhoids(piles), constipation, pain_during_bowel_movements, bloody_stool, irritation_in_anus,,,,,,,,,,,,,
Dimorphic hemmorhoids(piles), constipation, pain_during_bowel_movements, pain_in_anal_region, irritation_in_anus,,,,,,,,,,,,,
Dimorphic hemmorhoids(piles), constipation, pain_during_bowel_movements, pain_in_anal_region, bloody_stool,,,,,,,,,,,,,
Dimorphic hemmorhoids(piles), constipation, pain_during_bowel_movements, pain_in_anal_region, bloody_stool, irritation_in_anus,,,,,,,,,,,,
Dimorphic hemmorhoids(piles), constipation, pain_during_bowel_movements, pain_in_anal_region, bloody_stool, irritation_in_anus,,,,,,,,,,,,
Heart attack, vomiting, breathlessness, sweating, chest_pain,,,,,,,,,,,,,
Heart attack, vomiting, breathlessness, sweating, chest_pain,,,,,,,,,,,,,
Heart attack, breathlessness, sweating, chest_pain,,,,,,,,,,,,,,
Heart attack, vomiting, sweating, chest_pain,,,,,,,,,,,,,,
Heart attack, vomiting, breathlessness, chest_pain,,,,,,,,,,,,,,
Heart attack, vomiting, breathlessness, sweating,,,,,,,,,,,,,,
Heart attack, vomiting, breathlessness, sweating, chest_pain,,,,,,,,,,,,,
Heart attack, breathlessness, sweating, chest_pain,,,,,,,,,,,,,,
Heart attack, vomiting, sweating, chest_pain,,,,,,,,,,,,,,
Heart attack, vomiting, breathlessness, chest_pain,,,,,,,,,,,,,,
Varicose veins, fatigue, cramps, bruising, obesity, swollen_legs, swollen_blood_vessels, prominent_veins_on_calf,,,,,,,,,,
Varicose veins, fatigue, cramps, bruising, obesity, swollen_legs, swollen_blood_vessels, prominent_veins_on_calf,,,,,,,,,,
Varicose veins, cramps, bruising, obesity, swollen_legs, swollen_blood_vessels, prominent_veins_on_calf,,,,,,,,,,,
Varicose veins, fatigue, bruising, obesity, swollen_legs, swollen_blood_vessels, prominent_veins_on_calf,,,,,,,,,,,
Varicose veins, fatigue, cramps, obesity, swollen_legs, swollen_blood_vessels, prominent_veins_on_calf,,,,,,,,,,,
Varicose veins, fatigue, cramps, bruising, swollen_legs, swollen_blood_vessels, prominent_veins_on_calf,,,,,,,,,,,
Varicose veins, fatigue, cramps, bruising, obesity, swollen_blood_vessels, prominent_veins_on_calf,,,,,,,,,,,
Varicose veins, fatigue, cramps, bruising, obesity, swollen_legs, prominent_veins_on_calf,,,,,,,,,,,
Varicose veins, fatigue, cramps, bruising, obesity, swollen_legs, swollen_blood_vessels,,,,,,,,,,,
Varicose veins, fatigue, cramps, bruising, obesity, swollen_legs, prominent_veins_on_calf,,,,,,,,,,,
Hypothyroidism, fatigue, weight_gain, cold_hands_and_feets, mood_swings, lethargy, dizziness, puffy_face_and_eyes, enlarged_thyroid, brittle_nails, swollen_extremeties, depression, irritability, abnormal_menstruation,,,,
Hypothyroidism, fatigue, weight_gain, cold_hands_and_feets, mood_swings, lethargy, dizziness, puffy_face_and_eyes, enlarged_thyroid, brittle_nails, swollen_extremeties, depression, irritability, abnormal_menstruation,,,,
Hypothyroidism, weight_gain, cold_hands_and_feets, mood_swings, lethargy, dizziness, puffy_face_and_eyes, enlarged_thyroid, brittle_nails, swollen_extremeties, depression, irritability, abnormal_menstruation,,,,,
Hypothyroidism, weight_gain, cold_hands_and_feets, mood_swings, lethargy, dizziness, puffy_face_and_eyes, enlarged_thyroid, brittle_nails, swollen_extremeties, depression, irritability, abnormal_menstruation,,,,,
Hypothyroidism, fatigue, cold_hands_and_feets, mood_swings, lethargy, dizziness, puffy_face_and_eyes, enlarged_thyroid, brittle_nails, swollen_extremeties, depression, irritability, abnormal_menstruation,,,,,
Hypothyroidism, fatigue, weight_gain, mood_swings, lethargy, dizziness, puffy_face_and_eyes, enlarged_thyroid, brittle_nails, swollen_extremeties, depression, irritability, abnormal_menstruation,,,,,
Hypothyroidism, fatigue, weight_gain, cold_hands_and_feets, lethargy, dizziness, puffy_face_and_eyes, enlarged_thyroid, brittle_nails, swollen_extremeties, depression, irritability, abnormal_menstruation,,,,,
Hypothyroidism, fatigue, weight_gain, cold_hands_and_feets, mood_swings, dizziness, puffy_face_and_eyes, enlarged_thyroid, brittle_nails, swollen_extremeties, depression, irritability, abnormal_menstruation,,,,,
Hypothyroidism, fatigue, weight_gain, cold_hands_and_feets, mood_swings, lethargy, puffy_face_and_eyes, enlarged_thyroid, brittle_nails, swollen_extremeties, depression, irritability, abnormal_menstruation,,,,,
Hypothyroidism, fatigue, weight_gain, cold_hands_and_feets, mood_swings, lethargy, dizziness, enlarged_thyroid, brittle_nails, swollen_extremeties, depression, irritability, abnormal_menstruation,,,,,
Hyperthyroidism, fatigue, mood_swings, weight_loss, restlessness, sweating, diarrhoea, fast_heart_rate, excessive_hunger, muscle_weakness, irritability, abnormal_menstruation,,,,,,
Hyperthyroidism, fatigue, mood_swings, weight_loss, restlessness, sweating, diarrhoea, fast_heart_rate, excessive_hunger, muscle_weakness, irritability, abnormal_menstruation,,,,,,
Hyperthyroidism, mood_swings, weight_loss, restlessness, sweating, diarrhoea, fast_heart_rate, excessive_hunger, muscle_weakness, irritability, abnormal_menstruation,,,,,,,
Hyperthyroidism, fatigue, weight_loss, restlessness, sweating, diarrhoea, fast_heart_rate, excessive_hunger, muscle_weakness, irritability, abnormal_menstruation,,,,,,,
Hyperthyroidism, fatigue, mood_swings, restlessness, sweating, diarrhoea, fast_heart_rate, excessive_hunger, muscle_weakness, irritability, abnormal_menstruation,,,,,,,
Hyperthyroidism, fatigue, mood_swings, weight_loss, sweating, diarrhoea, fast_heart_rate, excessive_hunger, muscle_weakness, irritability, abnormal_menstruation,,,,,,,
Hyperthyroidism, fatigue, mood_swings, weight_loss, restlessness, diarrhoea, fast_heart_rate, excessive_hunger, muscle_weakness, irritability, abnormal_menstruation,,,,,,,
Hyperthyroidism, fatigue, mood_swings, weight_loss, restlessness, sweating, fast_heart_rate, excessive_hunger, muscle_weakness, irritability, abnormal_menstruation,,,,,,,
Hyperthyroidism, fatigue, mood_swings, weight_loss, restlessness, sweating, diarrhoea, excessive_hunger, muscle_weakness, irritability, abnormal_menstruation,,,,,,,
Hyperthyroidism, fatigue, mood_swings, weight_loss, restlessness, sweating, diarrhoea, fast_heart_rate, muscle_weakness, irritability, abnormal_menstruation,,,,,,,
Hypoglycemia, vomiting, fatigue, anxiety, sweating, headache, nausea, blurred_and_distorted_vision, excessive_hunger, slurred_speech, irritability, palpitations,,,,,,
Hypoglycemia, vomiting, fatigue, anxiety, sweating, headache, nausea, blurred_and_distorted_vision, excessive_hunger, drying_and_tingling_lips, slurred_speech, irritability, palpitations,,,,,
Hypoglycemia, vomiting, fatigue, anxiety, sweating, headache, nausea, blurred_and_distorted_vision, excessive_hunger, drying_and_tingling_lips, slurred_speech, irritability, palpitations,,,,,
Hypoglycemia, fatigue, anxiety, sweating, headache, nausea, blurred_and_distorted_vision, excessive_hunger, drying_and_tingling_lips, slurred_speech, irritability, palpitations,,,,,,
Hypoglycemia, vomiting, anxiety, sweating, headache, nausea, blurred_and_distorted_vision, excessive_hunger, drying_and_tingling_lips, slurred_speech, irritability, palpitations,,,,,,
Hypoglycemia, vomiting, fatigue, sweating, headache, nausea, blurred_and_distorted_vision, excessive_hunger, drying_and_tingling_lips, slurred_speech, irritability, palpitations,,,,,,
Hypoglycemia, vomiting, fatigue, anxiety, headache, nausea, blurred_and_distorted_vision, excessive_hunger, drying_and_tingling_lips, slurred_speech, irritability, palpitations,,,,,,
Hypoglycemia, vomiting, fatigue, anxiety, sweating, nausea, blurred_and_distorted_vision, excessive_hunger, drying_and_tingling_lips, slurred_speech, irritability, palpitations,,,,,,
Hypoglycemia, vomiting, fatigue, anxiety, sweating, headache, blurred_and_distorted_vision, excessive_hunger, drying_and_tingling_lips, slurred_speech, irritability, palpitations,,,,,,
Hypoglycemia, vomiting, fatigue, anxiety, sweating, headache, nausea, excessive_hunger, drying_and_tingling_lips, slurred_speech, irritability, palpitations,,,,,,
Osteoarthristis, joint_pain, neck_pain, knee_pain, hip_joint_pain, swelling_joints, painful_walking,,,,,,,,,,,
Osteoarthristis, joint_pain, neck_pain, knee_pain, hip_joint_pain, swelling_joints, painful_walking,,,,,,,,,,,
Osteoarthristis, neck_pain, knee_pain, hip_joint_pain, swelling_joints, painful_walking,,,,,,,,,,,,
Osteoarthristis, joint_pain, knee_pain, hip_joint_pain, swelling_joints, painful_walking,,,,,,,,,,,,
Osteoarthristis, joint_pain, neck_pain, hip_joint_pain, swelling_joints, painful_walking,,,,,,,,,,,,
Osteoarthristis, joint_pain, neck_pain, knee_pain, swelling_joints, painful_walking,,,,,,,,,,,,
Osteoarthristis, joint_pain, neck_pain, knee_pain, hip_joint_pain, painful_walking,,,,,,,,,,,,
Osteoarthristis, joint_pain, neck_pain, knee_pain, hip_joint_pain, swelling_joints,,,,,,,,,,,,
Osteoarthristis, joint_pain, neck_pain, knee_pain, hip_joint_pain, swelling_joints, painful_walking,,,,,,,,,,,
Osteoarthristis, joint_pain, neck_pain, knee_pain, hip_joint_pain, swelling_joints, painful_walking,,,,,,,,,,,
Arthritis, muscle_weakness, stiff_neck, swelling_joints, movement_stiffness, painful_walking,,,,,,,,,,,,
Arthritis, muscle_weakness, stiff_neck, swelling_joints, movement_stiffness, painful_walking,,,,,,,,,,,,
Arthritis, stiff_neck, swelling_joints, movement_stiffness, painful_walking,,,,,,,,,,,,,
Arthritis, muscle_weakness, swelling_joints, movement_stiffness, painful_walking,,,,,,,,,,,,,
Arthritis, muscle_weakness, stiff_neck, movement_stiffness, painful_walking,,,,,,,,,,,,,
Arthritis, muscle_weakness, stiff_neck, swelling_joints, painful_walking,,,,,,,,,,,,,
Arthritis, muscle_weakness, stiff_neck, swelling_joints, movement_stiffness, painful_walking,,,,,,,,,,,,
Arthritis, muscle_weakness, stiff_neck, swelling_joints, movement_stiffness,,,,,,,,,,,,,
Arthritis, muscle_weakness, stiff_neck, swelling_joints, movement_stiffness, painful_walking,,,,,,,,,,,,
Arthritis, muscle_weakness, stiff_neck, swelling_joints, movement_stiffness, painful_walking,,,,,,,,,,,,
(vertigo) Paroymsal  Positional Vertigo, vomiting, headache, nausea, spinning_movements, loss_of_balance, unsteadiness,,,,,,,,,,,
(vertigo) Paroymsal  Positional Vertigo, vomiting, headache, nausea, spinning_movements, loss_of_balance, unsteadiness,,,,,,,,,,,
(vertigo) Paroymsal  Positional Vertigo, headache, nausea, spinning_movements, loss_of_balance, unsteadiness,,,,,,,,,,,,
(vertigo) Paroymsal  Positional Vertigo, vomiting, nausea, spinning_movements, loss_of_balance, unsteadiness,,,,,,,,,,,,
(vertigo) Paroymsal  Positional Vertigo, vomiting, headache, spinning_movements, loss_of_balance, unsteadiness,,,,,,,,,,,,
(vertigo) Paroymsal  Positional Vertigo, vomiting, headache, nausea, loss_of_balance, unsteadiness,,,,,,,,,,,,
(vertigo) Paroymsal  Positional Vertigo, vomiting, headache, nausea, spinning_movements, unsteadiness,,,,,,,,,,,,
(vertigo) Paroymsal  Positional Vertigo, vomiting, headache, nausea, spinning_movements, loss_of_balance,,,,,,,,,,,,
(vertigo) Paroymsal  Positional Vertigo, vomiting, headache, nausea, spinning_movements, loss_of_balance, unsteadiness,,,,,,,,,,,
(vertigo) Paroymsal  Positional Vertigo, vomiting, headache, nausea, loss_of_balance, unsteadiness,,,,,,,,,,,,
Acne, skin_rash, pus_filled_pimples, blackheads, scurring,,,,,,,,,,,,,
Acne, skin_rash, pus_filled_pimples, blackheads, scurring,,,,,,,,,,,,,
Acne, pus_filled_pimples, blackheads, scurring,,,,,,,,,,,,,,
Acne, skin_rash, blackheads, scurring,,,,,,,,,,,,,,
Acne, skin_rash, pus_filled_pimples, scurring,,,,,,,,,,,,,,
Acne, skin_rash, pus_filled_pimples, blackheads,,,,,,,,,,,,,,
Acne, skin_rash, pus_filled_pimples, blackheads, scurring,,,,,,,,,,,,,
Acne, skin_rash, pus_filled_pimples, blackheads,,,,,,,,,,,,,,
Acne, skin_rash, pus_filled_pimples, scurring,,,,,,,,,,,,,,
Acne, skin_rash, blackheads, scurring,,,,,,,,,,,,,,
Urinary tract infection, burning_micturition, bladder_discomfort, foul_smell_of urine, continuous_feel_of_urine,,,,,,,,,,,,,
Urinary tract infection, burning_micturition, bladder_discomfort, foul_smell_of urine, continuous_feel_of_urine,,,,,,,,,,,,,
Urinary tract infection, bladder_discomfort, foul_smell_of urine, continuous_feel_of_urine,,,,,,,,,,,,,,
Urinary tract infection, burning_micturition, foul_smell_of urine, continuous_feel_of_urine,,,,,,,,,,,,,,
Urinary tract infection, burning_micturition, bladder_discomfort, continuous_feel_of_urine,,,,,,,,,,,,,,
Urinary tract infection, burning_micturition, bladder_discomfort, foul_smell_of urine,,,,,,,,,,,,,,
Urinary tract infection, burning_micturition, bladder_discomfort, foul_smell_of urine, continuous_feel_of_urine,,,,,,,,,,,,,
Urinary tract infection, burning_micturition, bladder_discomfort, continuous_feel_of_urine,,,,,,,,,,,,,,
Urinary tract infection, bladder_discomfort, foul_smell_of urine, continuous_feel_of_urine,,,,,,,,,,,,,,
Urinary tract infection, burning_micturition, bladder_discomfort, continuous_feel_of_urine,,,,,,,,,,,,,,
Psoriasis, skin_rash, joint_pain, skin_peeling, silver_like_dusting, small_dents_in_nails, inflammatory_nails,,,,,,,,,,,
Psoriasis, skin_rash, joint_pain, skin_peeling, silver_like_dusting, small_dents_in_nails, inflammatory_nails,,,,,,,,,,,
Psoriasis, joint_pain, skin_peeling, silver_like_dusting, small_dents_in_nails, inflammatory_nails,,,,,,,,,,,,
Psoriasis, skin_rash, skin_peeling, silver_like_dusting, small_dents_in_nails, inflammatory_nails,,,,,,,,,,,,
Psoriasis, skin_rash, joint_pain, silver_like_dusting, small_dents_in_nails, inflammatory_nails,,,,,,,,,,,,
Psoriasis, skin_rash, joint_pain, skin_peeling, small_dents_in_nails, inflammatory_nails,,,,,,,,,,,,
Psoriasis, skin_rash, joint_pain, skin_peeling, silver_like_dusting, inflammatory_nails,,,,,,,,,,,,
Psoriasis, skin_rash, joint_pain, skin_peeling, silver_like_dusting, small_dents_in_nails,,,,,,,,,,,,
Psoriasis, skin_rash, joint_pain, skin_peeling, silver_like_dusting, small_dents_in_nails, inflammatory_nails,,,,,,,,,,,
Psoriasis, skin_rash, joint_pain, skin_peeling, silver_like_dusting, small_dents_in_nails, inflammatory_nails,,,,,,,,,,,
Impetigo, skin_rash, high_fever, blister, red_sore_around_nose, yellow_crust_ooze,,,,,,,,,,,,
Impetigo, skin_rash, high_fever, blister, red_sore_around_nose, yellow_crust_ooze,,,,,,,,,,,,
Impetigo, high_fever, blister, red_sore_around_nose, yellow_crust_ooze,,,,,,,,,,,,,
Impetigo, skin_rash, blister, red_sore_around_nose, yellow_crust_ooze,,,,,,,,,,,,,
Impetigo, skin_rash, blister, red_sore_around_nose, yellow_crust_ooze,,,,,,,,,,,,,
Impetigo, skin_rash, high_fever, red_sore_around_nose, yellow_crust_ooze,,,,,,,,,,,,,
Impetigo, skin_rash, high_fever, blister, yellow_crust_ooze,,,,,,,,,,,,,
Impetigo, skin_rash, high_fever, blister, red_sore_around_nose,,,,,,,,,,,,,
Impetigo, skin_rash, high_fever, blister, red_sore_around_nose, yellow_crust_ooze,,,,,,,,,,,,
Impetigo, skin_rash, blister, red_sore_around_nose, yellow_crust_ooze,,,,,,,,,,,,,
Fungal infection,itching, skin_rash, nodal_skin_eruptions, dischromic _patches,,,,,,,,,,,,,
Fungal infection, skin_rash, nodal_skin_eruptions, dischromic _patches,,,,,,,,,,,,,,
Fungal infection,itching, nodal_skin_eruptions, dischromic _patches,,,,,,,,,,,,,,
Fungal infection,itching, skin_rash, dischromic _patches,,,,,,,,,,,,,,
Fungal infection,itching, skin_rash, nodal_skin_eruptions,,,,,,,,,,,,,,
Fungal infection, skin_rash, nodal_skin_eruptions, dischromic _patches,,,,,,,,,,,,,,
Fungal infection,itching, nodal_skin_eruptions, dischromic _patches,,,,,,,,,,,,,,
Fungal infection,itching, skin_rash, dischromic _patches,,,,,,,,,,,,,,
Fungal infection,itching, skin_rash, nodal_skin_eruptions,,,,,,,,,,,,,,
Fungal infection,itching, skin_rash, nodal_skin_eruptions, dischromic _patches,,,,,,,,,,,,,
Allergy, continuous_sneezing, shivering, chills, watering_from_eyes,,,,,,,,,,,,,
Allergy, shivering, chills, watering_from_eyes,,,,,,,,,,,,,,
Allergy, continuous_sneezing, chills, watering_from_eyes,,,,,,,,,,,,,,
Allergy, continuous_sneezing, shivering, watering_from_eyes,,,,,,,,,,,,,,
Allergy, continuous_sneezing, shivering, chills,,,,,,,,,,,,,,
Allergy, shivering, chills, watering_from_eyes,,,,,,,,,,,,,,
Allergy, continuous_sneezing, chills, watering_from_eyes,,,,,,,,,,,,,,
Allergy, continuous_sneezing, shivering, watering_from_eyes,,,,,,,,,,,,,,
Allergy, continuous_sneezing, shivering, chills,,,,,,,,,,,,,,
Allergy, continuous_sneezing, shivering, chills, watering_from_eyes,,,,,,,,,,,,,
GERD, stomach_pain, acidity, ulcers_on_tongue, vomiting, cough, chest_pain,,,,,,,,,,,
GERD, stomach_pain, ulcers_on_tongue, vomiting, cough, chest_pain,,,,,,,,,,,,
GERD, stomach_pain, acidity, vomiting, cough, chest_pain,,,,,,,,,,,,
GERD, stomach_pain, acidity, ulcers_on_tongue, cough, chest_pain,,,,,,,,,,,,
GERD, stomach_pain, acidity, ulcers_on_tongue, vomiting, chest_pain,,,,,,,,,,,,
GERD, stomach_pain, acidity, ulcers_on_tongue, vomiting, cough,,,,,,,,,,,,
GERD, acidity, ulcers_on_tongue, vomiting, cough, chest_pain,,,,,,,,,,,,
GERD, stomach_pain, ulcers_on_tongue, vomiting, cough, chest_pain,,,,,,,,,,,,
GERD, stomach_pain, acidity, vomiting, cough, chest_pain,,,,,,,,,,,,
GERD, stomach_pain, acidity, ulcers_on_tongue, cough, chest_pain,,,,,,,,,,,,
Chronic cholestasis,itching, vomiting, yellowish_skin, nausea, loss_of_appetite, abdominal_pain, yellowing_of_eyes,,,,,,,,,,
Chronic cholestasis, vomiting, yellowish_skin, nausea, loss_of_appetite, abdominal_pain, yellowing_of_eyes,,,,,,,,,,,
Chronic cholestasis,itching, yellowish_skin, nausea, loss_of_appetite, abdominal_pain, yellowing_of_eyes,,,,,,,,,,,
Chronic cholestasis,itching, vomiting, nausea, loss_of_appetite, abdominal_pain, yellowing_of_eyes,,,,,,,,,,,
Chronic cholestasis,itching, vomiting, yellowish_skin, loss_of_appetite, abdominal_pain, yellowing_of_eyes,,,,,,,,,,,
Chronic cholestasis,itching, vomiting, yellowish_skin, nausea, abdominal_pain, yellowing_of_eyes,,,,,,,,,,,
Chronic cholestasis,itching, vomiting, yellowish_skin, nausea, loss_of_appetite, yellowing_of_eyes,,,,,,,,,,,
Chronic cholestasis,itching, vomiting, yellowish_skin, nausea, loss_of_appetite, abdominal_pain,,,,,,,,,,,
Chronic cholestasis,itching, vomiting, yellowish_skin, nausea, loss_of_appetite, abdominal_pain, yellowing_of_eyes,,,,,,,,,,
Chronic cholestasis,itching, vomiting, yellowish_skin, nausea, loss_of_appetite, abdominal_pain, yellowing_of_eyes,,,,,,,,,,
Drug Reaction,itching, skin_rash, stomach_pain, burning_micturition, spotting_ urination,,,,,,,,,,,,
Drug Reaction,itching, stomach_pain, burning_micturition, spotting_ urination,,,,,,,,,,,,,
Drug Reaction,itching, skin_rash, burning_micturition, spotting_ urination,,,,,,,,,,,,,
Drug Reaction,itching, skin_rash, stomach_pain, spotting_ urination,,,,,,,,,,,,,
Drug Reaction,itching, skin_rash, stomach_pain, burning_micturition,,,,,,,,,,,,,
Drug Reaction, skin_rash, stomach_pain, burning_micturition, spotting_ urination,,,,,,,,,,,,,
Drug Reaction,itching, stomach_pain, burning_micturition, spotting_ urination,,,,,,,,,,,,,
Drug Reaction,itching, skin_rash, burning_micturition, spotting_ urination,,,,,,,,,,,,,
Drug Reaction,itching, skin_rash, stomach_pain, spotting_ urination,,,,,,,,,,,,,
Drug Reaction,itching, skin_rash, stomach_pain, burning_micturition,,,,,,,,,,,,,
Peptic ulcer diseae, vomiting, loss_of_appetite, abdominal_pain, passage_of_gases, internal_itching,,,,,,,,,,,,
Peptic ulcer diseae, vomiting, indigestion, abdominal_pain, passage_of_gases, internal_itching,,,,,,,,,,,,
Peptic ulcer diseae, indigestion, loss_of_appetite, abdominal_pain, passage_of_gases, internal_itching,,,,,,,,,,,,
Peptic ulcer diseae, vomiting, loss_of_appetite, abdominal_pain, passage_of_gases, internal_itching,,,,,,,,,,,,
Peptic ulcer diseae, vomiting, indigestion, abdominal_pain, passage_of_gases, internal_itching,,,,,,,,,,,,
Peptic ulcer diseae, vomiting, indigestion, loss_of_appetite, passage_of_gases, internal_itching,,,,,,,,,,,,
Peptic ulcer diseae, vomiting, indigestion, loss_of_appetite, abdominal_pain, internal_itching,,,,,,,,,,,,
Peptic ulcer diseae, vomiting, indigestion, loss_of_appetite, abdominal_pain, passage_of_gases,,,,,,,,,,,,
Peptic ulcer diseae, vomiting, indigestion, loss_of_appetite, abdominal_pain, passage_of_gases, internal_itching,,,,,,,,,,,
Peptic ulcer diseae, vomiting, indigestion, loss_of_appetite, abdominal_pain, passage_of_gases, internal_itching,,,,,,,,,,,
AIDS, muscle_wasting, patches_in_throat, high_fever, extra_marital_contacts,,,,,,,,,,,,,
AIDS, patches_in_throat, high_fever, extra_marital_contacts,,,,,,,,,,,,,,
AIDS, muscle_wasting, high_fever, extra_marital_contacts,,,,,,,,,,,,,,
AIDS, muscle_wasting, patches_in_throat, extra_marital_contacts,,,,,,,,,,,,,,
AIDS, muscle_wasting, patches_in_throat, high_fever,,,,,,,,,,,,,,
AIDS, muscle_wasting, patches_in_throat, high_fever, extra_marital_contacts,,,,,,,,,,,,,
AIDS, muscle_wasting, patches_in_throat, high_fever, extra_marital_contacts,,,,,,,,,,,,,
AIDS, patches_in_throat, high_fever, extra_marital_contacts,,,,,,,,,,,,,,
AIDS, muscle_wasting, high_fever, extra_marital_contacts,,,,,,,,,,,,,,
AIDS, muscle_wasting, patches_in_throat, high_fever,,,,,,,,,,,,,,
Diabetes, fatigue, weight_loss, restlessness, lethargy, irregular_sugar_level, blurred_and_distorted_vision, obesity, excessive_hunger, increased_appetite, polyuria,,,,,,,
Diabetes, fatigue, weight_loss, restlessness, lethargy, irregular_sugar_level, blurred_and_distorted_vision, obesity, excessive_hunger, increased_appetite, polyuria,,,,,,,
Diabetes, weight_loss, restlessness, lethargy, irregular_sugar_level, blurred_and_distorted_vision, obesity, excessive_hunger, increased_appetite, polyuria,,,,,,,,
Diabetes, fatigue, restlessness, lethargy, irregular_sugar_level, blurred_and_distorted_vision, obesity, excessive_hunger, increased_appetite, polyuria,,,,,,,,
Diabetes, fatigue, weight_loss, lethargy, irregular_sugar_level, blurred_and_distorted_vision, obesity, excessive_hunger, increased_appetite, polyuria,,,,,,,,
Diabetes, fatigue, weight_loss, restlessness, irregular_sugar_level, blurred_and_distorted_vision, obesity, excessive_hunger, increased_appetite, polyuria,,,,,,,,
Diabetes, fatigue, weight_loss, restlessness, lethargy, blurred_and_distorted_vision, obesity, excessive_hunger, increased_appetite, polyuria,,,,,,,,
Diabetes, fatigue, weight_loss, restlessness, lethargy, irregular_sugar_level, obesity, excessive_hunger, increased_appetite, polyuria,,,,,,,,
Diabetes, fatigue, weight_loss, restlessness, lethargy, irregular_sugar_level, blurred_and_distorted_vision, excessive_hunger, increased_appetite, polyuria,,,,,,,,
Diabetes, fatigue, weight_loss, restlessness, lethargy, irregular_sugar_level, blurred_and_distorted_vision, obesity, increased_appetite, polyuria,,,,,,,,
Gastroenteritis, vomiting, sunken_eyes, dehydration, diarrhoea,,,,,,,,,,,,,
Gastroenteritis, vomiting, sunken_eyes, dehydration, diarrhoea,,,,,,,,,,,,,
Gastroenteritis, sunken_eyes, dehydration, diarrhoea,,,,,,,,,,,,,,
Gastroenteritis, vomiting, dehydration, diarrhoea,,,,,,,,,,,,,,
Gastroenteritis, vomiting, sunken_eyes, diarrhoea,,,,,,,,,,,,,,
Gastroenteritis, vomiting, sunken_eyes, dehydration,,,,,,,,,,,,,,
Gastroenteritis, vomiting, sunken_eyes, dehydration, diarrhoea,,,,,,,,,,,,,
Gastroenteritis, sunken_eyes, dehydration, diarrhoea,,,,,,,,,,,,,,
Gastroenteritis, vomiting, dehydration, diarrhoea,,,,,,,,,,,,,,
Gastroenteritis, vomiting, sunken_eyes, diarrhoea,,,,,,,,,,,,,,
Bronchial Asthma, fatigue, cough, high_fever, breathlessness, family_history, mucoid_sputum,,,,,,,,,,,
Bronchial Asthma, cough, high_fever, breathlessness, family_history, mucoid_sputum,,,,,,,,,,,,
Bronchial Asthma, fatigue, high_fever, breathlessness, family_history, mucoid_sputum,,,,,,,,,,,,
Bronchial Asthma, fatigue, cough, breathlessness, family_history, mucoid_sputum,,,,,,,,,,,,
Bronchial Asthma, fatigue, cough, high_fever, family_history, mucoid_sputum,,,,,,,,,,,,
Bronchial Asthma, fatigue, cough, high_fever, breathlessness, mucoid_sputum,,,,,,,,,,,,
Bronchial Asthma, fatigue, cough, high_fever, breathlessness, family_history,,,,,,,,,,,,
Bronchial Asthma, fatigue, cough, high_fever, breathlessness, family_history, mucoid_sputum,,,,,,,,,,,
Bronchial Asthma, cough, high_fever, breathlessness, family_history, mucoid_sputum,,,,,,,,,,,,
Bronchial Asthma, fatigue, high_fever, breathlessness, family_history, mucoid_sputum,,,,,,,,,,,,
Hypertension, headache, chest_pain, dizziness, loss_of_balance, lack_of_concentration,,,,,,,,,,,,
Hypertension, chest_pain, dizziness, loss_of_balance, lack_of_concentration,,,,,,,,,,,,,
Hypertension, headache, dizziness, loss_of_balance, lack_of_concentration,,,,,,,,,,,,,
Hypertension, headache, chest_pain, loss_of_balance, lack_of_concentration,,,,,,,,,,,,,
Hypertension, headache, chest_pain, dizziness, lack_of_concentration,,,,,,,,,,,,,
Hypertension, headache, chest_pain, dizziness, loss_of_balance,,,,,,,,,,,,,
Hypertension, headache, chest_pain, dizziness, loss_of_balance, lack_of_concentration,,,,,,,,,,,,
Hypertension, chest_pain, dizziness, loss_of_balance, lack_of_concentration,,,,,,,,,,,,,
Hypertension, headache, dizziness, loss_of_balance, lack_of_concentration,,,,,,,,,,,,,
Hypertension, headache, chest_pain, loss_of_balance, lack_of_concentration,,,,,,,,,,,,,
Migraine, acidity, indigestion, headache, blurred_and_distorted_vision, excessive_hunger, stiff_neck, depression, irritability, visual_disturbances,,,,,,,,
Migraine, indigestion, headache, blurred_and_distorted_vision, excessive_hunger, stiff_neck, depression, irritability, visual_disturbances,,,,,,,,,
Migraine, acidity, headache, blurred_and_distorted_vision, excessive_hunger, stiff_neck, depression, irritability, visual_disturbances,,,,,,,,,
Migraine, acidity, indigestion, blurred_and_distorted_vision, excessive_hunger, stiff_neck, depression, irritability, visual_disturbances,,,,,,,,,
Migraine, acidity, indigestion, headache, excessive_hunger, stiff_neck, depression, irritability, visual_disturbances,,,,,,,,,
Migraine, acidity, indigestion, headache, blurred_and_distorted_vision, stiff_neck, depression, irritability, visual_disturbances,,,,,,,,,
Migraine, acidity, indigestion, headache, blurred_and_distorted_vision, excessive_hunger, depression, irritability, visual_disturbances,,,,,,,,,
Migraine, acidity, indigestion, headache, blurred_and_distorted_vision, excessive_hunger, stiff_neck, irritability, visual_disturbances,,,,,,,,,
Migraine, acidity, indigestion, headache, blurred_and_distorted_vision, excessive_hunger, stiff_neck, depression, visual_disturbances,,,,,,,,,
Migraine, acidity, indigestion, headache, blurred_and_distorted_vision, excessive_hunger, stiff_neck, depression, irritability,,,,,,,,,
Cervical spondylosis, back_pain, weakness_in_limbs, neck_pain, dizziness, loss_of_balance,,,,,,,,,,,,
Cervical spondylosis, back_pain, weakness_in_limbs, neck_pain, dizziness, loss_of_balance,,,,,,,,,,,,
Cervical spondylosis, weakness_in_limbs, neck_pain, dizziness, loss_of_balance,,,,,,,,,,,,,
Cervical spondylosis, back_pain, neck_pain, dizziness, loss_of_balance,,,,,,,,,,,,,
Cervical spondylosis, back_pain, weakness_in_limbs, dizziness, loss_of_balance,,,,,,,,,,,,,
Cervical spondylosis, back_pain, weakness_in_limbs, neck_pain, loss_of_balance,,,,,,,,,,,,,
Cervical spondylosis, back_pain, weakness_in_limbs, neck_pain, dizziness,,,,,,,,,,,,,
Cervical spondylosis, back_pain, weakness_in_limbs, neck_pain, dizziness, loss_of_balance,,,,,,,,,,,,
Cervical spondylosis, weakness_in_limbs, neck_pain, dizziness, loss_of_balance,,,,,,,,,,,,,
Cervical spondylosis, back_pain, neck_pain, dizziness, loss_of_balance,,,,,,,,,,,,,
Paralysis (brain hemorrhage), vomiting, headache, weakness_of_one_body_side, altered_sensorium,,,,,,,,,,,,,
Paralysis (brain hemorrhage), vomiting, headache, weakness_of_one_body_side, altered_sensorium,,,,,,,,,,,,,
Paralysis (brain hemorrhage), headache, weakness_of_one_body_side, altered_sensorium,,,,,,,,,,,,,,
Paralysis (brain hemorrhage), vomiting, weakness_of_one_body_side, altered_sensorium,,,,,,,,,,,,,,
Paralysis (brain hemorrhage), vomiting, headache, altered_sensorium,,,,,,,,,,,,,,
Paralysis (brain hemorrhage), vomiting, headache, weakness_of_one_body_side,,,,,,,,,,,,,,
Paralysis (brain hemorrhage), vomiting, headache, weakness_of_one_body_side, altered_sensorium,,,,,,,,,,,,,
Paralysis (brain hemorrhage), headache, weakness_of_one_body_side, altered_sensorium,,,,,,,,,,,,,,
Paralysis (brain hemorrhage), vomiting, weakness_of_one_body_side, altered_sensorium,,,,,,,,,,,,,,
Paralysis (brain hemorrhage), vomiting, headache, altered_sensorium,,,,,,,,,,,,,,
Jaundice,itching, vomiting, fatigue, weight_loss, high_fever, yellowish_skin, dark_urine, abdominal_pain,,,,,,,,,
Jaundice,itching, vomiting, fatigue, weight_loss, high_fever, yellowish_skin, dark_urine, abdominal_pain,,,,,,,,,
Jaundice, vomiting, fatigue, weight_loss, high_fever, yellowish_skin, dark_urine, abdominal_pain,,,,,,,,,,
Jaundice,itching, fatigue, weight_loss, high_fever, yellowish_skin, dark_urine, abdominal_pain,,,,,,,,,,
Jaundice,itching, vomiting, weight_loss, high_fever, yellowish_skin, dark_urine, abdominal_pain,,,,,,,,,,
Jaundice,itching, vomiting, fatigue, high_fever, yellowish_skin, dark_urine, abdominal_pain,,,,,,,,,,
Jaundice,itching, vomiting, fatigue, weight_loss, yellowish_skin, dark_urine, abdominal_pain,,,,,,,,,,
Jaundice,itching, vomiting, fatigue, weight_loss, high_fever, dark_urine, abdominal_pain,,,,,,,,,,
Jaundice,itching, vomiting, fatigue, weight_loss, high_fever, yellowish_skin, abdominal_pain,,,,,,,,,,
Jaundice,itching, vomiting, fatigue, weight_loss, high_fever, yellowish_skin, dark_urine,,,,,,,,,,
Malaria, chills, vomiting, high_fever, sweating, headache, nausea, muscle_pain,,,,,,,,,,
Malaria, chills, vomiting, high_fever, sweating, headache, nausea, diarrhoea, muscle_pain,,,,,,,,,
Malaria, chills, vomiting, high_fever, sweating, headache, nausea, diarrhoea, muscle_pain,,,,,,,,,
Malaria, vomiting, high_fever, sweating, headache, nausea, diarrhoea, muscle_pain,,,,,,,,,,
Malaria, chills, high_fever, sweating, headache, nausea, diarrhoea, muscle_pain,,,,,,,,,,
Malaria, chills, vomiting, sweating, headache, nausea, diarrhoea, muscle_pain,,,,,,,,,,
Malaria, chills, vomiting, high_fever, headache, nausea, diarrhoea, muscle_pain,,,,,,,,,,
Malaria, chills, vomiting, high_fever, sweating, nausea, diarrhoea, muscle_pain,,,,,,,,,,
Malaria, chills, vomiting, high_fever, sweating, headache, diarrhoea, muscle_pain,,,,,,,,,,
Malaria, chills, vomiting, high_fever, sweating, headache, nausea, muscle_pain,,,,,,,,,,
Chicken pox,itching, skin_rash, fatigue, lethargy, high_fever, headache, loss_of_appetite, mild_fever, swelled_lymph_nodes, malaise, red_spots_over_body,,,,,,
Chicken pox, skin_rash, fatigue, lethargy, high_fever, headache, loss_of_appetite, mild_fever, swelled_lymph_nodes, malaise, red_spots_over_body,,,,,,,
Chicken pox,itching, fatigue, lethargy, high_fever, headache, loss_of_appetite, mild_fever, swelled_lymph_nodes, malaise, red_spots_over_body,,,,,,,
Chicken pox,itching, skin_rash, lethargy, high_fever, headache, loss_of_appetite, mild_fever, swelled_lymph_nodes, malaise, red_spots_over_body,,,,,,,
Chicken pox,itching, skin_rash, fatigue, high_fever, headache, loss_of_appetite, mild_fever, swelled_lymph_nodes, malaise, red_spots_over_body,,,,,,,
Chicken pox,itching, skin_rash, fatigue, lethargy, headache, loss_of_appetite, mild_fever, swelled_lymph_nodes, malaise, red_spots_over_body,,,,,,,
Chicken pox,itching, skin_rash, fatigue, lethargy, high_fever, loss_of_appetite, mild_fever, swelled_lymph_nodes, malaise, red_spots_over_body,,,,,,,
Chicken pox,itching, skin_rash, fatigue, lethargy, high_fever, headache, mild_fever, swelled_lymph_nodes, malaise, red_spots_over_body,,,,,,,
Chicken pox,itching, skin_rash, fatigue, lethargy, high_fever, headache, loss_of_appetite, swelled_lymph_nodes, malaise, red_spots_over_body,,,,,,,
Chicken pox,itching, skin_rash, fatigue, lethargy, high_fever, headache, loss_of_appetite, mild_fever, malaise, red_spots_over_body,,,,,,,
Dengue, skin_rash, chills, joint_pain, vomiting, fatigue, high_fever, headache, nausea, loss_of_appetite, pain_behind_the_eyes, back_pain, muscle_pain, red_spots_over_body,,,,
Dengue, skin_rash, chills, joint_pain, vomiting, fatigue, high_fever, headache, nausea, loss_of_appetite, pain_behind_the_eyes, back_pain, malaise, red_spots_over_body,,,,
Dengue, skin_rash, chills, joint_pain, vomiting, fatigue, high_fever, headache, nausea, loss_of_appetite, pain_behind_the_eyes, back_pain, malaise, muscle_pain,,,,
Dengue, skin_rash, chills, joint_pain, vomiting, fatigue, high_fever, headache, nausea, loss_of_appetite, pain_behind_the_eyes, back_pain, malaise, muscle_pain, red_spots_over_body,,,
Dengue, chills, joint_pain, vomiting, fatigue, high_fever, headache, nausea, loss_of_appetite, pain_behind_the_eyes, back_pain, malaise, muscle_pain, red_spots_over_body,,,,
Dengue, skin_rash, joint_pain, vomiting, fatigue, high_fever, headache, nausea, loss_of_appetite, pain_behind_the_eyes, back_pain, malaise, muscle_pain, red_spots_over_body,,,,
Dengue, skin_rash, chills, vomiting, fatigue, high_fever, headache, nausea, loss_of_appetite, pain_behind_the_eyes, back_pain, malaise, muscle_pain, red_spots_over_body,,,,
Dengue, skin_rash, chills, joint_pain, fatigue, high_fever, headache, nausea, loss_of_appetite, pain_behind_the_eyes, back_pain, malaise, muscle_pain, red_spots_over_body,,,,
Dengue, skin_rash, chills, joint_pain, vomiting, high_fever, headache, nausea, loss_of_appetite, pain_behind_the_eyes, back_pain, malaise, muscle_pain, red_spots_over_body,,,,
Dengue, skin_rash, chills, joint_pain, vomiting, fatigue, headache, nausea, loss_of_appetite, pain_behind_the_eyes, back_pain, malaise, muscle_pain, red_spots_over_body,,,,
Typhoid, chills, vomiting, fatigue, high_fever, nausea, constipation, abdominal_pain, diarrhoea, toxic_look_(typhos), belly_pain,,,,,,,
Typhoid, chills, vomiting, fatigue, high_fever, headache, constipation, abdominal_pain, diarrhoea, toxic_look_(typhos), belly_pain,,,,,,,
Typhoid, chills, vomiting, fatigue, high_fever, headache, nausea, abdominal_pain, diarrhoea, toxic_look_(typhos), belly_pain,,,,,,,
Typhoid, chills, vomiting, fatigue, high_fever, headache, nausea, constipation, diarrhoea, toxic_look_(typhos), belly_pain,,,,,,,
Typhoid, chills, vomiting, fatigue, high_fever, headache, nausea, constipation, abdominal_pain, toxic_look_(typhos), belly_pain,,,,,,,
Typhoid, chills, vomiting, fatigue, high_fever, headache, nausea, constipation, abdominal_pain, diarrhoea, belly_pain,,,,,,,
Typhoid, chills, vomiting, fatigue, high_fever, headache, nausea, constipation, abdominal_pain, diarrhoea, toxic_look_(typhos),,,,,,,
Typhoid, chills, vomiting, fatigue, high_fever, headache, nausea, constipation, abdominal_pain, diarrhoea, toxic_look_(typhos), belly_pain,,,,,,
Typhoid, chills, vomiting, fatigue, high_fever, headache, nausea, constipation, abdominal_pain, diarrhoea, toxic_look_(typhos), belly_pain,,,,,,
Typhoid, chills, fatigue, high_fever, headache, nausea, constipation, abdominal_pain, diarrhoea, toxic_look_(typhos), belly_pain,,,,,,,
hepatitis A, joint_pain, vomiting, yellowish_skin, dark_urine, nausea, loss_of_appetite, abdominal_pain, diarrhoea, mild_fever, yellowing_of_eyes, muscle_pain,,,,,,
hepatitis A, joint_pain, vomiting, yellowish_skin, dark_urine, nausea, loss_of_appetite, abdominal_pain, diarrhoea, mild_fever, yellowing_of_eyes, muscle_pain,,,,,,
hepatitis A, vomiting, yellowish_skin, dark_urine, nausea, loss_of_appetite, abdominal_pain, diarrhoea, mild_fever, yellowing_of_eyes, muscle_pain,,,,,,,
hepatitis A, joint_pain, yellowish_skin, dark_urine, nausea, loss_of_appetite, abdominal_pain, diarrhoea, mild_fever, yellowing_of_eyes, muscle_pain,,,,,,,
hepatitis A, joint_pain, vomiting, dark_urine, nausea, loss_of_appetite, abdominal_pain, diarrhoea, mild_fever, yellowing_of_eyes, muscle_pain,,,,,,,
hepatitis A, joint_pain, vomiting, yellowish_skin, nausea, loss_of_appetite, abdominal_pain, diarrhoea, mild_fever, yellowing_of_eyes, muscle_pain,,,,,,,
hepatitis A, joint_pain, vomiting, yellowish_skin, dark_urine, loss_of_appetite, abdominal_pain, diarrhoea, mild_fever, yellowing_of_eyes, muscle_pain,,,,,,,
hepatitis A, joint_pain, vomiting, yellowish_skin, dark_urine, nausea, abdominal_pain, diarrhoea, mild_fever, yellowing_of_eyes, muscle_pain,,,,,,,
hepatitis A, joint_pain, vomiting, yellowish_skin, dark_urine, nausea, loss_of_appetite, diarrhoea, mild_fever, yellowing_of_eyes, muscle_pain,,,,,,,
hepatitis A, joint_pain, vomiting, yellowish_skin, dark_urine, nausea, loss_of_appetite, abdominal_pain, mild_fever, yellowing_of_eyes, muscle_pain,,,,,,,
Hepatitis B,itching, fatigue, lethargy, yellowish_skin, dark_urine, loss_of_appetite, abdominal_pain, yellow_urine, yellowing_of_eyes, malaise, receiving_blood_transfusion, receiving_unsterile_injections,,,,,
Hepatitis B,itching, fatigue, lethargy, yellowish_skin, dark_urine, loss_of_appetite, abdominal_pain, yellow_urine, yellowing_of_eyes, malaise, receiving_blood_transfusion, receiving_unsterile_injections,,,,,
Hepatitis B, fatigue, lethargy, yellowish_skin, dark_urine, loss_of_appetite, abdominal_pain, yellow_urine, yellowing_of_eyes, malaise, receiving_blood_transfusion, receiving_unsterile_injections,,,,,,
Hepatitis B,itching, lethargy, yellowish_skin, dark_urine, loss_of_appetite, abdominal_pain, yellow_urine, yellowing_of_eyes, malaise, receiving_blood_transfusion, receiving_unsterile_injections,,,,,,
Hepatitis B,itching, fatigue, yellowish_skin, dark_urine, loss_of_appetite, abdominal_pain, yellow_urine, yellowing_of_eyes, malaise, receiving_blood_transfusion, receiving_unsterile_injections,,,,,,
Hepatitis B,itching, fatigue, lethargy, dark_urine, loss_of_appetite, abdominal_pain, yellow_urine, yellowing_of_eyes, malaise, receiving_blood_transfusion, receiving_unsterile_injections,,,,,,
Hepatitis B,itching, fatigue, lethargy, yellowish_skin, loss_of_appetite, abdominal_pain, yellow_urine, yellowing_of_eyes, malaise, receiving_blood_transfusion, receiving_unsterile_injections,,,,,,
Hepatitis B,itching, fatigue, lethargy, yellowish_skin, dark_urine, abdominal_pain, yellow_urine, yellowing_of_eyes, malaise, receiving_blood_transfusion, receiving_unsterile_injections,,,,,,
Hepatitis B,itching, fatigue, lethargy, yellowish_skin, dark_urine, loss_of_appetite, yellow_urine, yellowing_of_eyes, malaise, receiving_blood_transfusion, receiving_unsterile_injections,,,,,,
Hepatitis B,itching, fatigue, lethargy, yellowish_skin, dark_urine, loss_of_appetite, abdominal_pain, yellowing_of_eyes, malaise, receiving_blood_transfusion, receiving_unsterile_injections,,,,,,
Hepatitis C, fatigue, yellowish_skin, nausea, loss_of_appetite, family_history,,,,,,,,,,,,
Hepatitis C, fatigue, yellowish_skin, nausea, loss_of_appetite, yellowing_of_eyes, family_history,,,,,,,,,,,
Hepatitis C, yellowish_skin, nausea, loss_of_appetite, yellowing_of_eyes, family_history,,,,,,,,,,,,
Hepatitis C, fatigue, nausea, loss_of_appetite, yellowing_of_eyes, family_history,,,,,,,,,,,,
Hepatitis C, fatigue, yellowish_skin, loss_of_appetite, yellowing_of_eyes, family_history,,,,,,,,,,,,
Hepatitis C, fatigue, yellowish_skin, nausea, yellowing_of_eyes, family_history,,,,,,,,,,,,
Hepatitis C, fatigue, yellowish_skin, nausea, loss_of_appetite, family_history,,,,,,,,,,,,
Hepatitis C, fatigue, yellowish_skin, nausea, loss_of_appetite, yellowing_of_eyes,,,,,,,,,,,,
Hepatitis C, fatigue, yellowish_skin, nausea, loss_of_appetite, yellowing_of_eyes, family_history,,,,,,,,,,,
Hepatitis C, fatigue, yellowish_skin, nausea, loss_of_appetite, yellowing_of_eyes, family_history,,,,,,,,,,,
Hepatitis D, joint_pain, vomiting, fatigue, yellowish_skin, dark_urine, nausea, loss_of_appetite, abdominal_pain, yellowing_of_eyes,,,,,,,,
Hepatitis D, vomiting, fatigue, yellowish_skin, dark_urine, nausea, loss_of_appetite, abdominal_pain, yellowing_of_eyes,,,,,,,,,
Hepatitis D, joint_pain, fatigue, yellowish_skin, dark_urine, nausea, loss_of_appetite, abdominal_pain, yellowing_of_eyes,,,,,,,,,
Hepatitis D, joint_pain, vomiting, yellowish_skin, dark_urine, nausea, loss_of_appetite, abdominal_pain, yellowing_of_eyes,,,,,,,,,
Hepatitis D, joint_pain, vomiting, fatigue, dark_urine, nausea, loss_of_appetite, abdominal_pain, yellowing_of_eyes,,,,,,,,,
Hepatitis D, joint_pain, vomiting, fatigue, yellowish_skin, nausea, loss_of_appetite, abdominal_pain, yellowing_of_eyes,,,,,,,,,
Hepatitis D, joint_pain, vomiting, fatigue, yellowish_skin, dark_urine, loss_of_appetite, abdominal_pain, yellowing_of_eyes,,,,,,,,,
Hepatitis D, joint_pain, vomiting, fatigue, yellowish_skin, dark_urine, nausea, abdominal_pain, yellowing_of_eyes,,,,,,,,,
Hepatitis D, joint_pain, vomiting, fatigue, yellowish_skin, dark_urine, nausea, loss_of_appetite, yellowing_of_eyes,,,,,,,,,
Hepatitis D, joint_pain, vomiting, fatigue, yellowish_skin, dark_urine, nausea, loss_of_appetite, abdominal_pain,,,,,,,,,
Hepatitis E, joint_pain, vomiting, fatigue, high_fever, yellowish_skin, dark_urine, nausea, loss_of_appetite, abdominal_pain, yellowing_of_eyes, coma, stomach_bleeding,,,,,
Hepatitis E, joint_pain, vomiting, fatigue, high_fever, yellowish_skin, dark_urine, nausea, loss_of_appetite, abdominal_pain, yellowing_of_eyes, acute_liver_failure, coma, stomach_bleeding,,,,
Hepatitis E, joint_pain, vomiting, fatigue, high_fever, yellowish_skin, dark_urine, nausea, loss_of_appetite, abdominal_pain, yellowing_of_eyes, acute_liver_failure, coma, stomach_bleeding,,,,
Hepatitis E, vomiting, fatigue, high_fever, yellowish_skin, dark_urine, nausea, loss_of_appetite, abdominal_pain, yellowing_of_eyes, acute_liver_failure, coma, stomach_bleeding,,,,,
Hepatitis E, joint_pain, fatigue, high_fever, yellowish_skin, dark_urine, nausea, loss_of_appetite, abdominal_pain, yellowing_of_eyes, acute_liver_failure, coma, stomach_bleeding,,,,,
Hepatitis E, joint_pain, vomiting, high_fever, yellowish_skin, dark_urine, nausea, loss_of_appetite, abdominal_pain, yellowing_of_eyes, acute_liver_failure, coma, stomach_bleeding,,,,,
Hepatitis E, joint_pain, vomiting, fatigue, yellowish_skin, dark_urine, nausea, loss_of_appetite, abdominal_pain, yellowing_of_eyes, acute_liver_failure, coma, stomach_bleeding,,,,,
Hepatitis E, joint_pain, vomiting, fatigue, high_fever, dark_urine, nausea, loss_of_appetite, abdominal_pain, yellowing_of_eyes, acute_liver_failure, coma, stomach_bleeding,,,,,
Hepatitis E, joint_pain, vomiting, fatigue, high_fever, yellowish_skin, nausea, loss_of_appetite, abdominal_pain, yellowing_of_eyes, acute_liver_failure, coma, stomach_bleeding,,,,,
Hepatitis E, joint_pain, vomiting, fatigue, high_fever, yellowish_skin, dark_urine, loss_of_appetite, abdominal_pain, yellowing_of_eyes, acute_liver_failure, coma, stomach_bleeding,,,,,
Alcoholic hepatitis, vomiting, yellowish_skin, abdominal_pain, swelling_of_stomach, distention_of_abdomen, history_of_alcohol_consumption, fluid_overload,,,,,,,,,,
Alcoholic hepatitis, vomiting, yellowish_skin, abdominal_pain, swelling_of_stomach, distention_of_abdomen, history_of_alcohol_consumption, fluid_overload,,,,,,,,,,
Alcoholic hepatitis, yellowish_skin, abdominal_pain, swelling_of_stomach, distention_of_abdomen, history_of_alcohol_consumption, fluid_overload,,,,,,,,,,,
Alcoholic hepatitis, vomiting, abdominal_pain, swelling_of_stomach, distention_of_abdomen, history_of_alcohol_consumption, fluid_overload,,,,,,,,,,,
Alcoholic hepatitis, vomiting, yellowish_skin, swelling_of_stomach, distention_of_abdomen, history_of_alcohol_consumption, fluid_overload,,,,,,,,,,,
Alcoholic hepatitis, vomiting, yellowish_skin, abdominal_pain, distention_of_abdomen, history_of_alcohol_consumption, fluid_overload,,,,,,,,,,,
Alcoholic hepatitis, vomiting, yellowish_skin, abdominal_pain, swelling_of_stomach, history_of_alcohol_consumption, fluid_overload,,,,,,,,,,,
Alcoholic hepatitis, vomiting, yellowish_skin, abdominal_pain, swelling_of_stomach, distention_of_abdomen, fluid_overload,,,,,,,,,,,
Alcoholic hepatitis, vomiting, yellowish_skin, abdominal_pain, swelling_of_stomach, distention_of_abdomen, history_of_alcohol_consumption,,,,,,,,,,,
Alcoholic hepatitis, vomiting, yellowish_skin, abdominal_pain, swelling_of_stomach, distention_of_abdomen, history_of_alcohol_consumption, fluid_overload,,,,,,,,,,
Tuberculosis, chills, vomiting, fatigue, weight_loss, cough, high_fever, breathlessness, sweating, loss_of_appetite, mild_fever, yellowing_of_eyes, swelled_lymph_nodes, malaise, phlegm, chest_pain, blood_in_sputum,
Tuberculosis, chills, vomiting, fatigue, weight_loss, cough, high_fever, breathlessness, sweating, loss_of_appetite, mild_fever, yellowing_of_eyes, swelled_lymph_nodes, malaise, phlegm, chest_pain, blood_in_sputum,
Tuberculosis, vomiting, fatigue, weight_loss, cough, high_fever, breathlessness, sweating, loss_of_appetite, mild_fever, yellowing_of_eyes, swelled_lymph_nodes, malaise, phlegm, chest_pain, blood_in_sputum,,
Tuberculosis, chills, fatigue, weight_loss, cough, high_fever, breathlessness, sweating, loss_of_appetite, mild_fever, yellowing_of_eyes, swelled_lymph_nodes, malaise, phlegm, chest_pain, blood_in_sputum,,
Tuberculosis, chills, vomiting, weight_loss, cough, high_fever, breathlessness, sweating, loss_of_appetite, mild_fever, yellowing_of_eyes, swelled_lymph_nodes, malaise, phlegm, chest_pain, blood_in_sputum,,
Tuberculosis, chills, vomiting, fatigue, cough, high_fever, breathlessness, sweating, loss_of_appetite, mild_fever, yellowing_of_eyes, swelled_lymph_nodes, malaise, phlegm, chest_pain, blood_in_sputum,,
Tuberculosis, chills, vomiting, fatigue, weight_loss, high_fever, breathlessness, sweating, loss_of_appetite, mild_fever, yellowing_of_eyes, swelled_lymph_nodes, malaise, phlegm, chest_pain, blood_in_sputum,,
Tuberculosis, chills, vomiting, fatigue, weight_loss, cough, breathlessness, sweating, loss_of_appetite, mild_fever, yellowing_of_eyes, swelled_lymph_nodes, malaise, phlegm, chest_pain, blood_in_sputum,,
Tuberculosis, chills, vomiting, fatigue, weight_loss, cough, high_fever, sweating, loss_of_appetite, mild_fever, yellowing_of_eyes, swelled_lymph_nodes, malaise, phlegm, chest_pain, blood_in_sputum,,
Tuberculosis, chills, vomiting, fatigue, weight_loss, cough, high_fever, breathlessness, loss_of_appetite, mild_fever, yellowing_of_eyes, swelled_lymph_nodes, malaise, phlegm, chest_pain, blood_in_sputum,,
Common Cold, continuous_sneezing, chills, fatigue, cough, high_fever, headache, swelled_lymph_nodes, malaise, phlegm, throat_irritation, redness_of_eyes, sinus_pressure, runny_nose, congestion, chest_pain, loss_of_smell, muscle_pain
Common Cold, continuous_sneezing, chills, fatigue, cough, high_fever, headache, swelled_lymph_nodes, malaise, phlegm, throat_irritation, redness_of_eyes, sinus_pressure, runny_nose, congestion, chest_pain, loss_of_smell, muscle_pain
Common Cold, chills, fatigue, cough, high_fever, headache, swelled_lymph_nodes, malaise, phlegm, throat_irritation, redness_of_eyes, sinus_pressure, runny_nose, congestion, chest_pain, loss_of_smell, muscle_pain,
Common Cold, continuous_sneezing, fatigue, cough, high_fever, headache, swelled_lymph_nodes, malaise, phlegm, throat_irritation, redness_of_eyes, sinus_pressure, runny_nose, congestion, chest_pain, loss_of_smell, muscle_pain,
Common Cold, continuous_sneezing, chills, cough, high_fever, headache, swelled_lymph_nodes, malaise, phlegm, throat_irritation, redness_of_eyes, sinus_pressure, runny_nose, congestion, chest_pain, loss_of_smell, muscle_pain,
Common Cold, continuous_sneezing, chills, fatigue, high_fever, headache, swelled_lymph_nodes, malaise, phlegm, throat_irritation, redness_of_eyes, sinus_pressure, runny_nose, congestion, chest_pain, loss_of_smell, muscle_pain,
Common Cold, continuous_sneezing, chills, fatigue, cough, headache, swelled_lymph_nodes, malaise, phlegm, throat_irritation, redness_of_eyes, sinus_pressure, runny_nose, congestion, chest_pain, loss_of_smell, muscle_pain,
Common Cold, continuous_sneezing, chills, fatigue, cough, high_fever, swelled_lymph_nodes, malaise, phlegm, throat_irritation, redness_of_eyes, sinus_pressure, runny_nose, congestion, chest_pain, loss_of_smell, muscle_pain,
Common Cold, continuous_sneezing, chills, fatigue, cough, high_fever, headache, malaise, phlegm, throat_irritation, redness_of_eyes, sinus_pressure, runny_nose, congestion, chest_pain, loss_of_smell, muscle_pain,
Common Cold, continuous_sneezing, chills, fatigue, cough, high_fever, headache, swelled_lymph_nodes, phlegm, throat_irritation, redness_of_eyes, sinus_pressure, runny_nose, congestion, chest_pain, loss_of_smell, muscle_pain,
Pneumonia, chills, fatigue, cough, high_fever, breathlessness, sweating, malaise, chest_pain, fast_heart_rate, rusty_sputum,,,,,,,
Pneumonia, chills, fatigue, cough, high_fever, breathlessness, sweating, malaise, phlegm, chest_pain, fast_heart_rate, rusty_sputum,,,,,,
Pneumonia, chills, fatigue, cough, high_fever, breathlessness, sweating, malaise, phlegm, chest_pain, fast_heart_rate, rusty_sputum,,,,,,
Pneumonia, fatigue, cough, high_fever, breathlessness, sweating, malaise, phlegm, chest_pain, fast_heart_rate, rusty_sputum,,,,,,,
Pneumonia, chills, cough, high_fever, breathlessness, sweating, malaise, phlegm, chest_pain, fast_heart_rate, rusty_sputum,,,,,,,
Pneumonia, chills, fatigue, high_fever, breathlessness, sweating, malaise, phlegm, chest_pain, fast_heart_rate, rusty_sputum,,,,,,,
Pneumonia, chills, fatigue, cough, breathlessness, sweating, malaise, phlegm, chest_pain, fast_heart_rate, rusty_sputum,,,,,,,
Pneumonia, chills, fatigue, cough, high_fever, sweating, malaise, phlegm, chest_pain, fast_heart_rate, rusty_sputum,,,,,,,
Pneumonia, chills, fatigue, cough, high_fever, breathlessness, malaise, phlegm, chest_pain, fast_heart_rate, rusty_sputum,,,,,,,
Pneumonia, chills, fatigue, cough, high_fever, breathlessness, sweating, phlegm, chest_pain, fast_heart_rate, rusty_sputum,,,,,,,
Dimorphic hemmorhoids(piles), constipation, pain_during_bowel_movements, pain_in_anal_region, bloody_stool, irritation_in_anus,,,,,,,,,,,,
Dimorphic hemmorhoids(piles), constipation, pain_during_bowel_movements, pain_in_anal_region, bloody_stool, irritation_in_anus,,,,,,,,,,,,
Dimorphic hemmorhoids(piles), constipation, pain_during_bowel_movements, pain_in_anal_region, bloody_stool, irritation_in_anus,,,,,,,,,,,,
Dimorphic hemmorhoids(piles), pain_during_bowel_movements, pain_in_anal_region, bloody_stool, irritation_in_anus,,,,,,,,,,,,,
Dimorphic hemmorhoids(piles), constipation, pain_in_anal_region, bloody_stool, irritation_in_anus,,,,,,,,,,,,,
Dimorphic hemmorhoids(piles), constipation, pain_during_bowel_movements, bloody_stool, irritation_in_anus,,,,,,,,,,,,,
Dimorphic hemmorhoids(piles), constipation, pain_during_bowel_movements, pain_in_anal_region, irritation_in_anus,,,,,,,,,,,,,
Dimorphic hemmorhoids(piles), constipation, pain_during_bowel_movements, pain_in_anal_region, bloody_stool,,,,,,,,,,,,,
Dimorphic hemmorhoids(piles), constipation, pain_during_bowel_movements, pain_in_anal_region, bloody_stool, irritation_in_anus,,,,,,,,,,,,
Dimorphic hemmorhoids(piles), constipation, pain_during_bowel_movements, pain_in_anal_region, bloody_stool, irritation_in_anus,,,,,,,,,,,,
Heart attack, vomiting, breathlessness, sweating, chest_pain,,,,,,,,,,,,,
Heart attack, vomiting, breathlessness, sweating, chest_pain,,,,,,,,,,,,,
Heart attack, breathlessness, sweating, chest_pain,,,,,,,,,,,,,,
Heart attack, vomiting, sweating, chest_pain,,,,,,,,,,,,,,
Heart attack, vomiting, breathlessness, chest_pain,,,,,,,,,,,,,,
Heart attack, vomiting, breathlessness, sweating,,,,,,,,,,,,,,
Heart attack, vomiting, breathlessness, sweating, chest_pain,,,,,,,,,,,,,
Heart attack, breathlessness, sweating, chest_pain,,,,,,,,,,,,,,
Heart attack, vomiting, sweating, chest_pain,,,,,,,,,,,,,,
Heart attack, vomiting, breathlessness, chest_pain,,,,,,,,,,,,,,
Varicose veins, fatigue, cramps, bruising, obesity, swollen_legs, swollen_blood_vessels, prominent_veins_on_calf,,,,,,,,,,
Varicose veins, fatigue, cramps, bruising, obesity, swollen_legs, swollen_blood_vessels, prominent_veins_on_calf,,,,,,,,,,
Varicose veins, cramps, bruising, obesity, swollen_legs, swollen_blood_vessels, prominent_veins_on_calf,,,,,,,,,,,
Varicose veins, fatigue, bruising, obesity, swollen_legs, swollen_blood_vessels, prominent_veins_on_calf,,,,,,,,,,,
Varicose veins, fatigue, cramps, obesity, swollen_legs, swollen_blood_vessels, prominent_veins_on_calf,,,,,,,,,,,
Varicose veins, fatigue, cramps, bruising, swollen_legs, swollen_blood_vessels, prominent_veins_on_calf,,,,,,,,,,,
Varicose veins, fatigue, cramps, bruising, obesity, swollen_blood_vessels, prominent_veins_on_calf,,,,,,,,,,,
Varicose veins, fatigue, cramps, bruising, obesity, swollen_legs, prominent_veins_on_calf,,,,,,,,,,,
Varicose veins, fatigue, cramps, bruising, obesity, swollen_legs, swollen_blood_vessels,,,,,,,,,,,
Varicose veins, fatigue, cramps, bruising, obesity, swollen_legs, prominent_veins_on_calf,,,,,,,,,,,
Hypothyroidism, fatigue, weight_gain, cold_hands_and_feets, mood_swings, lethargy, dizziness, puffy_face_and_eyes, enlarged_thyroid, brittle_nails, swollen_extremeties, depression, irritability, abnormal_menstruation,,,,
Hypothyroidism, fatigue, weight_gain, cold_hands_and_feets, mood_swings, lethargy, dizziness, puffy_face_and_eyes, enlarged_thyroid, brittle_nails, swollen_extremeties, depression, irritability, abnormal_menstruation,,,,
Hypothyroidism, weight_gain, cold_hands_and_feets, mood_swings, lethargy, dizziness, puffy_face_and_eyes, enlarged_thyroid, brittle_nails, swollen_extremeties, depression, irritability, abnormal_menstruation,,,,,
Hypothyroidism, weight_gain, cold_hands_and_feets, mood_swings, lethargy, dizziness, puffy_face_and_eyes, enlarged_thyroid, brittle_nails, swollen_extremeties, depression, irritability, abnormal_menstruation,,,,,
Hypothyroidism, fatigue, cold_hands_and_feets, mood_swings, lethargy, dizziness, puffy_face_and_eyes, enlarged_thyroid, brittle_nails, swollen_extremeties, depression, irritability, abnormal_menstruation,,,,,
Hypothyroidism, fatigue, weight_gain, mood_swings, lethargy, dizziness, puffy_face_and_eyes, enlarged_thyroid, brittle_nails, swollen_extremeties, depression, irritability, abnormal_menstruation,,,,,
Hypothyroidism, fatigue, weight_gain, cold_hands_and_feets, lethargy, dizziness, puffy_face_and_eyes, enlarged_thyroid, brittle_nails, swollen_extremeties, depression, irritability, abnormal_menstruation,,,,,
Hypothyroidism, fatigue, weight_gain, cold_hands_and_feets, mood_swings, dizziness, puffy_face_and_eyes, enlarged_thyroid, brittle_nails, swollen_extremeties, depression, irritability, abnormal_menstruation,,,,,
Hypothyroidism, fatigue, weight_gain, cold_hands_and_feets, mood_swings, lethargy, puffy_face_and_eyes, enlarged_thyroid, brittle_nails, swollen_extremeties, depression, irritability, abnormal_menstruation,,,,,
Hypothyroidism, fatigue, weight_gain, cold_hands_and_feets, mood_swings, lethargy, dizziness, enlarged_thyroid, brittle_nails, swollen_extremeties, depression, irritability, abnormal_menstruation,,,,,
Hyperthyroidism, fatigue, mood_swings, weight_loss, restlessness, sweating, diarrhoea, fast_heart_rate, excessive_hunger, muscle_weakness, irritability, abnormal_menstruation,,,,,,
Hyperthyroidism, fatigue, mood_swings, weight_loss, restlessness, sweating, diarrhoea, fast_heart_rate, excessive_hunger, muscle_weakness, irritability, abnormal_menstruation,,,,,,
Hyperthyroidism, mood_swings, weight_loss, restlessness, sweating, diarrhoea, fast_heart_rate, excessive_hunger, muscle_weakness, irritability, abnormal_menstruation,,,,,,,
Hyperthyroidism, fatigue, weight_loss, restlessness, sweating, diarrhoea, fast_heart_rate, excessive_hunger, muscle_weakness, irritability, abnormal_menstruation,,,,,,,
Hyperthyroidism, fatigue, mood_swings, restlessness, sweating, diarrhoea, fast_heart_rate, excessive_hunger, muscle_weakness, irritability, abnormal_menstruation,,,,,,,
Hyperthyroidism, fatigue, mood_swings, weight_loss, sweating, diarrhoea, fast_heart_rate, excessive_hunger, muscle_weakness, irritability, abnormal_menstruation,,,,,,,
Hyperthyroidism, fatigue, mood_swings, weight_loss, restlessness, diarrhoea, fast_heart_rate, excessive_hunger, muscle_weakness, irritability, abnormal_menstruation,,,,,,,
Hyperthyroidism, fatigue, mood_swings, weight_loss, restlessness, sweating, fast_heart_rate, excessive_hunger, muscle_weakness, irritability, abnormal_menstruation,,,,,,,
Hyperthyroidism, fatigue, mood_swings, weight_loss, restlessness, sweating, diarrhoea, excessive_hunger, muscle_weakness, irritability, abnormal_menstruation,,,,,,,
Hyperthyroidism, fatigue, mood_swings, weight_loss, restlessness, sweating, diarrhoea, fast_heart_rate, muscle_weakness, irritability, abnormal_menstruation,,,,,,,
Hypoglycemia, vomiting, fatigue, anxiety, sweating, headache, nausea, blurred_and_distorted_vision, excessive_hunger, slurred_speech, irritability, palpitations,,,,,,
Hypoglycemia, vomiting, fatigue, anxiety, sweating, headache, nausea, blurred_and_distorted_vision, excessive_hunger, drying_and_tingling_lips, slurred_speech, irritability, palpitations,,,,,
Hypoglycemia, vomiting, fatigue, anxiety, sweating, headache, nausea, blurred_and_distorted_vision, excessive_hunger, drying_and_tingling_lips, slurred_speech, irritability, palpitations,,,,,
Hypoglycemia, fatigue, anxiety, sweating, headache, nausea, blurred_and_distorted_vision, excessive_hunger, drying_and_tingling_lips, slurred_speech, irritability, palpitations,,,,,,
Hypoglycemia, vomiting, anxiety, sweating, headache, nausea, blurred_and_distorted_vision, excessive_hunger, drying_and_tingling_lips, slurred_speech, irritability, palpitations,,,,,,
Hypoglycemia, vomiting, fatigue, sweating, headache, nausea, blurred_and_distorted_vision, excessive_hunger, drying_and_tingling_lips, slurred_speech, irritability, palpitations,,,,,,
Hypoglycemia, vomiting, fatigue, anxiety, headache, nausea, blurred_and_distorted_vision, excessive_hunger, drying_and_tingling_lips, slurred_speech, irritability, palpitations,,,,,,
Hypoglycemia, vomiting, fatigue, anxiety, sweating, nausea, blurred_and_distorted_vision, excessive_hunger, drying_and_tingling_lips, slurred_speech, irritability, palpitations,,,,,,
Hypoglycemia, vomiting, fatigue, anxiety, sweating, headache, blurred_and_distorted_vision, excessive_hunger, drying_and_tingling_lips, slurred_speech, irritability, palpitations,,,,,,
Hypoglycemia, vomiting, fatigue, anxiety, sweating, headache, nausea, excessive_hunger, drying_and_tingling_lips, slurred_speech, irritability, palpitations,,,,,,
Osteoarthristis, joint_pain, neck_pain, knee_pain, hip_joint_pain, swelling_joints, painful_walking,,,,,,,,,,,
Osteoarthristis, joint_pain, neck_pain, knee_pain, hip_joint_pain, swelling_joints, painful_walking,,,,,,,,,,,
Osteoarthristis, neck_pain, knee_pain, hip_joint_pain, swelling_joints, painful_walking,,,,,,,,,,,,
Osteoarthristis, joint_pain, knee_pain, hip_joint_pain, swelling_joints, painful_walking,,,,,,,,,,,,
Osteoarthristis, joint_pain, neck_pain, hip_joint_pain, swelling_joints, painful_walking,,,,,,,,,,,,
Osteoarthristis, joint_pain, neck_pain, knee_pain, swelling_joints, painful_walking,,,,,,,,,,,,
Osteoarthristis, joint_pain, neck_pain, knee_pain, hip_joint_pain, painful_walking,,,,,,,,,,,,
Osteoarthristis, joint_pain, neck_pain, knee_pain, hip_joint_pain, swelling_joints,,,,,,,,,,,,
Osteoarthristis, joint_pain, neck_pain, knee_pain, hip_joint_pain, swelling_joints, painful_walking,,,,,,,,,,,
Osteoarthristis, joint_pain, neck_pain, knee_pain, hip_joint_pain, swelling_joints, painful_walking,,,,,,,,,,,
Arthritis, muscle_weakness, stiff_neck, swelling_joints, movement_stiffness, painful_walking,,,,,,,,,,,,
Arthritis, muscle_weakness, stiff_neck, swelling_joints, movement_stiffness, painful_walking,,,,,,,,,,,,
Arthritis, stiff_neck, swelling_joints, movement_stiffness, painful_walking,,,,,,,,,,,,,
Arthritis, muscle_weakness, swelling_joints, movement_stiffness, painful_walking,,,,,,,,,,,,,
Arthritis, muscle_weakness, stiff_neck, movement_stiffness, painful_walking,,,,,,,,,,,,,
Arthritis, muscle_weakness, stiff_neck, swelling_joints, painful_walking,,,,,,,,,,,,,
Arthritis, muscle_weakness, stiff_neck, swelling_joints, movement_stiffness, painful_walking,,,,,,,,,,,,
Arthritis, muscle_weakness, stiff_neck, swelling_joints, movement_stiffness,,,,,,,,,,,,,
Arthritis, muscle_weakness, stiff_neck, swelling_joints, movement_stiffness, painful_walking,,,,,,,,,,,,
Arthritis, muscle_weakness, stiff_neck, swelling_joints, movement_stiffness, painful_walking,,,,,,,,,,,,
(vertigo) Paroymsal  Positional Vertigo, vomiting, headache, nausea, spinning_movements, loss_of_balance, unsteadiness,,,,,,,,,,,
(vertigo) Paroymsal  Positional Vertigo, vomiting, headache, nausea, spinning_movements, loss_of_balance, unsteadiness,,,,,,,,,,,
(vertigo) Paroymsal  Positional Vertigo, headache, nausea, spinning_movements, loss_of_balance, unsteadiness,,,,,,,,,,,,
(vertigo) Paroymsal  Positional Vertigo, vomiting, nausea, spinning_movements, loss_of_balance, unsteadiness,,,,,,,,,,,,
(vertigo) Paroymsal  Positional Vertigo, vomiting, headache, spinning_movements, loss_of_balance, unsteadiness,,,,,,,,,,,,
(vertigo) Paroymsal  Positional Vertigo, vomiting, headache, nausea, loss_of_balance, unsteadiness,,,,,,,,,,,,
(vertigo) Paroymsal  Positional Vertigo, vomiting, headache, nausea, spinning_movements, unsteadiness,,,,,,,,,,,,
(vertigo) Paroymsal  Positional Vertigo, vomiting, headache, nausea, spinning_movements, loss_of_balance,,,,,,,,,,,,
(vertigo) Paroymsal  Positional Vertigo, vomiting, headache, nausea, spinning_movements, loss_of_balance, unsteadiness,,,,,,,,,,,
(vertigo) Paroymsal  Positional Vertigo, vomiting, headache, nausea, loss_of_balance, unsteadiness,,,,,,,,,,,,
Acne, skin_rash, pus_filled_pimples, blackheads, scurring,,,,,,,,,,,,,
Acne, skin_rash, pus_filled_pimples, blackheads, scurring,,,,,,,,,,,,,
Acne, pus_filled_pimples, blackheads, scurring,,,,,,,,,,,,,,
Acne, skin_rash, blackheads, scurring,,,,,,,,,,,,,,
Acne, skin_rash, pus_filled_pimples, scurring,,,,,,,,,,,,,,
Acne, skin_rash, pus_filled_pimples, blackheads,,,,,,,,,,,,,,
Acne, skin_rash, pus_filled_pimples, blackheads, scurring,,,,,,,,,,,,,
Acne, skin_rash, pus_filled_pimples, blackheads,,,,,,,,,,,,,,
Acne, skin_rash, pus_filled_pimples, scurring,,,,,,,,,,,,,,
Acne, skin_rash, blackheads, scurring,,,,,,,,,,,,,,
Urinary tract infection, burning_micturition, bladder_discomfort, foul_smell_of urine, continuous_feel_of_urine,,,,,,,,,,,,,
Urinary tract infection, burning_micturition, bladder_discomfort, foul_smell_of urine, continuous_feel_of_urine,,,,,,,,,,,,,
Urinary tract infection, bladder_discomfort, foul_smell_of urine, continuous_feel_of_urine,,,,,,,,,,,,,,
Urinary tract infection, burning_micturition, foul_smell_of urine, continuous_feel_of_urine,,,,,,,,,,,,,,
Urinary tract infection, burning_micturition, bladder_discomfort, continuous_feel_of_urine,,,,,,,,,,,,,,
Urinary tract infection, burning_micturition, bladder_discomfort, foul_smell_of urine,,,,,,,,,,,,,,
Urinary tract infection, burning_micturition, bladder_discomfort, foul_smell_of urine, continuous_feel_of_urine,,,,,,,,,,,,,
Urinary tract infection, burning_micturition, bladder_discomfort, continuous_feel_of_urine,,,,,,,,,,,,,,
Urinary tract infection, bladder_discomfort, foul_smell_of urine, continuous_feel_of_urine,,,,,,,,,,,,,,
Urinary tract infection, burning_micturition, bladder_discomfort, continuous_feel_of_urine,,,,,,,,,,,,,,
Psoriasis, skin_rash, joint_pain, skin_peeling, silver_like_dusting, small_dents_in_nails, inflammatory_nails,,,,,,,,,,,
Psoriasis, skin_rash, joint_pain, skin_peeling, silver_like_dusting, small_dents_in_nails, inflammatory_nails,,,,,,,,,,,
Psoriasis, joint_pain, skin_peeling, silver_like_dusting, small_dents_in_nails, inflammatory_nails,,,,,,,,,,,,
Psoriasis, skin_rash, skin_peeling, silver_like_dusting, small_dents_in_nails, inflammatory_nails,,,,,,,,,,,,
Psoriasis, skin_rash, joint_pain, silver_like_dusting, small_dents_in_nails, inflammatory_nails,,,,,,,,,,,,
Psoriasis, skin_rash, joint_pain, skin_peeling, small_dents_in_nails, inflammatory_nails,,,,,,,,,,,,
Psoriasis, skin_rash, joint_pain, skin_peeling, silver_like_dusting, inflammatory_nails,,,,,,,,,,,,
Psoriasis, skin_rash, joint_pain, skin_peeling, silver_like_dusting, small_dents_in_nails,,,,,,,,,,,,
Psoriasis, skin_rash, joint_pain, skin_peeling, silver_like_dusting, small_dents_in_nails, inflammatory_nails,,,,,,,,,,,
Psoriasis, skin_rash, joint_pain, skin_peeling, silver_like_dusting, small_dents_in_nails, inflammatory_nails,,,,,,,,,,,
Impetigo, skin_rash, high_fever, blister, red_sore_around_nose, yellow_crust_ooze,,,,,,,,,,,,
Impetigo, skin_rash, high_fever, blister, red_sore_around_nose, yellow_crust_ooze,,,,,,,,,,,,
Impetigo, high_fever, blister, red_sore_around_nose, yellow_crust_ooze,,,,,,,,,,,,,
Impetigo, skin_rash, blister, red_sore_around_nose, yellow_crust_ooze,,,,,,,,,,,,,
Impetigo, skin_rash, blister, red_sore_around_nose, yellow_crust_ooze,,,,,,,,,,,,,
Impetigo, skin_rash, high_fever, red_sore_around_nose, yellow_crust_ooze,,,,,,,,,,,,,
Impetigo, skin_rash, high_fever, blister, yellow_crust_ooze,,,,,,,,,,,,,
Impetigo, skin_rash, high_fever, blister, red_sore_around_nose,,,,,,,,,,,,,
Impetigo, skin_rash, high_fever, blister, red_sore_around_nose, yellow_crust_ooze,,,,,,,,,,,,
Impetigo, skin_rash, blister, red_sore_around_nose, yellow_crust_ooze,,,,,,,,,,,,,
Fungal infection,itching, skin_rash, nodal_skin_eruptions, dischromic _patches,,,,,,,,,,,,,
Fungal infection, skin_rash, nodal_skin_eruptions, dischromic _patches,,,,,,,,,,,,,,
Fungal infection,itching, nodal_skin_eruptions, dischromic _patches,,,,,,,,,,,,,,
Fungal infection,itching, skin_rash, dischromic _patches,,,,,,,,,,,,,,
Fungal infection,itching, skin_rash, nodal_skin_eruptions,,,,,,,,,,,,,,
Fungal infection, skin_rash, nodal_skin_eruptions, dischromic _patches,,,,,,,,,,,,,,
Fungal infection,itching, nodal_skin_eruptions, dischromic _patches,,,,,,,,,,,,,,
Fungal infection,itching, skin_rash, dischromic _patches,,,,,,,,,,,,,,
Fungal infection,itching, skin_rash, nodal_skin_eruptions,,,,,,,,,,,,,,
Fungal infection,itching, skin_rash, nodal_skin_eruptions, dischromic _patches,,,,,,,,,,,,,
Allergy, continuous_sneezing, shivering, chills, watering_from_eyes,,,,,,,,,,,,,
Allergy, shivering, chills, watering_from_eyes,,,,,,,,,,,,,,
Allergy, continuous_sneezing, chills, watering_from_eyes,,,,,,,,,,,,,,
Allergy, continuous_sneezing, shivering, watering_from_eyes,,,,,,,,,,,,,,
Allergy, continuous_sneezing, shivering, chills,,,,,,,,,,,,,,
Allergy, shivering, chills, watering_from_eyes,,,,,,,,,,,,,,
Allergy, continuous_sneezing, chills, watering_from_eyes,,,,,,,,,,,,,,
Allergy, continuous_sneezing, shivering, watering_from_eyes,,,,,,,,,,,,,,
Allergy, continuous_sneezing, shivering, chills,,,,,,,,,,,,,,
Allergy, continuous_sneezing, shivering, chills, watering_from_eyes,,,,,,,,,,,,,
GERD, stomach_pain, acidity, ulcers_on_tongue, vomiting, cough, chest_pain,,,,,,,,,,,
GERD, stomach_pain, ulcers_on_tongue, vomiting, cough, chest_pain,,,,,,,,,,,,
GERD, stomach_pain, acidity, vomiting, cough, chest_pain,,,,,,,,,,,,
GERD, stomach_pain, acidity, ulcers_on_tongue, cough, chest_pain,,,,,,,,,,,,
GERD, stomach_pain, acidity, ulcers_on_tongue, vomiting, chest_pain,,,,,,,,,,,,
GERD, stomach_pain, acidity, ulcers_on_tongue, vomiting, cough,,,,,,,,,,,,
GERD, acidity, ulcers_on_tongue, vomiting, cough, chest_pain,,,,,,,,,,,,
GERD, stomach_pain, ulcers_on_tongue, vomiting, cough, chest_pain,,,,,,,,,,,,
GERD, stomach_pain, acidity, vomiting, cough, chest_pain,,,,,,,,,,,,
GERD, stomach_pain, acidity, ulcers_on_tongue, cough, chest_pain,,,,,,,,,,,,
Chronic cholestasis,itching, vomiting, yellowish_skin, nausea, loss_of_appetite, abdominal_pain, yellowing_of_eyes,,,,,,,,,,
Chronic cholestasis, vomiting, yellowish_skin, nausea, loss_of_appetite, abdominal_pain, yellowing_of_eyes,,,,,,,,,,,
Chronic cholestasis,itching, yellowish_skin, nausea, loss_of_appetite, abdominal_pain, yellowing_of_eyes,,,,,,,,,,,
Chronic cholestasis,itching, vomiting, nausea, loss_of_appetite, abdominal_pain, yellowing_of_eyes,,,,,,,,,,,
Chronic cholestasis,itching, vomiting, yellowish_skin, loss_of_appetite, abdominal_pain, yellowing_of_eyes,,,,,,,,,,,
Chronic cholestasis,itching, vomiting, yellowish_skin, nausea, abdominal_pain, yellowing_of_eyes,,,,,,,,,,,
Chronic cholestasis,itching, vomiting, yellowish_skin, nausea, loss_of_appetite, yellowing_of_eyes,,,,,,,,,,,
Chronic cholestasis,itching, vomiting, yellowish_skin, nausea, loss_of_appetite, abdominal_pain,,,,,,,,,,,
Chronic cholestasis,itching, vomiting, yellowish_skin, nausea, loss_of_appetite, abdominal_pain, yellowing_of_eyes,,,,,,,,,,
Chronic cholestasis,itching, vomiting, yellowish_skin, nausea, loss_of_appetite, abdominal_pain, yellowing_of_eyes,,,,,,,,,,
Drug Reaction,itching, skin_rash, stomach_pain, burning_micturition, spotting_ urination,,,,,,,,,,,,
Drug Reaction,itching, stomach_pain, burning_micturition, spotting_ urination,,,,,,,,,,,,,
Drug Reaction,itching, skin_rash, burning_micturition, spotting_ urination,,,,,,,,,,,,,
Drug Reaction,itching, skin_rash, stomach_pain, spotting_ urination,,,,,,,,,,,,,
Drug Reaction,itching, skin_rash, stomach_pain, burning_micturition,,,,,,,,,,,,,
Drug Reaction, skin_rash, stomach_pain, burning_micturition, spotting_ urination,,,,,,,,,,,,,
Drug Reaction,itching, stomach_pain, burning_micturition, spotting_ urination,,,,,,,,,,,,,
Drug Reaction,itching, skin_rash, burning_micturition, spotting_ urination,,,,,,,,,,,,,
Drug Reaction,itching, skin_rash, stomach_pain, spotting_ urination,,,,,,,,,,,,,
Drug Reaction,itching, skin_rash, stomach_pain, burning_micturition,,,,,,,,,,,,,
Peptic ulcer diseae, vomiting, loss_of_appetite, abdominal_pain, passage_of_gases, internal_itching,,,,,,,,,,,,
Peptic ulcer diseae, vomiting, indigestion, abdominal_pain, passage_of_gases, internal_itching,,,,,,,,,,,,
Peptic ulcer diseae, indigestion, loss_of_appetite, abdominal_pain, passage_of_gases, internal_itching,,,,,,,,,,,,
Peptic ulcer diseae, vomiting, loss_of_appetite, abdominal_pain, passage_of_gases, internal_itching,,,,,,,,,,,,
Peptic ulcer diseae, vomiting, indigestion, abdominal_pain, passage_of_gases, internal_itching,,,,,,,,,,,,
Peptic ulcer diseae, vomiting, indigestion, loss_of_appetite, passage_of_gases, internal_itching,,,,,,,,,,,,
Peptic ulcer diseae, vomiting, indigestion, loss_of_appetite, abdominal_pain, internal_itching,,,,,,,,,,,,
Peptic ulcer diseae, vomiting, indigestion, loss_of_appetite, abdominal_pain, passage_of_gases,,,,,,,,,,,,
Peptic ulcer diseae, vomiting, indigestion, loss_of_appetite, abdominal_pain, passage_of_gases, internal_itching,,,,,,,,,,,
Peptic ulcer diseae, vomiting, indigestion, loss_of_appetite, abdominal_pain, passage_of_gases, internal_itching,,,,,,,,,,,
AIDS, muscle_wasting, patches_in_throat, high_fever, extra_marital_contacts,,,,,,,,,,,,,
AIDS, patches_in_throat, high_fever, extra_marital_contacts,,,,,,,,,,,,,,
AIDS, muscle_wasting, high_fever, extra_marital_contacts,,,,,,,,,,,,,,
AIDS, muscle_wasting, patches_in_throat, extra_marital_contacts,,,,,,,,,,,,,,
AIDS, muscle_wasting, patches_in_throat, high_fever,,,,,,,,,,,,,,
AIDS, muscle_wasting, patches_in_throat, high_fever, extra_marital_contacts,,,,,,,,,,,,,
AIDS, muscle_wasting, patches_in_throat, high_fever, extra_marital_contacts,,,,,,,,,,,,,
AIDS, patches_in_throat, high_fever, extra_marital_contacts,,,,,,,,,,,,,,
AIDS, muscle_wasting, high_fever, extra_marital_contacts,,,,,,,,,,,,,,
AIDS, muscle_wasting, patches_in_throat, high_fever,,,,,,,,,,,,,,
Diabetes, fatigue, weight_loss, restlessness, lethargy, irregular_sugar_level, blurred_and_distorted_vision, obesity, excessive_hunger, increased_appetite, polyuria,,,,,,,
Diabetes, fatigue, weight_loss, restlessness, lethargy, irregular_sugar_level, blurred_and_distorted_vision, obesity, excessive_hunger, increased_appetite, polyuria,,,,,,,
Diabetes, weight_loss, restlessness, lethargy, irregular_sugar_level, blurred_and_distorted_vision, obesity, excessive_hunger, increased_appetite, polyuria,,,,,,,,
Diabetes, fatigue, restlessness, lethargy, irregular_sugar_level, blurred_and_distorted_vision, obesity, excessive_hunger, increased_appetite, polyuria,,,,,,,,
Diabetes, fatigue, weight_loss, lethargy, irregular_sugar_level, blurred_and_distorted_vision, obesity, excessive_hunger, increased_appetite, polyuria,,,,,,,,
Diabetes, fatigue, weight_loss, restlessness, irregular_sugar_level, blurred_and_distorted_vision, obesity, excessive_hunger, increased_appetite, polyuria,,,,,,,,
Diabetes, fatigue, weight_loss, restlessness, lethargy, blurred_and_distorted_vision, obesity, excessive_hunger, increased_appetite, polyuria,,,,,,,,
Diabetes, fatigue, weight_loss, restlessness, lethargy, irregular_sugar_level, obesity, excessive_hunger, increased_appetite, polyuria,,,,,,,,
Diabetes, fatigue, weight_loss, restlessness, lethargy, irregular_sugar_level, blurred_and_distorted_vision, excessive_hunger, increased_appetite, polyuria,,,,,,,,
Diabetes, fatigue, weight_loss, restlessness, lethargy, irregular_sugar_level, blurred_and_distorted_vision, obesity, increased_appetite, polyuria,,,,,,,,
Gastroenteritis, vomiting, sunken_eyes, dehydration, diarrhoea,,,,,,,,,,,,,
Gastroenteritis, vomiting, sunken_eyes, dehydration, diarrhoea,,,,,,,,,,,,,
Gastroenteritis, sunken_eyes, dehydration, diarrhoea,,,,,,,,,,,,,,
Gastroenteritis, vomiting, dehydration, diarrhoea,,,,,,,,,,,,,,
Gastroenteritis, vomiting, sunken_eyes, diarrhoea,,,,,,,,,,,,,,
Gastroenteritis, vomiting, sunken_eyes, dehydration,,,,,,,,,,,,,,
Gastroenteritis, vomiting, sunken_eyes, dehydration, diarrhoea,,,,,,,,,,,,,
Gastroenteritis, sunken_eyes, dehydration, diarrhoea,,,,,,,,,,,,,,
Gastroenteritis, vomiting, dehydration, diarrhoea,,,,,,,,,,,,,,
Gastroenteritis, vomiting, sunken_eyes, diarrhoea,,,,,,,,,,,,,,
Bronchial Asthma, fatigue, cough, high_fever, breathlessness, family_history, mucoid_sputum,,,,,,,,,,,
Bronchial Asthma, cough, high_fever, breathlessness, family_history, mucoid_sputum,,,,,,,,,,,,
Bronchial Asthma, fatigue, high_fever, breathlessness, family_history, mucoid_sputum,,,,,,,,,,,,
Bronchial Asthma, fatigue, cough, breathlessness, family_history, mucoid_sputum,,,,,,,,,,,,
Bronchial Asthma, fatigue, cough, high_fever, family_history, mucoid_sputum,,,,,,,,,,,,
Bronchial Asthma, fatigue, cough, high_fever, breathlessness, mucoid_sputum,,,,,,,,,,,,
Bronchial Asthma, fatigue, cough, high_fever, breathlessness, family_history,,,,,,,,,,,,
Bronchial Asthma, fatigue, cough, high_fever, breathlessness, family_history, mucoid_sputum,,,,,,,,,,,
Bronchial Asthma, cough, high_fever, breathlessness, family_history, mucoid_sputum,,,,,,,,,,,,
Bronchial Asthma, fatigue, high_fever, breathlessness, family_history, mucoid_sputum,,,,,,,,,,,,
Hypertension, headache, chest_pain, dizziness, loss_of_balance, lack_of_concentration,,,,,,,,,,,,
Hypertension, chest_pain, dizziness, loss_of_balance, lack_of_concentration,,,,,,,,,,,,,
Hypertension, headache, dizziness, loss_of_balance, lack_of_concentration,,,,,,,,,,,,,
Hypertension, headache, chest_pain, loss_of_balance, lack_of_concentration,,,,,,,,,,,,,
Hypertension, headache, chest_pain, dizziness, lack_of_concentration,,,,,,,,,,,,,
Hypertension, headache, chest_pain, dizziness, loss_of_balance,,,,,,,,,,,,,
Hypertension, headache, chest_pain, dizziness, loss_of_balance, lack_of_concentration,,,,,,,,,,,,
Hypertension, chest_pain, dizziness, loss_of_balance, lack_of_concentration,,,,,,,,,,,,,
Hypertension, headache, dizziness, loss_of_balance, lack_of_concentration,,,,,,,,,,,,,
Hypertension, headache, chest_pain, loss_of_balance, lack_of_concentration,,,,,,,,,,,,,
Migraine, acidity, indigestion, headache, blurred_and_distorted_vision, excessive_hunger, stiff_neck, depression, irritability, visual_disturbances,,,,,,,,
Migraine, indigestion, headache, blurred_and_distorted_vision, excessive_hunger, stiff_neck, depression, irritability, visual_disturbances,,,,,,,,,
Migraine, acidity, headache, blurred_and_distorted_vision, excessive_hunger, stiff_neck, depression, irritability, visual_disturbances,,,,,,,,,
Migraine, acidity, indigestion, blurred_and_distorted_vision, excessive_hunger, stiff_neck, depression, irritability, visual_disturbances,,,,,,,,,
Migraine, acidity, indigestion, headache, excessive_hunger, stiff_neck, depression, irritability, visual_disturbances,,,,,,,,,
Migraine, acidity, indigestion, headache, blurred_and_distorted_vision, stiff_neck, depression, irritability, visual_disturbances,,,,,,,,,
Migraine, acidity, indigestion, headache, blurred_and_distorted_vision, excessive_hunger, depression, irritability, visual_disturbances,,,,,,,,,
Migraine, acidity, indigestion, headache, blurred_and_distorted_vision, excessive_hunger, stiff_neck, irritability, visual_disturbances,,,,,,,,,
Migraine, acidity, indigestion, headache, blurred_and_distorted_vision, excessive_hunger, stiff_neck, depression, visual_disturbances,,,,,,,,,
Migraine, acidity, indigestion, headache, blurred_and_distorted_vision, excessive_hunger, stiff_neck, depression, irritability,,,,,,,,,
Cervical spondylosis, back_pain, weakness_in_limbs, neck_pain, dizziness, loss_of_balance,,,,,,,,,,,,
Cervical spondylosis, back_pain, weakness_in_limbs, neck_pain, dizziness, loss_of_balance,,,,,,,,,,,,
Cervical spondylosis, weakness_in_limbs, neck_pain, dizziness, loss_of_balance,,,,,,,,,,,,,
Cervical spondylosis, back_pain, neck_pain, dizziness, loss_of_balance,,,,,,,,,,,,,
Cervical spondylosis, back_pain, weakness_in_limbs, dizziness, loss_of_balance,,,,,,,,,,,,,
Cervical spondylosis, back_pain, weakness_in_limbs, neck_pain, loss_of_balance,,,,,,,,,,,,,
Cervical spondylosis, back_pain, weakness_in_limbs, neck_pain, dizziness,,,,,,,,,,,,,
Cervical spondylosis, back_pain, weakness_in_limbs, neck_pain, dizziness, loss_of_balance,,,,,,,,,,,,
Cervical spondylosis, weakness_in_limbs, neck_pain, dizziness, loss_of_balance,,,,,,,,,,,,,
Cervical spondylosis, back_pain, neck_pain, dizziness, loss_of_balance,,,,,,,,,,,,,
Paralysis (brain hemorrhage), vomiting, headache, weakness_of_one_body_side, altered_sensorium,,,,,,,,,,,,,
Paralysis (brain hemorrhage), vomiting, headache, weakness_of_one_body_side, altered_sensorium,,,,,,,,,,,,,
Paralysis (brain hemorrhage), headache, weakness_of_one_body_side, altered_sensorium,,,,,,,,,,,,,,
Paralysis (brain hemorrhage), vomiting, weakness_of_one_body_side, altered_sensorium,,,,,,,,,,,,,,
Paralysis (brain hemorrhage), vomiting, headache, altered_sensorium,,,,,,,,,,,,,,
Paralysis (brain hemorrhage), vomiting, headache, weakness_of_one_body_side,,,,,,,,,,,,,,
Paralysis (brain hemorrhage), vomiting, headache, weakness_of_one_body_side, altered_sensorium,,,,,,,,,,,,,
Paralysis (brain hemorrhage), headache, weakness_of_one_body_side, altered_sensorium,,,,,,,,,,,,,,
Paralysis (brain hemorrhage), vomiting, weakness_of_one_body_side, altered_sensorium,,,,,,,,,,,,,,
Paralysis (brain hemorrhage), vomiting, headache, altered_sensorium,,,,,,,,,,,,,,
Jaundice,itching, vomiting, fatigue, weight_loss, high_fever, yellowish_skin, dark_urine, abdominal_pain,,,,,,,,,
Jaundice,itching, vomiting, fatigue, weight_loss, high_fever, yellowish_skin, dark_urine, abdominal_pain,,,,,,,,,
Jaundice, vomiting, fatigue, weight_loss, high_fever, yellowish_skin, dark_urine, abdominal_pain,,,,,,,,,,
Jaundice,itching, fatigue, weight_loss, high_fever, yellowish_skin, dark_urine, abdominal_pain,,,,,,,,,,
Jaundice,itching, vomiting, weight_loss, high_fever, yellowish_skin, dark_urine, abdominal_pain,,,,,,,,,,
Jaundice,itching, vomiting, fatigue, high_fever, yellowish_skin, dark_urine, abdominal_pain,,,,,,,,,,
Jaundice,itching, vomiting, fatigue, weight_loss, yellowish_skin, dark_urine, abdominal_pain,,,,,,,,,,
Jaundice,itching, vomiting, fatigue, weight_loss, high_fever, dark_urine, abdominal_pain,,,,,,,,,,
Jaundice,itching, vomiting, fatigue, weight_loss, high_fever, yellowish_skin, abdominal_pain,,,,,,,,,,
Jaundice,itching, vomiting, fatigue, weight_loss, high_fever, yellowish_skin, dark_urine,,,,,,,,,,
Malaria, chills, vomiting, high_fever, sweating, headache, nausea, muscle_pain,,,,,,,,,,
Malaria, chills, vomiting, high_fever, sweating, headache, nausea, diarrhoea, muscle_pain,,,,,,,,,
Malaria, chills, vomiting, high_fever, sweating, headache, nausea, diarrhoea, muscle_pain,,,,,,,,,
Malaria, vomiting, high_fever, sweating, headache, nausea, diarrhoea, muscle_pain,,,,,,,,,,
Malaria, chills, high_fever, sweating, headache, nausea, diarrhoea, muscle_pain,,,,,,,,,,
Malaria, chills, vomiting, sweating, headache, nausea, diarrhoea, muscle_pain,,,,,,,,,,
Malaria, chills, vomiting, high_fever, headache, nausea, diarrhoea, muscle_pain,,,,,,,,,,
Malaria, chills, vomiting, high_fever, sweating, nausea, diarrhoea, muscle_pain,,,,,,,,,,
Malaria, chills, vomiting, high_fever, sweating, headache, diarrhoea, muscle_pain,,,,,,,,,,
Malaria, chills, vomiting, high_fever, sweating, headache, nausea, muscle_pain,,,,,,,,,,
Chicken pox,itching, skin_rash, fatigue, lethargy, high_fever, headache, loss_of_appetite, mild_fever, swelled_lymph_nodes, malaise, red_spots_over_body,,,,,,
Chicken pox, skin_rash, fatigue, lethargy, high_fever, headache, loss_of_appetite, mild_fever, swelled_lymph_nodes, malaise, red_spots_over_body,,,,,,,
Chicken pox,itching, fatigue, lethargy, high_fever, headache, loss_of_appetite, mild_fever, swelled_lymph_nodes, malaise, red_spots_over_body,,,,,,,
Chicken pox,itching, skin_rash, lethargy, high_fever, headache, loss_of_appetite, mild_fever, swelled_lymph_nodes, malaise, red_spots_over_body,,,,,,,
Chicken pox,itching, skin_rash, fatigue, high_fever, headache, loss_of_appetite, mild_fever, swelled_lymph_nodes, malaise, red_spots_over_body,,,,,,,
Chicken pox,itching, skin_rash, fatigue, lethargy, headache, loss_of_appetite, mild_fever, swelled_lymph_nodes, malaise, red_spots_over_body,,,,,,,
Chicken pox,itching, skin_rash, fatigue, lethargy, high_fever, loss_of_appetite, mild_fever, swelled_lymph_nodes, malaise, red_spots_over_body,,,,,,,
Chicken pox,itching, skin_rash, fatigue, lethargy, high_fever, headache, mild_fever, swelled_lymph_nodes, malaise, red_spots_over_body,,,,,,,
Chicken pox,itching, skin_rash, fatigue, lethargy, high_fever, headache, loss_of_appetite, swelled_lymph_nodes, malaise, red_spots_over_body,,,,,,,
Chicken pox,itching, skin_rash, fatigue, lethargy, high_fever, headache, loss_of_appetite, mild_fever, malaise, red_spots_over_body,,,,,,,
Dengue, skin_rash, chills, joint_pain, vomiting, fatigue, high_fever, headache, nausea, loss_of_appetite, pain_behind_the_eyes, back_pain, muscle_pain, red_spots_over_body,,,,
Dengue, skin_rash, chills, joint_pain, vomiting, fatigue, high_fever, headache, nausea, loss_of_appetite, pain_behind_the_eyes, back_pain, malaise, red_spots_over_body,,,,
Dengue, skin_rash, chills, joint_pain, vomiting, fatigue, high_fever, headache, nausea, loss_of_appetite, pain_behind_the_eyes, back_pain, malaise, muscle_pain,,,,
Dengue, skin_rash, chills, joint_pain, vomiting, fatigue, high_fever, headache, nausea, loss_of_appetite, pain_behind_the_eyes, back_pain, malaise, muscle_pain, red_spots_over_body,,,
Dengue, chills, joint_pain, vomiting, fatigue, high_fever, headache, nausea, loss_of_appetite, pain_behind_the_eyes, back_pain, malaise, muscle_pain, red_spots_over_body,,,,
Dengue, skin_rash, joint_pain, vomiting, fatigue, high_fever, headache, nausea, loss_of_appetite, pain_behind_the_eyes, back_pain, malaise, muscle_pain, red_spots_over_body,,,,
Dengue, skin_rash, chills, vomiting, fatigue, high_fever, headache, nausea, loss_of_appetite, pain_behind_the_eyes, back_pain, malaise, muscle_pain, red_spots_over_body,,,,
Dengue, skin_rash, chills, joint_pain, fatigue, high_fever, headache, nausea, loss_of_appetite, pain_behind_the_eyes, back_pain, malaise, muscle_pain, red_spots_over_body,,,,
Dengue, skin_rash, chills, joint_pain, vomiting, high_fever, headache, nausea, loss_of_appetite, pain_behind_the_eyes, back_pain, malaise, muscle_pain, red_spots_over_body,,,,
Dengue, skin_rash, chills, joint_pain, vomiting, fatigue, headache, nausea, loss_of_appetite, pain_behind_the_eyes, back_pain, malaise, muscle_pain, red_spots_over_body,,,,
Typhoid, chills, vomiting, fatigue, high_fever, nausea, constipation, abdominal_pain, diarrhoea, toxic_look_(typhos), belly_pain,,,,,,,
Typhoid, chills, vomiting, fatigue, high_fever, headache, constipation, abdominal_pain, diarrhoea, toxic_look_(typhos), belly_pain,,,,,,,
Typhoid, chills, vomiting, fatigue, high_fever, headache, nausea, abdominal_pain, diarrhoea, toxic_look_(typhos), belly_pain,,,,,,,
Typhoid, chills, vomiting, fatigue, high_fever, headache, nausea, constipation, diarrhoea, toxic_look_(typhos), belly_pain,,,,,,,
Typhoid, chills, vomiting, fatigue, high_fever, headache, nausea, constipation, abdominal_pain, toxic_look_(typhos), belly_pain,,,,,,,
Typhoid, chills, vomiting, fatigue, high_fever, headache, nausea, constipation, abdominal_pain, diarrhoea, belly_pain,,,,,,,
Typhoid, chills, vomiting, fatigue, high_fever, headache, nausea, constipation, abdominal_pain, diarrhoea, toxic_look_(typhos),,,,,,,
Typhoid, chills, vomiting, fatigue, high_fever, headache, nausea, constipation, abdominal_pain, diarrhoea, toxic_look_(typhos), belly_pain,,,,,,
Typhoid, chills, vomiting, fatigue, high_fever, headache, nausea, constipation, abdominal_pain, diarrhoea, toxic_look_(typhos), belly_pain,,,,,,
Typhoid, chills, fatigue, high_fever, headache, nausea, constipation, abdominal_pain, diarrhoea, toxic_look_(typhos), belly_pain,,,,,,,
hepatitis A, joint_pain, vomiting, yellowish_skin, dark_urine, nausea, loss_of_appetite, abdominal_pain, diarrhoea, mild_fever, yellowing_of_eyes, muscle_pain,,,,,,
hepatitis A, joint_pain, vomiting, yellowish_skin, dark_urine, nausea, loss_of_appetite, abdominal_pain, diarrhoea, mild_fever, yellowing_of_eyes, muscle_pain,,,,,,
hepatitis A, vomiting, yellowish_skin, dark_urine, nausea, loss_of_appetite, abdominal_pain, diarrhoea, mild_fever, yellowing_of_eyes, muscle_pain,,,,,,,
hepatitis A, joint_pain, yellowish_skin, dark_urine, nausea, loss_of_appetite, abdominal_pain, diarrhoea, mild_fever, yellowing_of_eyes, muscle_pain,,,,,,,
hepatitis A, joint_pain, vomiting, dark_urine, nausea, loss_of_appetite, abdominal_pain, diarrhoea, mild_fever, yellowing_of_eyes, muscle_pain,,,,,,,
hepatitis A, joint_pain, vomiting, yellowish_skin, nausea, loss_of_appetite, abdominal_pain, diarrhoea, mild_fever, yellowing_of_eyes, muscle_pain,,,,,,,
hepatitis A, joint_pain, vomiting, yellowish_skin, dark_urine, loss_of_appetite, abdominal_pain, diarrhoea, mild_fever, yellowing_of_eyes, muscle_pain,,,,,,,
hepatitis A, joint_pain, vomiting, yellowish_skin, dark_urine, nausea, abdominal_pain, diarrhoea, mild_fever, yellowing_of_eyes, muscle_pain,,,,,,,
hepatitis A, joint_pain, vomiting, yellowish_skin, dark_urine, nausea, loss_of_appetite, diarrhoea, mild_fever, yellowing_of_eyes, muscle_pain,,,,,,,
hepatitis A, joint_pain, vomiting, yellowish_skin, dark_urine, nausea, loss_of_appetite, abdominal_pain, mild_fever, yellowing_of_eyes, muscle_pain,,,,,,,
Hepatitis B,itching, fatigue, lethargy, yellowish_skin, dark_urine, loss_of_appetite, abdominal_pain, yellow_urine, yellowing_of_eyes, malaise, receiving_blood_transfusion, receiving_unsterile_injections,,,,,
Hepatitis B,itching, fatigue, lethargy, yellowish_skin, dark_urine, loss_of_appetite, abdominal_pain, yellow_urine, yellowing_of_eyes, malaise, receiving_blood_transfusion, receiving_unsterile_injections,,,,,
Hepatitis B, fatigue, lethargy, yellowish_skin, dark_urine, loss_of_appetite, abdominal_pain, yellow_urine, yellowing_of_eyes, malaise, receiving_blood_transfusion, receiving_unsterile_injections,,,,,,
Hepatitis B,itching, lethargy, yellowish_skin, dark_urine, loss_of_appetite, abdominal_pain, yellow_urine, yellowing_of_eyes, malaise, receiving_blood_transfusion, receiving_unsterile_injections,,,,,,
Hepatitis B,itching, fatigue, yellowish_skin, dark_urine, loss_of_appetite, abdominal_pain, yellow_urine, yellowing_of_eyes, malaise, receiving_blood_transfusion, receiving_unsterile_injections,,,,,,
Hepatitis B,itching, fatigue, lethargy, dark_urine, loss_of_appetite, abdominal_pain, yellow_urine, yellowing_of_eyes, malaise, receiving_blood_transfusion, receiving_unsterile_injections,,,,,,
Hepatitis B,itching, fatigue, lethargy, yellowish_skin, loss_of_appetite, abdominal_pain, yellow_urine, yellowing_of_eyes, malaise, receiving_blood_transfusion, receiving_unsterile_injections,,,,,,
Hepatitis B,itching, fatigue, lethargy, yellowish_skin, dark_urine, abdominal_pain, yellow_urine, yellowing_of_eyes, malaise, receiving_blood_transfusion, receiving_unsterile_injections,,,,,,
Hepatitis B,itching, fatigue, lethargy, yellowish_skin, dark_urine, loss_of_appetite, yellow_urine, yellowing_of_eyes, malaise, receiving_blood_transfusion, receiving_unsterile_injections,,,,,,
Hepatitis B,itching, fatigue, lethargy, yellowish_skin, dark_urine, loss_of_appetite, abdominal_pain, yellowing_of_eyes, malaise, receiving_blood_transfusion, receiving_unsterile_injections,,,,,,
Hepatitis C, fatigue, yellowish_skin, nausea, loss_of_appetite, family_history,,,,,,,,,,,,
Hepatitis C, fatigue, yellowish_skin, nausea, loss_of_appetite, yellowing_of_eyes, family_history,,,,,,,,,,,
Hepatitis C, yellowish_skin, nausea, loss_of_appetite, yellowing_of_eyes, family_history,,,,,,,,,,,,
Hepatitis C, fatigue, nausea, loss_of_appetite, yellowing_of_eyes, family_history,,,,,,,,,,,,
Hepatitis C, fatigue, yellowish_skin, loss_of_appetite, yellowing_of_eyes, family_history,,,,,,,,,,,,
Hepatitis C, fatigue, yellowish_skin, nausea, yellowing_of_eyes, family_history,,,,,,,,,,,,
Hepatitis C, fatigue, yellowish_skin, nausea, loss_of_appetite, family_history,,,,,,,,,,,,
Hepatitis C, fatigue, yellowish_skin, nausea, loss_of_appetite, yellowing_of_eyes,,,,,,,,,,,,
Hepatitis C, fatigue, yellowish_skin, nausea, loss_of_appetite, yellowing_of_eyes, family_history,,,,,,,,,,,
Hepatitis C, fatigue, yellowish_skin, nausea, loss_of_appetite, yellowing_of_eyes, family_history,,,,,,,,,,,
Hepatitis D, joint_pain, vomiting, fatigue, yellowish_skin, dark_urine, nausea, loss_of_appetite, abdominal_pain, yellowing_of_eyes,,,,,,,,
Hepatitis D, vomiting, fatigue, yellowish_skin, dark_urine, nausea, loss_of_appetite, abdominal_pain, yellowing_of_eyes,,,,,,,,,
Hepatitis D, joint_pain, fatigue, yellowish_skin, dark_urine, nausea, loss_of_appetite, abdominal_pain, yellowing_of_eyes,,,,,,,,,
Hepatitis D, joint_pain, vomiting, yellowish_skin, dark_urine, nausea, loss_of_appetite, abdominal_pain, yellowing_of_eyes,,,,,,,,,
Hepatitis D, joint_pain, vomiting, fatigue, dark_urine, nausea, loss_of_appetite, abdominal_pain, yellowing_of_eyes,,,,,,,,,
Hepatitis D, joint_pain, vomiting, fatigue, yellowish_skin, nausea, loss_of_appetite, abdominal_pain, yellowing_of_eyes,,,,,,,,,
Hepatitis D, joint_pain, vomiting, fatigue, yellowish_skin, dark_urine, loss_of_appetite, abdominal_pain, yellowing_of_eyes,,,,,,,,,
Hepatitis D, joint_pain, vomiting, fatigue, yellowish_skin, dark_urine, nausea, abdominal_pain, yellowing_of_eyes,,,,,,,,,
Hepatitis D, joint_pain, vomiting, fatigue, yellowish_skin, dark_urine, nausea, loss_of_appetite, yellowing_of_eyes,,,,,,,,,
Hepatitis D, joint_pain, vomiting, fatigue, yellowish_skin, dark_urine, nausea, loss_of_appetite, abdominal_pain,,,,,,,,,
Hepatitis E, joint_pain, vomiting, fatigue, high_fever, yellowish_skin, dark_urine, nausea, loss_of_appetite, abdominal_pain, yellowing_of_eyes, coma, stomach_bleeding,,,,,
Hepatitis E, joint_pain, vomiting, fatigue, high_fever, yellowish_skin, dark_urine, nausea, loss_of_appetite, abdominal_pain, yellowing_of_eyes, acute_liver_failure, coma, stomach_bleeding,,,,
Hepatitis E, joint_pain, vomiting, fatigue, high_fever, yellowish_skin, dark_urine, nausea, loss_of_appetite, abdominal_pain, yellowing_of_eyes, acute_liver_failure, coma, stomach_bleeding,,,,
Hepatitis E, vomiting, fatigue, high_fever, yellowish_skin, dark_urine, nausea, loss_of_appetite, abdominal_pain, yellowing_of_eyes, acute_liver_failure, coma, stomach_bleeding,,,,,
Hepatitis E, joint_pain, fatigue, high_fever, yellowish_skin, dark_urine, nausea, loss_of_appetite, abdominal_pain, yellowing_of_eyes, acute_liver_failure, coma, stomach_bleeding,,,,,
Hepatitis E, joint_pain, vomiting, high_fever, yellowish_skin, dark_urine, nausea, loss_of_appetite, abdominal_pain, yellowing_of_eyes, acute_liver_failure, coma, stomach_bleeding,,,,,
Hepatitis E, joint_pain, vomiting, fatigue, yellowish_skin, dark_urine, nausea, loss_of_appetite, abdominal_pain, yellowing_of_eyes, acute_liver_failure, coma, stomach_bleeding,,,,,
Hepatitis E, joint_pain, vomiting, fatigue, high_fever, dark_urine, nausea, loss_of_appetite, abdominal_pain, yellowing_of_eyes, acute_liver_failure, coma, stomach_bleeding,,,,,
Hepatitis E, joint_pain, vomiting, fatigue, high_fever, yellowish_skin, nausea, loss_of_appetite, abdominal_pain, yellowing_of_eyes, acute_liver_failure, coma, stomach_bleeding,,,,,
Hepatitis E, joint_pain, vomiting, fatigue, high_fever, yellowish_skin, dark_urine, loss_of_appetite, abdominal_pain, yellowing_of_eyes, acute_liver_failure, coma, stomach_bleeding,,,,,
Alcoholic hepatitis, vomiting, yellowish_skin, abdominal_pain, swelling_of_stomach, distention_of_abdomen, history_of_alcohol_consumption, fluid_overload,,,,,,,,,,
Alcoholic hepatitis, vomiting, yellowish_skin, abdominal_pain, swelling_of_stomach, distention_of_abdomen, history_of_alcohol_consumption, fluid_overload,,,,,,,,,,
Alcoholic hepatitis, yellowish_skin, abdominal_pain, swelling_of_stomach, distention_of_abdomen, history_of_alcohol_consumption, fluid_overload,,,,,,,,,,,
Alcoholic hepatitis, vomiting, abdominal_pain, swelling_of_stomach, distention_of_abdomen, history_of_alcohol_consumption, fluid_overload,,,,,,,,,,,
Alcoholic hepatitis, vomiting, yellowish_skin, swelling_of_stomach, distention_of_abdomen, history_of_alcohol_consumption, fluid_overload,,,,,,,,,,,
Alcoholic hepatitis, vomiting, yellowish_skin, abdominal_pain, distention_of_abdomen, history_of_alcohol_consumption, fluid_overload,,,,,,,,,,,
Alcoholic hepatitis, vomiting, yellowish_skin, abdominal_pain, swelling_of_stomach, history_of_alcohol_consumption, fluid_overload,,,,,,,,,,,
Alcoholic hepatitis, vomiting, yellowish_skin, abdominal_pain, swelling_of_stomach, distention_of_abdomen, fluid_overload,,,,,,,,,,,
Alcoholic hepatitis, vomiting, yellowish_skin, abdominal_pain, swelling_of_stomach, distention_of_abdomen, history_of_alcohol_consumption,,,,,,,,,,,
Alcoholic hepatitis, vomiting, yellowish_skin, abdominal_pain, swelling_of_stomach, distention_of_abdomen, history_of_alcohol_consumption, fluid_overload,,,,,,,,,,
Tuberculosis, chills, vomiting, fatigue, weight_loss, cough, high_fever, breathlessness, sweating, loss_of_appetite, mild_fever, yellowing_of_eyes, swelled_lymph_nodes, malaise, phlegm, chest_pain, blood_in_sputum,
Tuberculosis, chills, vomiting, fatigue, weight_loss, cough, high_fever, breathlessness, sweating, loss_of_appetite, mild_fever, yellowing_of_eyes, swelled_lymph_nodes, malaise, phlegm, chest_pain, blood_in_sputum,
Tuberculosis, vomiting, fatigue, weight_loss, cough, high_fever, breathlessness, sweating, loss_of_appetite, mild_fever, yellowing_of_eyes, swelled_lymph_nodes, malaise, phlegm, chest_pain, blood_in_sputum,,
Tuberculosis, chills, fatigue, weight_loss, cough, high_fever, breathlessness, sweating, loss_of_appetite, mild_fever, yellowing_of_eyes, swelled_lymph_nodes, malaise, phlegm, chest_pain, blood_in_sputum,,
Tuberculosis, chills, vomiting, weight_loss, cough, high_fever, breathlessness, sweating, loss_of_appetite, mild_fever, yellowing_of_eyes, swelled_lymph_nodes, malaise, phlegm, chest_pain, blood_in_sputum,,
Tuberculosis, chills, vomiting, fatigue, cough, high_fever, breathlessness, sweating, loss_of_appetite, mild_fever, yellowing_of_eyes, swelled_lymph_nodes, malaise, phlegm, chest_pain, blood_in_sputum,,
Tuberculosis, chills, vomiting, fatigue, weight_loss, high_fever, breathlessness, sweating, loss_of_appetite, mild_fever, yellowing_of_eyes, swelled_lymph_nodes, malaise, phlegm, chest_pain, blood_in_sputum,,
Tuberculosis, chills, vomiting, fatigue, weight_loss, cough, breathlessness, sweating, loss_of_appetite, mild_fever, yellowing_of_eyes, swelled_lymph_nodes, malaise, phlegm, chest_pain, blood_in_sputum,,
Tuberculosis, chills, vomiting, fatigue, weight_loss, cough, high_fever, sweating, loss_of_appetite, mild_fever, yellowing_of_eyes, swelled_lymph_nodes, malaise, phlegm, chest_pain, blood_in_sputum,,
Tuberculosis, chills, vomiting, fatigue, weight_loss, cough, high_fever, breathlessness, loss_of_appetite, mild_fever, yellowing_of_eyes, swelled_lymph_nodes, malaise, phlegm, chest_pain, blood_in_sputum,,
Common Cold, continuous_sneezing, chills, fatigue, cough, high_fever, headache, swelled_lymph_nodes, malaise, phlegm, throat_irritation, redness_of_eyes, sinus_pressure, runny_nose, congestion, chest_pain, loss_of_smell, muscle_pain
Common Cold, continuous_sneezing, chills, fatigue, cough, high_fever, headache, swelled_lymph_nodes, malaise, phlegm, throat_irritation, redness_of_eyes, sinus_pressure, runny_nose, congestion, chest_pain, loss_of_smell, muscle_pain
Common Cold, chills, fatigue, cough, high_fever, headache, swelled_lymph_nodes, malaise, phlegm, throat_irritation, redness_of_eyes, sinus_pressure, runny_nose, congestion, chest_pain, loss_of_smell, muscle_pain,
Common Cold, continuous_sneezing, fatigue, cough, high_fever, headache, swelled_lymph_nodes, malaise, phlegm, throat_irritation, redness_of_eyes, sinus_pressure, runny_nose, congestion, chest_pain, loss_of_smell, muscle_pain,
Common Cold, continuous_sneezing, chills, cough, high_fever, headache, swelled_lymph_nodes, malaise, phlegm, throat_irritation, redness_of_eyes, sinus_pressure, runny_nose, congestion, chest_pain, loss_of_smell, muscle_pain,
Common Cold, continuous_sneezing, chills, fatigue, high_fever, headache, swelled_lymph_nodes, malaise, phlegm, throat_irritation, redness_of_eyes, sinus_pressure, runny_nose, congestion, chest_pain, loss_of_smell, muscle_pain,
Common Cold, continuous_sneezing, chills, fatigue, cough, headache, swelled_lymph_nodes, malaise, phlegm, throat_irritation, redness_of_eyes, sinus_pressure, runny_nose, congestion, chest_pain, loss_of_smell, muscle_pain,
Common Cold, continuous_sneezing, chills, fatigue, cough, high_fever, swelled_lymph_nodes, malaise, phlegm, throat_irritation, redness_of_eyes, sinus_pressure, runny_nose, congestion, chest_pain, loss_of_smell, muscle_pain,
Common Cold, continuous_sneezing, chills, fatigue, cough, high_fever, headache, malaise, phlegm, throat_irritation, redness_of_eyes, sinus_pressure, runny_nose, congestion, chest_pain, loss_of_smell, muscle_pain,
Common Cold, continuous_sneezing, chills, fatigue, cough, high_fever, headache, swelled_lymph_nodes, phlegm, throat_irritation, redness_of_eyes, sinus_pressure, runny_nose, congestion, chest_pain, loss_of_smell, muscle_pain,
Pneumonia, chills, fatigue, cough, high_fever, breathlessness, sweating, malaise, chest_pain, fast_heart_rate, rusty_sputum,,,,,,,
Pneumonia, chills, fatigue, cough, high_fever, breathlessness, sweating, malaise, phlegm, chest_pain, fast_heart_rate, rusty_sputum,,,,,,
Pneumonia, chills, fatigue, cough, high_fever, breathlessness, sweating, malaise, phlegm, chest_pain, fast_heart_rate, rusty_sputum,,,,,,
Pneumonia, fatigue, cough, high_fever, breathlessness, sweating, malaise, phlegm, chest_pain, fast_heart_rate, rusty_sputum,,,,,,,
Pneumonia, chills, cough, high_fever, breathlessness, sweating, malaise, phlegm, chest_pain, fast_heart_rate, rusty_sputum,,,,,,,
Pneumonia, chills, fatigue, high_fever, breathlessness, sweating, malaise, phlegm, chest_pain, fast_heart_rate, rusty_sputum,,,,,,,
Pneumonia, chills, fatigue, cough, breathlessness, sweating, malaise, phlegm, chest_pain, fast_heart_rate, rusty_sputum,,,,,,,
Pneumonia, chills, fatigue, cough, high_fever, sweating, malaise, phlegm, chest_pain, fast_heart_rate, rusty_sputum,,,,,,,
Pneumonia, chills, fatigue, cough, high_fever, breathlessness, malaise, phlegm, chest_pain, fast_heart_rate, rusty_sputum,,,,,,,
Pneumonia, chills, fatigue, cough, high_fever, breathlessness, sweating, phlegm, chest_pain, fast_heart_rate, rusty_sputum,,,,,,,
Dimorphic hemmorhoids(piles), constipation, pain_during_bowel_movements, pain_in_anal_region, bloody_stool, irritation_in_anus,,,,,,,,,,,,
Dimorphic hemmorhoids(piles), constipation, pain_during_bowel_movements, pain_in_anal_region, bloody_stool, irritation_in_anus,,,,,,,,,,,,
Dimorphic hemmorhoids(piles), constipation, pain_during_bowel_movements, pain_in_anal_region, bloody_stool, irritation_in_anus,,,,,,,,,,,,
Dimorphic hemmorhoids(piles), pain_during_bowel_movements, pain_in_anal_region, bloody_stool, irritation_in_anus,,,,,,,,,,,,,
Dimorphic hemmorhoids(piles), constipation, pain_in_anal_region, bloody_stool, irritation_in_anus,,,,,,,,,,,,,
Dimorphic hemmorhoids(piles), constipation, pain_during_bowel_movements, bloody_stool, irritation_in_anus,,,,,,,,,,,,,
Dimorphic hemmorhoids(piles), constipation, pain_during_bowel_movements, pain_in_anal_region, irritation_in_anus,,,,,,,,,,,,,
Dimorphic hemmorhoids(piles), constipation, pain_during_bowel_movements, pain_in_anal_region, bloody_stool,,,,,,,,,,,,,
Dimorphic hemmorhoids(piles), constipation, pain_during_bowel_movements, pain_in_anal_region, bloody_stool, irritation_in_anus,,,,,,,,,,,,
Dimorphic hemmorhoids(piles), constipation, pain_during_bowel_movements, pain_in_anal_region, bloody_stool, irritation_in_anus,,,,,,,,,,,,
Heart attack, vomiting, breathlessness, sweating, chest_pain,,,,,,,,,,,,,
Heart attack, vomiting, breathlessness, sweating, chest_pain,,,,,,,,,,,,,
Heart attack, breathlessness, sweating, chest_pain,,,,,,,,,,,,,,
Heart attack, vomiting, sweating, chest_pain,,,,,,,,,,,,,,
Heart attack, vomiting, breathlessness, chest_pain,,,,,,,,,,,,,,
Heart attack, vomiting, breathlessness, sweating,,,,,,,,,,,,,,
Heart attack, vomiting, breathlessness, sweating, chest_pain,,,,,,,,,,,,,
Heart attack, breathlessness, sweating, chest_pain,,,,,,,,,,,,,,
Heart attack, vomiting, sweating, chest_pain,,,,,,,,,,,,,,
Heart attack, vomiting, breathlessness, chest_pain,,,,,,,,,,,,,,
Varicose veins, fatigue, cramps, bruising, obesity, swollen_legs, swollen_blood_vessels, prominent_veins_on_calf,,,,,,,,,,
Varicose veins, fatigue, cramps, bruising, obesity, swollen_legs, swollen_blood_vessels, prominent_veins_on_calf,,,,,,,,,,
Varicose veins, cramps, bruising, obesity, swollen_legs, swollen_blood_vessels, prominent_veins_on_calf,,,,,,,,,,,
Varicose veins, fatigue, bruising, obesity, swollen_legs, swollen_blood_vessels, prominent_veins_on_calf,,,,,,,,,,,
Varicose veins, fatigue, cramps, obesity, swollen_legs, swollen_blood_vessels, prominent_veins_on_calf,,,,,,,,,,,
Varicose veins, fatigue, cramps, bruising, swollen_legs, swollen_blood_vessels, prominent_veins_on_calf,,,,,,,,,,,
Varicose veins, fatigue, cramps, bruising, obesity, swollen_blood_vessels, prominent_veins_on_calf,,,,,,,,,,,
Varicose veins, fatigue, cramps, bruising, obesity, swollen_legs, prominent_veins_on_calf,,,,,,,,,,,
Varicose veins, fatigue, cramps, bruising, obesity, swollen_legs, swollen_blood_vessels,,,,,,,,,,,
Varicose veins, fatigue, cramps, bruising, obesity, swollen_legs, prominent_veins_on_calf,,,,,,,,,,,
Hypothyroidism, fatigue, weight_gain, cold_hands_and_feets, mood_swings, lethargy, dizziness, puffy_face_and_eyes, enlarged_thyroid, brittle_nails, swollen_extremeties, depression, irritability, abnormal_menstruation,,,,
Hypothyroidism, fatigue, weight_gain, cold_hands_and_feets, mood_swings, lethargy, dizziness, puffy_face_and_eyes, enlarged_thyroid, brittle_nails, swollen_extremeties, depression, irritability, abnormal_menstruation,,,,
Hypothyroidism, weight_gain, cold_hands_and_feets, mood_swings, lethargy, dizziness, puffy_face_and_eyes, enlarged_thyroid, brittle_nails, swollen_extremeties, depression, irritability, abnormal_menstruation,,,,,
Hypothyroidism, weight_gain, cold_hands_and_feets, mood_swings, lethargy, dizziness, puffy_face_and_eyes, enlarged_thyroid, brittle_nails, swollen_extremeties, depression, irritability, abnormal_menstruation,,,,,
Hypothyroidism, fatigue, cold_hands_and_feets, mood_swings, lethargy, dizziness, puffy_face_and_eyes, enlarged_thyroid, brittle_nails, swollen_extremeties, depression, irritability, abnormal_menstruation,,,,,
Hypothyroidism, fatigue, weight_gain, mood_swings, lethargy, dizziness, puffy_face_and_eyes, enlarged_thyroid, brittle_nails, swollen_extremeties, depression, irritability, abnormal_menstruation,,,,,
Hypothyroidism, fatigue, weight_gain, cold_hands_and_feets, lethargy, dizziness, puffy_face_and_eyes, enlarged_thyroid, brittle_nails, swollen_extremeties, depression, irritability, abnormal_menstruation,,,,,
Hypothyroidism, fatigue, weight_gain, cold_hands_and_feets, mood_swings, dizziness, puffy_face_and_eyes, enlarged_thyroid, brittle_nails, swollen_extremeties, depression, irritability, abnormal_menstruation,,,,,
Hypothyroidism, fatigue, weight_gain, cold_hands_and_feets, mood_swings, lethargy, puffy_face_and_eyes, enlarged_thyroid, brittle_nails, swollen_extremeties, depression, irritability, abnormal_menstruation,,,,,
Hypothyroidism, fatigue, weight_gain, cold_hands_and_feets, mood_swings, lethargy, dizziness, enlarged_thyroid, brittle_nails, swollen_extremeties, depression, irritability, abnormal_menstruation,,,,,
Hyperthyroidism, fatigue, mood_swings, weight_loss, restlessness, sweating, diarrhoea, fast_heart_rate, excessive_hunger, muscle_weakness, irritability, abnormal_menstruation,,,,,,
Hyperthyroidism, fatigue, mood_swings, weight_loss, restlessness, sweating, diarrhoea, fast_heart_rate, excessive_hunger, muscle_weakness, irritability, abnormal_menstruation,,,,,,
Hyperthyroidism, mood_swings, weight_loss, restlessness, sweating, diarrhoea, fast_heart_rate, excessive_hunger, muscle_weakness, irritability, abnormal_menstruation,,,,,,,
Hyperthyroidism, fatigue, weight_loss, restlessness, sweating, diarrhoea, fast_heart_rate, excessive_hunger, muscle_weakness, irritability, abnormal_menstruation,,,,,,,
Hyperthyroidism, fatigue, mood_swings, restlessness, sweating, diarrhoea, fast_heart_rate, excessive_hunger, muscle_weakness, irritability, abnormal_menstruation,,,,,,,
Hyperthyroidism, fatigue, mood_swings, weight_loss, sweating, diarrhoea, fast_heart_rate, excessive_hunger, muscle_weakness, irritability, abnormal_menstruation,,,,,,,
Hyperthyroidism, fatigue, mood_swings, weight_loss, restlessness, diarrhoea, fast_heart_rate, excessive_hunger, muscle_weakness, irritability, abnormal_menstruation,,,,,,,
Hyperthyroidism, fatigue, mood_swings, weight_loss, restlessness, sweating, fast_heart_rate, excessive_hunger, muscle_weakness, irritability, abnormal_menstruation,,,,,,,
Hyperthyroidism, fatigue, mood_swings, weight_loss, restlessness, sweating, diarrhoea, excessive_hunger, muscle_weakness, irritability, abnormal_menstruation,,,,,,,
Hyperthyroidism, fatigue, mood_swings, weight_loss, restlessness, sweating, diarrhoea, fast_heart_rate, muscle_weakness, irritability, abnormal_menstruation,,,,,,,
Hypoglycemia, vomiting, fatigue, anxiety, sweating, headache, nausea, blurred_and_distorted_vision, excessive_hunger, slurred_speech, irritability, palpitations,,,,,,
Hypoglycemia, vomiting, fatigue, anxiety, sweating, headache, nausea, blurred_and_distorted_vision, excessive_hunger, drying_and_tingling_lips, slurred_speech, irritability, palpitations,,,,,
Hypoglycemia, vomiting, fatigue, anxiety, sweating, headache, nausea, blurred_and_distorted_vision, excessive_hunger, drying_and_tingling_lips, slurred_speech, irritability, palpitations,,,,,
Hypoglycemia, fatigue, anxiety, sweating, headache, nausea, blurred_and_distorted_vision, excessive_hunger, drying_and_tingling_lips, slurred_speech, irritability, palpitations,,,,,,
Hypoglycemia, vomiting, anxiety, sweating, headache, nausea, blurred_and_distorted_vision, excessive_hunger, drying_and_tingling_lips, slurred_speech, irritability, palpitations,,,,,,
Hypoglycemia, vomiting, fatigue, sweating, headache, nausea, blurred_and_distorted_vision, excessive_hunger, drying_and_tingling_lips, slurred_speech, irritability, palpitations,,,,,,
Hypoglycemia, vomiting, fatigue, anxiety, headache, nausea, blurred_and_distorted_vision, excessive_hunger, drying_and_tingling_lips, slurred_speech, irritability, palpitations,,,,,,
Hypoglycemia, vomiting, fatigue, anxiety, sweating, nausea, blurred_and_distorted_vision, excessive_hunger, drying_and_tingling_lips, slurred_speech, irritability, palpitations,,,,,,
Hypoglycemia, vomiting, fatigue, anxiety, sweating, headache, blurred_and_distorted_vision, excessive_hunger, drying_and_tingling_lips, slurred_speech, irritability, palpitations,,,,,,
Hypoglycemia, vomiting, fatigue, anxiety, sweating, headache, nausea, excessive_hunger, drying_and_tingling_lips, slurred_speech, irritability, palpitations,,,,,,
Osteoarthristis, joint_pain, neck_pain, knee_pain, hip_joint_pain, swelling_joints, painful_walking,,,,,,,,,,,
Osteoarthristis, joint_pain, neck_pain, knee_pain, hip_joint_pain, swelling_joints, painful_walking,,,,,,,,,,,
Osteoarthristis, neck_pain, knee_pain, hip_joint_pain, swelling_joints, painful_walking,,,,,,,,,,,,
Osteoarthristis, joint_pain, knee_pain, hip_joint_pain, swelling_joints, painful_walking,,,,,,,,,,,,
Osteoarthristis, joint_pain, neck_pain, hip_joint_pain, swelling_joints, painful_walking,,,,,,,,,,,,
Osteoarthristis, joint_pain, neck_pain, knee_pain, swelling_joints, painful_walking,,,,,,,,,,,,
Osteoarthristis, joint_pain, neck_pain, knee_pain, hip_joint_pain, painful_walking,,,,,,,,,,,,
Osteoarthristis, joint_pain, neck_pain, knee_pain, hip_joint_pain, swelling_joints,,,,,,,,,,,,
Osteoarthristis, joint_pain, neck_pain, knee_pain, hip_joint_pain, swelling_joints, painful_walking,,,,,,,,,,,
Osteoarthristis, joint_pain, neck_pain, knee_pain, hip_joint_pain, swelling_joints, painful_walking,,,,,,,,,,,
Arthritis, muscle_weakness, stiff_neck, swelling_joints, movement_stiffness, painful_walking,,,,,,,,,,,,
Arthritis, muscle_weakness, stiff_neck, swelling_joints, movement_stiffness, painful_walking,,,,,,,,,,,,
Arthritis, stiff_neck, swelling_joints, movement_stiffness, painful_walking,,,,,,,,,,,,,
Arthritis, muscle_weakness, swelling_joints, movement_stiffness, painful_walking,,,,,,,,,,,,,
Arthritis, muscle_weakness, stiff_neck, movement_stiffness, painful_walking,,,,,,,,,,,,,
Arthritis, muscle_weakness, stiff_neck, swelling_joints, painful_walking,,,,,,,,,,,,,
Arthritis, muscle_weakness, stiff_neck, swelling_joints, movement_stiffness, painful_walking,,,,,,,,,,,,
Arthritis, muscle_weakness, stiff_neck, swelling_joints, movement_stiffness,,,,,,,,,,,,,
Arthritis, muscle_weakness, stiff_neck, swelling_joints, movement_stiffness, painful_walking,,,,,,,,,,,,
Arthritis, muscle_weakness, stiff_neck, swelling_joints, movement_stiffness, painful_walking,,,,,,,,,,,,
(vertigo) Paroymsal  Positional Vertigo, vomiting, headache, nausea, spinning_movements, loss_of_balance, unsteadiness,,,,,,,,,,,
(vertigo) Paroymsal  Positional Vertigo, vomiting, headache, nausea, spinning_movements, loss_of_balance, unsteadiness,,,,,,,,,,,
(vertigo) Paroymsal  Positional Vertigo, headache, nausea, spinning_movements, loss_of_balance, unsteadiness,,,,,,,,,,,,
(vertigo) Paroymsal  Positional Vertigo, vomiting, nausea, spinning_movements, loss_of_balance, unsteadiness,,,,,,,,,,,,
(vertigo) Paroymsal  Positional Vertigo, vomiting, headache, spinning_movements, loss_of_balance, unsteadiness,,,,,,,,,,,,
(vertigo) Paroymsal  Positional Vertigo, vomiting, headache, nausea, loss_of_balance, unsteadiness,,,,,,,,,,,,
(vertigo) Paroymsal  Positional Vertigo, vomiting, headache, nausea, spinning_movements, unsteadiness,,,,,,,,,,,,
(vertigo) Paroymsal  Positional Vertigo, vomiting, headache, nausea, spinning_movements, loss_of_balance,,,,,,,,,,,,
(vertigo) Paroymsal  Positional Vertigo, vomiting, headache, nausea, spinning_movements, loss_of_balance, unsteadiness,,,,,,,,,,,
(vertigo) Paroymsal  Positional Vertigo, vomiting, headache, nausea, loss_of_balance, unsteadiness,,,,,,,,,,,,
Acne, skin_rash, pus_filled_pimples, blackheads, scurring,,,,,,,,,,,,,
Acne, skin_rash, pus_filled_pimples, blackheads, scurring,,,,,,,,,,,,,
Acne, pus_filled_pimples, blackheads, scurring,,,,,,,,,,,,,,
Acne, skin_rash, blackheads, scurring,,,,,,,,,,,,,,
Acne, skin_rash, pus_filled_pimples, scurring,,,,,,,,,,,,,,
Acne, skin_rash, pus_filled_pimples, blackheads,,,,,,,,,,,,,,
Acne, skin_rash, pus_filled_pimples, blackheads, scurring,,,,,,,,,,,,,
Acne, skin_rash, pus_filled_pimples, blackheads,,,,,,,,,,,,,,
Acne, skin_rash, pus_filled_pimples, scurring,,,,,,,,,,,,,,
Acne, skin_rash, blackheads, scurring,,,,,,,,,,,,,,
Urinary tract infection, burning_micturition, bladder_discomfort, foul_smell_of urine, continuous_feel_of_urine,,,,,,,,,,,,,
Urinary tract infection, burning_micturition, bladder_discomfort, foul_smell_of urine, continuous_feel_of_urine,,,,,,,,,,,,,
Urinary tract infection, bladder_discomfort, foul_smell_of urine, continuous_feel_of_urine,,,,,,,,,,,,,,
Urinary tract infection, burning_micturition, foul_smell_of urine, continuous_feel_of_urine,,,,,,,,,,,,,,
Urinary tract infection, burning_micturition, bladder_discomfort, continuous_feel_of_urine,,,,,,,,,,,,,,
Urinary tract infection, burning_micturition, bladder_discomfort, foul_smell_of urine,,,,,,,,,,,,,,
Urinary tract infection, burning_micturition, bladder_discomfort, foul_smell_of urine, continuous_feel_of_urine,,,,,,,,,,,,,
Urinary tract infection, burning_micturition, bladder_discomfort, continuous_feel_of_urine,,,,,,,,,,,,,,
Urinary tract infection, bladder_discomfort, foul_smell_of urine, continuous_feel_of_urine,,,,,,,,,,,,,,
Urinary tract infection, burning_micturition, bladder_discomfort, continuous_feel_of_urine,,,,,,,,,,,,,,
Psoriasis, skin_rash, joint_pain, skin_peeling, silver_like_dusting, small_dents_in_nails, inflammatory_nails,,,,,,,,,,,
Psoriasis, skin_rash, joint_pain, skin_peeling, silver_like_dusting, small_dents_in_nails, inflammatory_nails,,,,,,,,,,,
Psoriasis, joint_pain, skin_peeling, silver_like_dusting, small_dents_in_nails, inflammatory_nails,,,,,,,,,,,,
Psoriasis, skin_rash, skin_peeling, silver_like_dusting, small_dents_in_nails, inflammatory_nails,,,,,,,,,,,,
Psoriasis, skin_rash, joint_pain, silver_like_dusting, small_dents_in_nails, inflammatory_nails,,,,,,,,,,,,
Psoriasis, skin_rash, joint_pain, skin_peeling, small_dents_in_nails, inflammatory_nails,,,,,,,,,,,,
Psoriasis, skin_rash, joint_pain, skin_peeling, silver_like_dusting, inflammatory_nails,,,,,,,,,,,,
Psoriasis, skin_rash, joint_pain, skin_peeling, silver_like_dusting, small_dents_in_nails,,,,,,,,,,,,
Psoriasis, skin_rash, joint_pain, skin_peeling, silver_like_dusting, small_dents_in_nails, inflammatory_nails,,,,,,,,,,,
Psoriasis, skin_rash, joint_pain, skin_peeling, silver_like_dusting, small_dents_in_nails, inflammatory_nails,,,,,,,,,,,
Impetigo, skin_rash, high_fever, blister, red_sore_around_nose, yellow_crust_ooze,,,,,,,,,,,,
Impetigo, skin_rash, high_fever, blister, red_sore_around_nose, yellow_crust_ooze,,,,,,,,,,,,
Impetigo, high_fever, blister, red_sore_around_nose, yellow_crust_ooze,,,,,,,,,,,,,
Impetigo, skin_rash, blister, red_sore_around_nose, yellow_crust_ooze,,,,,,,,,,,,,
Impetigo, skin_rash, blister, red_sore_around_nose, yellow_crust_ooze,,,,,,,,,,,,,
Impetigo, skin_rash, high_fever, red_sore_around_nose, yellow_crust_ooze,,,,,,,,,,,,,
Impetigo, skin_rash, high_fever, blister, yellow_crust_ooze,,,,,,,,,,,,,
Impetigo, skin_rash, high_fever, blister, red_sore_around_nose,,,,,,,,,,,,,
Impetigo, skin_rash, high_fever, blister, red_sore_around_nose, yellow_crust_ooze,,,,,,,,,,,,
Impetigo, skin_rash, blister, red_sore_around_nose, yellow_crust_ooze,,,,,,,,,,,,,
Fungal infection,itching, skin_rash, nodal_skin_eruptions, dischromic _patches,,,,,,,,,,,,,
Allergy, continuous_sneezing, shivering, chills, watering_from_eyes,,,,,,,,,,,,,
GERD, stomach_pain, acidity, ulcers_on_tongue, vomiting, cough, chest_pain,,,,,,,,,,,
Chronic cholestasis,itching, vomiting, yellowish_skin, nausea, loss_of_appetite, abdominal_pain, yellowing_of_eyes,,,,,,,,,,
Drug Reaction,itching, skin_rash, stomach_pain, burning_micturition, spotting_ urination,,,,,,,,,,,,
Peptic ulcer diseae, vomiting, indigestion, loss_of_appetite, abdominal_pain, passage_of_gases, internal_itching,,,,,,,,,,,
AIDS, muscle_wasting, patches_in_throat, high_fever, extra_marital_contacts,,,,,,,,,,,,,
Diabetes, fatigue, weight_loss, restlessness, lethargy, irregular_sugar_level, blurred_and_distorted_vision, obesity, excessive_hunger, increased_appetite, polyuria,,,,,,,
Gastroenteritis, vomiting, sunken_eyes, dehydration, diarrhoea,,,,,,,,,,,,,
Bronchial Asthma, fatigue, cough, high_fever, breathlessness, family_history, mucoid_sputum,,,,,,,,,,,
Hypertension, headache, chest_pain, dizziness, loss_of_balance, lack_of_concentration,,,,,,,,,,,,
Migraine, acidity, indigestion, headache, blurred_and_distorted_vision, excessive_hunger, stiff_neck, depression, irritability, visual_disturbances,,,,,,,,
Cervical spondylosis, back_pain, weakness_in_limbs, neck_pain, dizziness, loss_of_balance,,,,,,,,,,,,
Paralysis (brain hemorrhage), vomiting, headache, weakness_of_one_body_side, altered_sensorium,,,,,,,,,,,,,
Jaundice,itching, vomiting, fatigue, weight_loss, high_fever, yellowish_skin, dark_urine, abdominal_pain,,,,,,,,,
Malaria, chills, vomiting, high_fever, sweating, headache, nausea, diarrhoea, muscle_pain,,,,,,,,,
Chicken pox,itching, skin_rash, fatigue, lethargy, high_fever, headache, loss_of_appetite, mild_fever, swelled_lymph_nodes, malaise, red_spots_over_body,,,,,,
Dengue, skin_rash, chills, joint_pain, vomiting, fatigue, high_fever, headache, nausea, loss_of_appetite, pain_behind_the_eyes, back_pain, malaise, muscle_pain, red_spots_over_body,,,
Typhoid, chills, vomiting, fatigue, high_fever, headache, nausea, constipation, abdominal_pain, diarrhoea, toxic_look_(typhos), belly_pain,,,,,,
hepatitis A, joint_pain, vomiting, yellowish_skin, dark_urine, nausea, loss_of_appetite, abdominal_pain, diarrhoea, mild_fever, yellowing_of_eyes, muscle_pain,,,,,,
Hepatitis B,itching, fatigue, lethargy, yellowish_skin, dark_urine, loss_of_appetite, abdominal_pain, yellow_urine, yellowing_of_eyes, malaise, receiving_blood_transfusion, receiving_unsterile_injections,,,,,
Hepatitis C, fatigue, yellowish_skin, nausea, loss_of_appetite, yellowing_of_eyes, family_history,,,,,,,,,,,
Hepatitis D, joint_pain, vomiting, fatigue, yellowish_skin, dark_urine, nausea, loss_of_appetite, abdominal_pain, yellowing_of_eyes,,,,,,,,
Hepatitis E, joint_pain, vomiting, fatigue, high_fever, yellowish_skin, dark_urine, nausea, loss_of_appetite, abdominal_pain, yellowing_of_eyes, acute_liver_failure, coma, stomach_bleeding,,,,
Alcoholic hepatitis, vomiting, yellowish_skin, abdominal_pain, swelling_of_stomach, distention_of_abdomen, history_of_alcohol_consumption, fluid_overload,,,,,,,,,,
Tuberculosis, chills, vomiting, fatigue, weight_loss, cough, high_fever, breathlessness, sweating, loss_of_appetite, mild_fever, yellowing_of_eyes, swelled_lymph_nodes, malaise, phlegm, chest_pain, blood_in_sputum,
Common Cold, continuous_sneezing, chills, fatigue, cough, high_fever, headache, swelled_lymph_nodes, malaise, phlegm, throat_irritation, redness_of_eyes, sinus_pressure, runny_nose, congestion, chest_pain, loss_of_smell, muscle_pain
Pneumonia, chills, fatigue, cough, high_fever, breathlessness, sweating, malaise, phlegm, chest_pain, fast_heart_rate, rusty_sputum,,,,,,
Dimorphic hemmorhoids(piles), constipation, pain_during_bowel_movements, pain_in_anal_region, bloody_stool, irritation_in_anus,,,,,,,,,,,,
Heart attack, vomiting, breathlessness, sweating, chest_pain,,,,,,,,,,,,,
Varicose veins, fatigue, cramps, bruising, obesity, swollen_legs, swollen_blood_vessels, prominent_veins_on_calf,,,,,,,,,,
Hypothyroidism, fatigue, weight_gain, cold_hands_and_feets, mood_swings, lethargy, dizziness, puffy_face_and_eyes, enlarged_thyroid, brittle_nails, swollen_extremeties, depression, irritability, abnormal_menstruation,,,,
Hyperthyroidism, fatigue, mood_swings, weight_loss, restlessness, sweating, diarrhoea, fast_heart_rate, excessive_hunger, muscle_weakness, irritability, abnormal_menstruation,,,,,,
Hypoglycemia, vomiting, fatigue, anxiety, sweating, headache, nausea, blurred_and_distorted_vision, excessive_hunger, drying_and_tingling_lips, slurred_speech, irritability, palpitations,,,,,
Osteoarthristis, joint_pain, neck_pain, knee_pain, hip_joint_pain, swelling_joints, painful_walking,,,,,,,,,,,
Arthritis, muscle_weakness, stiff_neck, swelling_joints, movement_stiffness, painful_walking,,,,,,,,,,,,
(vertigo) Paroymsal  Positional Vertigo, vomiting, headache, nausea, spinning_movements, loss_of_balance, unsteadiness,,,,,,,,,,,
Acne, skin_rash, pus_filled_pimples, blackheads, scurring,,,,,,,,,,,,,
Urinary tract infection, burning_micturition, bladder_discomfort, foul_smell_of urine, continuous_feel_of_urine,,,,,,,,,,,,,
Psoriasis, skin_rash, joint_pain, skin_peeling, silver_like_dusting, small_dents_in_nails, inflammatory_nails,,,,,,,,,,,
Impetigo, skin_rash, high_fever, blister, red_sore_around_nose, yellow_crust_ooze,,,,,,,,,,,,
Fungal infection,itching, skin_rash, nodal_skin_eruptions, dischromic _patches,,,,,,,,,,,,,
Allergy, continuous_sneezing, shivering, chills, watering_from_eyes,,,,,,,,,,,,,
GERD, stomach_pain, acidity, ulcers_on_tongue, vomiting, cough, chest_pain,,,,,,,,,,,
Chronic cholestasis,itching, vomiting, yellowish_skin, nausea, loss_of_appetite, abdominal_pain, yellowing_of_eyes,,,,,,,,,,
Drug Reaction,itching, skin_rash, stomach_pain, burning_micturition, spotting_ urination,,,,,,,,,,,,
Peptic ulcer diseae, vomiting, indigestion, loss_of_appetite, abdominal_pain, passage_of_gases, internal_itching,,,,,,,,,,,
AIDS, muscle_wasting, patches_in_throat, high_fever, extra_marital_contacts,,,,,,,,,,,,,
Diabetes, fatigue, weight_loss, restlessness, lethargy, irregular_sugar_level, blurred_and_distorted_vision, obesity, excessive_hunger, increased_appetite, polyuria,,,,,,,
Gastroenteritis, vomiting, sunken_eyes, dehydration, diarrhoea,,,,,,,,,,,,,
Bronchial Asthma, fatigue, cough, high_fever, breathlessness, family_history, mucoid_sputum,,,,,,,,,,,
Hypertension, headache, chest_pain, dizziness, loss_of_balance, lack_of_concentration,,,,,,,,,,,,
Migraine, acidity, indigestion, headache, blurred_and_distorted_vision, excessive_hunger, stiff_neck, depression, irritability, visual_disturbances,,,,,,,,
Cervical spondylosis, back_pain, weakness_in_limbs, neck_pain, dizziness, loss_of_balance,,,,,,,,,,,,
Paralysis (brain hemorrhage), vomiting, headache, weakness_of_one_body_side, altered_sensorium,,,,,,,,,,,,,
Jaundice,itching, vomiting, fatigue, weight_loss, high_fever, yellowish_skin, dark_urine, abdominal_pain,,,,,,,,,
Malaria, chills, vomiting, high_fever, sweating, headache, nausea, diarrhoea, muscle_pain,,,,,,,,,
Chicken pox,itching, skin_rash, fatigue, lethargy, high_fever, headache, loss_of_appetite, mild_fever, swelled_lymph_nodes, malaise, red_spots_over_body,,,,,,
Dengue, skin_rash, chills, joint_pain, vomiting, fatigue, high_fever, headache, nausea, loss_of_appetite, pain_behind_the_eyes, back_pain, malaise, muscle_pain, red_spots_over_body,,,
Typhoid, chills, vomiting, fatigue, high_fever, headache, nausea, constipation, abdominal_pain, diarrhoea, toxic_look_(typhos), belly_pain,,,,,,
hepatitis A, joint_pain, vomiting, yellowish_skin, dark_urine, nausea, loss_of_appetite, abdominal_pain, diarrhoea, mild_fever, yellowing_of_eyes, muscle_pain,,,,,,
Hepatitis B,itching, fatigue, lethargy, yellowish_skin, dark_urine, loss_of_appetite, abdominal_pain, yellow_urine, yellowing_of_eyes, malaise, receiving_blood_transfusion, receiving_unsterile_injections,,,,,
Hepatitis C, fatigue, yellowish_skin, nausea, loss_of_appetite, yellowing_of_eyes, family_history,,,,,,,,,,,
Hepatitis D, joint_pain, vomiting, fatigue, yellowish_skin, dark_urine, nausea, loss_of_appetite, abdominal_pain, yellowing_of_eyes,,,,,,,,
Hepatitis E, joint_pain, vomiting, fatigue, high_fever, yellowish_skin, dark_urine, nausea, loss_of_appetite, abdominal_pain, yellowing_of_eyes, acute_liver_failure, coma, stomach_bleeding,,,,
Alcoholic hepatitis, vomiting, yellowish_skin, abdominal_pain, swelling_of_stomach, distention_of_abdomen, history_of_alcohol_consumption, fluid_overload,,,,,,,,,,
Tuberculosis, chills, vomiting, fatigue, weight_loss, cough, high_fever, breathlessness, sweating, loss_of_appetite, mild_fever, yellowing_of_eyes, swelled_lymph_nodes, malaise, phlegm, chest_pain, blood_in_sputum,
Common Cold, continuous_sneezing, chills, fatigue, cough, high_fever, headache, swelled_lymph_nodes, malaise, phlegm, throat_irritation, redness_of_eyes, sinus_pressure, runny_nose, congestion, chest_pain, loss_of_smell, muscle_pain
Pneumonia, chills, fatigue, cough, high_fever, breathlessness, sweating, malaise, phlegm, chest_pain, fast_heart_rate, rusty_sputum,,,,,,
Dimorphic hemmorhoids(piles), constipation, pain_during_bowel_movements, pain_in_anal_region, bloody_stool, irritation_in_anus,,,,,,,,,,,,
Heart attack, vomiting, breathlessness, sweating, chest_pain,,,,,,,,,,,,,
Varicose veins, fatigue, cramps, bruising, obesity, swollen_legs, swollen_blood_vessels, prominent_veins_on_calf,,,,,,,,,,
Hypothyroidism, fatigue, weight_gain, cold_hands_and_feets, mood_swings, lethargy, dizziness, puffy_face_and_eyes, enlarged_thyroid, brittle_nails, swollen_extremeties, depression, irritability, abnormal_menstruation,,,,
Hyperthyroidism, fatigue, mood_swings, weight_loss, restlessness, sweating, diarrhoea, fast_heart_rate, excessive_hunger, muscle_weakness, irritability, abnormal_menstruation,,,,,,
Hypoglycemia, vomiting, fatigue, anxiety, sweating, headache, nausea, blurred_and_distorted_vision, excessive_hunger, drying_and_tingling_lips, slurred_speech, irritability, palpitations,,,,,
Osteoarthristis, joint_pain, neck_pain, knee_pain, hip_joint_pain, swelling_joints, painful_walking,,,,,,,,,,,
Arthritis, muscle_weakness, stiff_neck, swelling_joints, movement_stiffness, painful_walking,,,,,,,,,,,,
(vertigo) Paroymsal  Positional Vertigo, vomiting, headache, nausea, spinning_movements, loss_of_balance, unsteadiness,,,,,,,,,,,
Acne, skin_rash, pus_filled_pimples, blackheads, scurring,,,,,,,,,,,,,
Urinary tract infection, burning_micturition, bladder_discomfort, foul_smell_of urine, continuous_feel_of_urine,,,,,,,,,,,,,
Psoriasis, skin_rash, joint_pain, skin_peeling, silver_like_dusting, small_dents_in_nails, inflammatory_nails,,,,,,,,,,,
Impetigo, skin_rash, high_fever, blister, red_sore_around_nose, yellow_crust_ooze,,,,,,,,,,,,
Fungal infection,itching, skin_rash, nodal_skin_eruptions, dischromic _patches,,,,,,,,,,,,,
Allergy, continuous_sneezing, shivering, chills, watering_from_eyes,,,,,,,,,,,,,
GERD, stomach_pain, acidity, ulcers_on_tongue, vomiting, cough, chest_pain,,,,,,,,,,,
Chronic cholestasis,itching, vomiting, yellowish_skin, nausea, loss_of_appetite, abdominal_pain, yellowing_of_eyes,,,,,,,,,,
Drug Reaction,itching, skin_rash, stomach_pain, burning_micturition, spotting_ urination,,,,,,,,,,,,
Peptic ulcer diseae, vomiting, indigestion, loss_of_appetite, abdominal_pain, passage_of_gases, internal_itching,,,,,,,,,,,
AIDS, muscle_wasting, patches_in_throat, high_fever, extra_marital_contacts,,,,,,,,,,,,,
Diabetes, fatigue, weight_loss, restlessness, lethargy, irregular_sugar_level, blurred_and_distorted_vision, obesity, excessive_hunger, increased_appetite, polyuria,,,,,,,
Gastroenteritis, vomiting, sunken_eyes, dehydration, diarrhoea,,,,,,,,,,,,,
Bronchial Asthma, fatigue, cough, high_fever, breathlessness, family_history, mucoid_sputum,,,,,,,,,,,
Hypertension, headache, chest_pain, dizziness, loss_of_balance, lack_of_concentration,,,,,,,,,,,,
Migraine, acidity, indigestion, headache, blurred_and_distorted_vision, excessive_hunger, stiff_neck, depression, irritability, visual_disturbances,,,,,,,,
Cervical spondylosis, back_pain, weakness_in_limbs, neck_pain, dizziness, loss_of_balance,,,,,,,,,,,,
Paralysis (brain hemorrhage), vomiting, headache, weakness_of_one_body_side, altered_sensorium,,,,,,,,,,,,,
Jaundice,itching, vomiting, fatigue, weight_loss, high_fever, yellowish_skin, dark_urine, abdominal_pain,,,,,,,,,
Malaria, chills, vomiting, high_fever, sweating, headache, nausea, diarrhoea, muscle_pain,,,,,,,,,
Chicken pox,itching, skin_rash, fatigue, lethargy, high_fever, headache, loss_of_appetite, mild_fever, swelled_lymph_nodes, malaise, red_spots_over_body,,,,,,
Dengue, skin_rash, chills, joint_pain, vomiting, fatigue, high_fever, headache, nausea, loss_of_appetite, pain_behind_the_eyes, back_pain, malaise, muscle_pain, red_spots_over_body,,,
Typhoid, chills, vomiting, fatigue, high_fever, headache, nausea, constipation, abdominal_pain, diarrhoea, toxic_look_(typhos), belly_pain,,,,,,
hepatitis A, joint_pain, vomiting, yellowish_skin, dark_urine, nausea, loss_of_appetite, abdominal_pain, diarrhoea, mild_fever, yellowing_of_eyes, muscle_pain,,,,,,
Hepatitis B,itching, fatigue, lethargy, yellowish_skin, dark_urine, loss_of_appetite, abdominal_pain, yellow_urine, yellowing_of_eyes, malaise, receiving_blood_transfusion, receiving_unsterile_injections,,,,,
Hepatitis C, fatigue, yellowish_skin, nausea, loss_of_appetite, yellowing_of_eyes, family_history,,,,,,,,,,,
Hepatitis D, joint_pain, vomiting, fatigue, yellowish_skin, dark_urine, nausea, loss_of_appetite, abdominal_pain, yellowing_of_eyes,,,,,,,,
Hepatitis E, joint_pain, vomiting, fatigue, high_fever, yellowish_skin, dark_urine, nausea, loss_of_appetite, abdominal_pain, yellowing_of_eyes, acute_liver_failure, coma, stomach_bleeding,,,,
Alcoholic hepatitis, vomiting, yellowish_skin, abdominal_pain, swelling_of_stomach, distention_of_abdomen, history_of_alcohol_consumption, fluid_overload,,,,,,,,,,
Tuberculosis, chills, vomiting, fatigue, weight_loss, cough, high_fever, breathlessness, sweating, loss_of_appetite, mild_fever, yellowing_of_eyes, swelled_lymph_nodes, malaise, phlegm, chest_pain, blood_in_sputum,
Common Cold, continuous_sneezing, chills, fatigue, cough, high_fever, headache, swelled_lymph_nodes, malaise, phlegm, throat_irritation, redness_of_eyes, sinus_pressure, runny_nose, congestion, chest_pain, loss_of_smell, muscle_pain
Pneumonia, chills, fatigue, cough, high_fever, breathlessness, sweating, malaise, phlegm, chest_pain, fast_heart_rate, rusty_sputum,,,,,,
Dimorphic hemmorhoids(piles), constipation, pain_during_bowel_movements, pain_in_anal_region, bloody_stool, irritation_in_anus,,,,,,,,,,,,
Heart attack, vomiting, breathlessness, sweating, chest_pain,,,,,,,,,,,,,
Varicose veins, fatigue, cramps, bruising, obesity, swollen_legs, swollen_blood_vessels, prominent_veins_on_calf,,,,,,,,,,
Hypothyroidism, fatigue, weight_gain, cold_hands_and_feets, mood_swings, lethargy, dizziness, puffy_face_and_eyes, enlarged_thyroid, brittle_nails, swollen_extremeties, depression, irritability, abnormal_menstruation,,,,
Hyperthyroidism, fatigue, mood_swings, weight_loss, restlessness, sweating, diarrhoea, fast_heart_rate, excessive_hunger, muscle_weakness, irritability, abnormal_menstruation,,,,,,
Hypoglycemia, vomiting, fatigue, anxiety, sweating, headache, nausea, blurred_and_distorted_vision, excessive_hunger, drying_and_tingling_lips, slurred_speech, irritability, palpitations,,,,,
Osteoarthristis, joint_pain, neck_pain, knee_pain, hip_joint_pain, swelling_joints, painful_walking,,,,,,,,,,,
Arthritis, muscle_weakness, stiff_neck, swelling_joints, movement_stiffness, painful_walking,,,,,,,,,,,,
(vertigo) Paroymsal  Positional Vertigo, vomiting, headache, nausea, spinning_movements, loss_of_balance, unsteadiness,,,,,,,,,,,
Acne, skin_rash, pus_filled_pimples, blackheads, scurring,,,,,,,,,,,,,
Urinary tract infection, burning_micturition, bladder_discomfort, foul_smell_of urine, continuous_feel_of_urine,,,,,,,,,,,,,
Psoriasis, skin_rash, joint_pain, skin_peeling, silver_like_dusting, small_dents_in_nails, inflammatory_nails,,,,,,,,,,,
Impetigo, skin_rash, high_fever, blister, red_sore_around_nose, yellow_crust_ooze,,,,,,,,,,,,
Fungal infection,itching, skin_rash, nodal_skin_eruptions, dischromic _patches,,,,,,,,,,,,,
Allergy, continuous_sneezing, shivering, chills, watering_from_eyes,,,,,,,,,,,,,
GERD, stomach_pain, acidity, ulcers_on_tongue, vomiting, cough, chest_pain,,,,,,,,,,,
Chronic cholestasis,itching, vomiting, yellowish_skin, nausea, loss_of_appetite, abdominal_pain, yellowing_of_eyes,,,,,,,,,,
Drug Reaction,itching, skin_rash, stomach_pain, burning_micturition, spotting_ urination,,,,,,,,,,,,
Peptic ulcer diseae, vomiting, indigestion, loss_of_appetite, abdominal_pain, passage_of_gases, internal_itching,,,,,,,,,,,
AIDS, muscle_wasting, patches_in_throat, high_fever, extra_marital_contacts,,,,,,,,,,,,,
Diabetes, fatigue, weight_loss, restlessness, lethargy, irregular_sugar_level, blurred_and_distorted_vision, obesity, excessive_hunger, increased_appetite, polyuria,,,,,,,
Gastroenteritis, vomiting, sunken_eyes, dehydration, diarrhoea,,,,,,,,,,,,,
Bronchial Asthma, fatigue, cough, high_fever, breathlessness, family_history, mucoid_sputum,,,,,,,,,,,
Hypertension, headache, chest_pain, dizziness, loss_of_balance, lack_of_concentration,,,,,,,,,,,,
Migraine, acidity, indigestion, headache, blurred_and_distorted_vision, excessive_hunger, stiff_neck, depression, irritability, visual_disturbances,,,,,,,,
Cervical spondylosis, back_pain, weakness_in_limbs, neck_pain, dizziness, loss_of_balance,,,,,,,,,,,,
Paralysis (brain hemorrhage), vomiting, headache, weakness_of_one_body_side, altered_sensorium,,,,,,,,,,,,,
Jaundice,itching, vomiting, fatigue, weight_loss, high_fever, yellowish_skin, dark_urine, abdominal_pain,,,,,,,,,
Malaria, chills, vomiting, high_fever, sweating, headache, nausea, diarrhoea, muscle_pain,,,,,,,,,
Chicken pox,itching, skin_rash, fatigue, lethargy, high_fever, headache, loss_of_appetite, mild_fever, swelled_lymph_nodes, malaise, red_spots_over_body,,,,,,
Dengue, skin_rash, chills, joint_pain, vomiting, fatigue, high_fever, headache, nausea, loss_of_appetite, pain_behind_the_eyes, back_pain, malaise, muscle_pain, red_spots_over_body,,,
Typhoid, chills, vomiting, fatigue, high_fever, headache, nausea, constipation, abdominal_pain, diarrhoea, toxic_look_(typhos), belly_pain,,,,,,
hepatitis A, joint_pain, vomiting, yellowish_skin, dark_urine, nausea, loss_of_appetite, abdominal_pain, diarrhoea, mild_fever, yellowing_of_eyes, muscle_pain,,,,,,
Hepatitis B,itching, fatigue, lethargy, yellowish_skin, dark_urine, loss_of_appetite, abdominal_pain, yellow_urine, yellowing_of_eyes, malaise, receiving_blood_transfusion, receiving_unsterile_injections,,,,,
Hepatitis C, fatigue, yellowish_skin, nausea, loss_of_appetite, yellowing_of_eyes, family_history,,,,,,,,,,,
Hepatitis D, joint_pain, vomiting, fatigue, yellowish_skin, dark_urine, nausea, loss_of_appetite, abdominal_pain, yellowing_of_eyes,,,,,,,,
Hepatitis E, joint_pain, vomiting, fatigue, high_fever, yellowish_skin, dark_urine, nausea, loss_of_appetite, abdominal_pain, yellowing_of_eyes, acute_liver_failure, coma, stomach_bleeding,,,,
Alcoholic hepatitis, vomiting, yellowish_skin, abdominal_pain, swelling_of_stomach, distention_of_abdomen, history_of_alcohol_consumption, fluid_overload,,,,,,,,,,
Tuberculosis, chills, vomiting, fatigue, weight_loss, cough, high_fever, breathlessness, sweating, loss_of_appetite, mild_fever, yellowing_of_eyes, swelled_lymph_nodes, malaise, phlegm, chest_pain, blood_in_sputum,
Common Cold, continuous_sneezing, chills, fatigue, cough, high_fever, headache, swelled_lymph_nodes, malaise, phlegm, throat_irritation, redness_of_eyes, sinus_pressure, runny_nose, congestion, chest_pain, loss_of_smell, muscle_pain
Pneumonia, chills, fatigue, cough, high_fever, breathlessness, sweating, malaise, phlegm, chest_pain, fast_heart_rate, rusty_sputum,,,,,,
Dimorphic hemmorhoids(piles), constipation, pain_during_bowel_movements, pain_in_anal_region, bloody_stool, irritation_in_anus,,,,,,,,,,,,
Heart attack, vomiting, breathlessness, sweating, chest_pain,,,,,,,,,,,,,
Varicose veins, fatigue, cramps, bruising, obesity, swollen_legs, swollen_blood_vessels, prominent_veins_on_calf,,,,,,,,,,
Hypothyroidism, fatigue, weight_gain, cold_hands_and_feets, mood_swings, lethargy, dizziness, puffy_face_and_eyes, enlarged_thyroid, brittle_nails, swollen_extremeties, depression, irritability, abnormal_menstruation,,,,
Hyperthyroidism, fatigue, mood_swings, weight_loss, restlessness, sweating, diarrhoea, fast_heart_rate, excessive_hunger, muscle_weakness, irritability, abnormal_menstruation,,,,,,
Hypoglycemia, vomiting, fatigue, anxiety, sweating, headache, nausea, blurred_and_distorted_vision, excessive_hunger, drying_and_tingling_lips, slurred_speech, irritability, palpitations,,,,,
Osteoarthristis, joint_pain, neck_pain, knee_pain, hip_joint_pain, swelling_joints, painful_walking,,,,,,,,,,,
Arthritis, muscle_weakness, stiff_neck, swelling_joints, movement_stiffness, painful_walking,,,,,,,,,,,,
(vertigo) Paroymsal  Positional Vertigo, vomiting, headache, nausea, spinning_movements, loss_of_balance, unsteadiness,,,,,,,,,,,
Acne, skin_rash, pus_filled_pimples, blackheads, scurring,,,,,,,,,,,,,
Urinary tract infection, burning_micturition, bladder_discomfort, foul_smell_of urine, continuous_feel_of_urine,,,,,,,,,,,,,
Psoriasis, skin_rash, joint_pain, skin_peeling, silver_like_dusting, small_dents_in_nails, inflammatory_nails,,,,,,,,,,,
Impetigo, skin_rash, high_fever, blister, red_sore_around_nose, yellow_crust_ooze,,,,,,,,,,,,
Fungal infection,itching, skin_rash, nodal_skin_eruptions, dischromic _patches,,,,,,,,,,,,,
Allergy, continuous_sneezing, shivering, chills, watering_from_eyes,,,,,,,,,,,,,
GERD, stomach_pain, acidity, ulcers_on_tongue, vomiting, cough, chest_pain,,,,,,,,,,,
Chronic cholestasis,itching, vomiting, yellowish_skin, nausea, loss_of_appetite, abdominal_pain, yellowing_of_eyes,,,,,,,,,,
Drug Reaction,itching, skin_rash, stomach_pain, burning_micturition, spotting_ urination,,,,,,,,,,,,
Peptic ulcer diseae, vomiting, indigestion, loss_of_appetite, abdominal_pain, passage_of_gases, internal_itching,,,,,,,,,,,
AIDS, muscle_wasting, patches_in_throat, high_fever, extra_marital_contacts,,,,,,,,,,,,,
Diabetes, fatigue, weight_loss, restlessness, lethargy, irregular_sugar_level, blurred_and_distorted_vision, obesity, excessive_hunger, increased_appetite, polyuria,,,,,,,
Gastroenteritis, vomiting, sunken_eyes, dehydration, diarrhoea,,,,,,,,,,,,,
Bronchial Asthma, fatigue, cough, high_fever, breathlessness, family_history, mucoid_sputum,,,,,,,,,,,
Hypertension, headache, chest_pain, dizziness, loss_of_balance, lack_of_concentration,,,,,,,,,,,,
Migraine, acidity, indigestion, headache, blurred_and_distorted_vision, excessive_hunger, stiff_neck, depression, irritability, visual_disturbances,,,,,,,,
Cervical spondylosis, back_pain, weakness_in_limbs, neck_pain, dizziness, loss_of_balance,,,,,,,,,,,,
Paralysis (brain hemorrhage), vomiting, headache, weakness_of_one_body_side, altered_sensorium,,,,,,,,,,,,,
Jaundice,itching, vomiting, fatigue, weight_loss, high_fever, yellowish_skin, dark_urine, abdominal_pain,,,,,,,,,
Malaria, chills, vomiting, high_fever, sweating, headache, nausea, diarrhoea, muscle_pain,,,,,,,,,
Chicken pox,itching, skin_rash, fatigue, lethargy, high_fever, headache, loss_of_appetite, mild_fever, swelled_lymph_nodes, malaise, red_spots_over_body,,,,,,
Dengue, skin_rash, chills, joint_pain, vomiting, fatigue, high_fever, headache, nausea, loss_of_appetite, pain_behind_the_eyes, back_pain, malaise, muscle_pain, red_spots_over_body,,,
Typhoid, chills, vomiting, fatigue, high_fever, headache, nausea, constipation, abdominal_pain, diarrhoea, toxic_look_(typhos), belly_pain,,,,,,
hepatitis A, joint_pain, vomiting, yellowish_skin, dark_urine, nausea, loss_of_appetite, abdominal_pain, diarrhoea, mild_fever, yellowing_of_eyes, muscle_pain,,,,,,
Hepatitis B,itching, fatigue, lethargy, yellowish_skin, dark_urine, loss_of_appetite, abdominal_pain, yellow_urine, yellowing_of_eyes, malaise, receiving_blood_transfusion, receiving_unsterile_injections,,,,,
Hepatitis C, fatigue, yellowish_skin, nausea, loss_of_appetite, yellowing_of_eyes, family_history,,,,,,,,,,,
Hepatitis D, joint_pain, vomiting, fatigue, yellowish_skin, dark_urine, nausea, loss_of_appetite, abdominal_pain, yellowing_of_eyes,,,,,,,,
Hepatitis E, joint_pain, vomiting, fatigue, high_fever, yellowish_skin, dark_urine, nausea, loss_of_appetite, abdominal_pain, yellowing_of_eyes, acute_liver_failure, coma, stomach_bleeding,,,,
Alcoholic hepatitis, vomiting, yellowish_skin, abdominal_pain, swelling_of_stomach, distention_of_abdomen, history_of_alcohol_consumption, fluid_overload,,,,,,,,,,
Tuberculosis, chills, vomiting, fatigue, weight_loss, cough, high_fever, breathlessness, sweating, loss_of_appetite, mild_fever, yellowing_of_eyes, swelled_lymph_nodes, malaise, phlegm, chest_pain, blood_in_sputum,
Common Cold, continuous_sneezing, chills, fatigue, cough, high_fever, headache, swelled_lymph_nodes, malaise, phlegm, throat_irritation, redness_of_eyes, sinus_pressure, runny_nose, congestion, chest_pain, loss_of_smell, muscle_pain
Pneumonia, chills, fatigue, cough, high_fever, breathlessness, sweating, malaise, phlegm, chest_pain, fast_heart_rate, rusty_sputum,,,,,,
Dimorphic hemmorhoids(piles), constipation, pain_during_bowel_movements, pain_in_anal_region, bloody_stool, irritation_in_anus,,,,,,,,,,,,
Heart attack, vomiting, breathlessness, sweating, chest_pain,,,,,,,,,,,,,
Varicose veins, fatigue, cramps, bruising, obesity, swollen_legs, swollen_blood_vessels, prominent_veins_on_calf,,,,,,,,,,
Hypothyroidism, fatigue, weight_gain, cold_hands_and_feets, mood_swings, lethargy, dizziness, puffy_face_and_eyes, enlarged_thyroid, brittle_nails, swollen_extremeties, depression, irritability, abnormal_menstruation,,,,
Hyperthyroidism, fatigue, mood_swings, weight_loss, restlessness, sweating, diarrhoea, fast_heart_rate, excessive_hunger, muscle_weakness, irritability, abnormal_menstruation,,,,,,
Hypoglycemia, vomiting, fatigue, anxiety, sweating, headache, nausea, blurred_and_distorted_vision, excessive_hunger, drying_and_tingling_lips, slurred_speech, irritability, palpitations,,,,,
Osteoarthristis, joint_pain, neck_pain, knee_pain, hip_joint_pain, swelling_joints, painful_walking,,,,,,,,,,,
Arthritis, muscle_weakness, stiff_neck, swelling_joints, movement_stiffness, painful_walking,,,,,,,,,,,,
(vertigo) Paroymsal  Positional Vertigo, vomiting, headache, nausea, spinning_movements, loss_of_balance, unsteadiness,,,,,,,,,,,
Acne, skin_rash, pus_filled_pimples, blackheads, scurring,,,,,,,,,,,,,
Urinary tract infection, burning_micturition, bladder_discomfort, foul_smell_of urine, continuous_feel_of_urine,,,,,,,,,,,,,
Psoriasis, skin_rash, joint_pain, skin_peeling, silver_like_dusting, small_dents_in_nails, inflammatory_nails,,,,,,,,,,,
Impetigo, skin_rash, high_fever, blister, red_sore_around_nose, yellow_crust_ooze,,,,,,,,,,,,
Fungal infection,itching, skin_rash, nodal_skin_eruptions, dischromic _patches,,,,,,,,,,,,,
Allergy, continuous_sneezing, shivering, chills, watering_from_eyes,,,,,,,,,,,,,
GERD, stomach_pain, acidity, ulcers_on_tongue, vomiting, cough, chest_pain,,,,,,,,,,,
Chronic cholestasis,itching, vomiting, yellowish_skin, nausea, loss_of_appetite, abdominal_pain, yellowing_of_eyes,,,,,,,,,,
Drug Reaction,itching, skin_rash, stomach_pain, burning_micturition, spotting_ urination,,,,,,,,,,,,
Peptic ulcer diseae, vomiting, indigestion, loss_of_appetite, abdominal_pain, passage_of_gases, internal_itching,,,,,,,,,,,
AIDS, muscle_wasting, patches_in_throat, high_fever, extra_marital_contacts,,,,,,,,,,,,,
Diabetes, fatigue, weight_loss, restlessness, lethargy, irregular_sugar_level, blurred_and_distorted_vision, obesity, excessive_hunger, increased_appetite, polyuria,,,,,,,
Gastroenteritis, vomiting, sunken_eyes, dehydration, diarrhoea,,,,,,,,,,,,,
Bronchial Asthma, fatigue, cough, high_fever, breathlessness, family_history, mucoid_sputum,,,,,,,,,,,
Hypertension, headache, chest_pain, dizziness, loss_of_balance, lack_of_concentration,,,,,,,,,,,,
Migraine, acidity, indigestion, headache, blurred_and_distorted_vision, excessive_hunger, stiff_neck, depression, irritability, visual_disturbances,,,,,,,,
Cervical spondylosis, back_pain, weakness_in_limbs, neck_pain, dizziness, loss_of_balance,,,,,,,,,,,,
Paralysis (brain hemorrhage), vomiting, headache, weakness_of_one_body_side, altered_sensorium,,,,,,,,,,,,,
Jaundice,itching, vomiting, fatigue, weight_loss, high_fever, yellowish_skin, dark_urine, abdominal_pain,,,,,,,,,
Malaria, chills, vomiting, high_fever, sweating, headache, nausea, diarrhoea, muscle_pain,,,,,,,,,
Chicken pox,itching, skin_rash, fatigue, lethargy, high_fever, headache, loss_of_appetite, mild_fever, swelled_lymph_nodes, malaise, red_spots_over_body,,,,,,
Dengue, skin_rash, chills, joint_pain, vomiting, fatigue, high_fever, headache, nausea, loss_of_appetite, pain_behind_the_eyes, back_pain, malaise, muscle_pain, red_spots_over_body,,,
Typhoid, chills, vomiting, fatigue, high_fever, headache, nausea, constipation, abdominal_pain, diarrhoea, toxic_look_(typhos), belly_pain,,,,,,
hepatitis A, joint_pain, vomiting, yellowish_skin, dark_urine, nausea, loss_of_appetite, abdominal_pain, diarrhoea, mild_fever, yellowing_of_eyes, muscle_pain,,,,,,
Hepatitis B,itching, fatigue, lethargy, yellowish_skin, dark_urine, loss_of_appetite, abdominal_pain, yellow_urine, yellowing_of_eyes, malaise, receiving_blood_transfusion, receiving_unsterile_injections,,,,,
Hepatitis C, fatigue, yellowish_skin, nausea, loss_of_appetite, yellowing_of_eyes, family_history,,,,,,,,,,,
Hepatitis D, joint_pain, vomiting, fatigue, yellowish_skin, dark_urine, nausea, loss_of_appetite, abdominal_pain, yellowing_of_eyes,,,,,,,,
Hepatitis E, joint_pain, vomiting, fatigue, high_fever, yellowish_skin, dark_urine, nausea, loss_of_appetite, abdominal_pain, yellowing_of_eyes, acute_liver_failure, coma, stomach_bleeding,,,,
Alcoholic hepatitis, vomiting, yellowish_skin, abdominal_pain, swelling_of_stomach, distention_of_abdomen, history_of_alcohol_consumption, fluid_overload,,,,,,,,,,
Tuberculosis, chills, vomiting, fatigue, weight_loss, cough, high_fever, breathlessness, sweating, loss_of_appetite, mild_fever, yellowing_of_eyes, swelled_lymph_nodes, malaise, phlegm, chest_pain, blood_in_sputum,
Common Cold, continuous_sneezing, chills, fatigue, cough, high_fever, headache, swelled_lymph_nodes, malaise, phlegm, throat_irritation, redness_of_eyes, sinus_pressure, runny_nose, congestion, chest_pain, loss_of_smell, muscle_pain
Pneumonia, chills, fatigue, cough, high_fever, breathlessness, sweating, malaise, phlegm, chest_pain, fast_heart_rate, rusty_sputum,,,,,,
Dimorphic hemmorhoids(piles), constipation, pain_during_bowel_movements, pain_in_anal_region, bloody_stool, irritation_in_anus,,,,,,,,,,,,
Heart attack, vomiting, breathlessness, sweating, chest_pain,,,,,,,,,,,,,
Varicose veins, fatigue, cramps, bruising, obesity, swollen_legs, swollen_blood_vessels, prominent_veins_on_calf,,,,,,,,,,
Hypothyroidism, fatigue, weight_gain, cold_hands_and_feets, mood_swings, lethargy, dizziness, puffy_face_and_eyes, enlarged_thyroid, brittle_nails, swollen_extremeties, depression, irritability, abnormal_menstruation,,,,
Hyperthyroidism, fatigue, mood_swings, weight_loss, restlessness, sweating, diarrhoea, fast_heart_rate, excessive_hunger, muscle_weakness, irritability, abnormal_menstruation,,,,,,
Hypoglycemia, vomiting, fatigue, anxiety, sweating, headache, nausea, blurred_and_distorted_vision, excessive_hunger, drying_and_tingling_lips, slurred_speech, irritability, palpitations,,,,,
Osteoarthristis, joint_pain, neck_pain, knee_pain, hip_joint_pain, swelling_joints, painful_walking,,,,,,,,,,,
Arthritis, muscle_weakness, stiff_neck, swelling_joints, movement_stiffness, painful_walking,,,,,,,,,,,,
(vertigo) Paroymsal  Positional Vertigo, vomiting, headache, nausea, spinning_movements, loss_of_balance, unsteadiness,,,,,,,,,,,
Acne, skin_rash, pus_filled_pimples, blackheads, scurring,,,,,,,,,,,,,
Urinary tract infection, burning_micturition, bladder_discomfort, foul_smell_of urine, continuous_feel_of_urine,,,,,,,,,,,,,
Psoriasis, skin_rash, joint_pain, skin_peeling, silver_like_dusting, small_dents_in_nails, inflammatory_nails,,,,,,,,,,,
Impetigo, skin_rash, high_fever, blister, red_sore_around_nose, yellow_crust_ooze,,,,,,,,,,,,
Fungal infection,itching, skin_rash, nodal_skin_eruptions, dischromic _patches,,,,,,,,,,,,,
Allergy, continuous_sneezing, shivering, chills, watering_from_eyes,,,,,,,,,,,,,
GERD, stomach_pain, acidity, ulcers_on_tongue, vomiting, cough, chest_pain,,,,,,,,,,,
Chronic cholestasis,itching, vomiting, yellowish_skin, nausea, loss_of_appetite, abdominal_pain, yellowing_of_eyes,,,,,,,,,,
Drug Reaction,itching, skin_rash, stomach_pain, burning_micturition, spotting_ urination,,,,,,,,,,,,
Peptic ulcer diseae, vomiting, indigestion, loss_of_appetite, abdominal_pain, passage_of_gases, internal_itching,,,,,,,,,,,
AIDS, muscle_wasting, patches_in_throat, high_fever, extra_marital_contacts,,,,,,,,,,,,,
Diabetes, fatigue, weight_loss, restlessness, lethargy, irregular_sugar_level, blurred_and_distorted_vision, obesity, excessive_hunger, increased_appetite, polyuria,,,,,,,
Gastroenteritis, vomiting, sunken_eyes, dehydration, diarrhoea,,,,,,,,,,,,,
Bronchial Asthma, fatigue, cough, high_fever, breathlessness, family_history, mucoid_sputum,,,,,,,,,,,
Hypertension, headache, chest_pain, dizziness, loss_of_balance, lack_of_concentration,,,,,,,,,,,,
Migraine, acidity, indigestion, headache, blurred_and_distorted_vision, excessive_hunger, stiff_neck, depression, irritability, visual_disturbances,,,,,,,,
Cervical spondylosis, back_pain, weakness_in_limbs, neck_pain, dizziness, loss_of_balance,,,,,,,,,,,,
Paralysis (brain hemorrhage), vomiting, headache, weakness_of_one_body_side, altered_sensorium,,,,,,,,,,,,,
Jaundice,itching, vomiting, fatigue, weight_loss, high_fever, yellowish_skin, dark_urine, abdominal_pain,,,,,,,,,
Malaria, chills, vomiting, high_fever, sweating, headache, nausea, diarrhoea, muscle_pain,,,,,,,,,
Chicken pox,itching, skin_rash, fatigue, lethargy, high_fever, headache, loss_of_appetite, mild_fever, swelled_lymph_nodes, malaise, red_spots_over_body,,,,,,
Dengue, skin_rash, chills, joint_pain, vomiting, fatigue, high_fever, headache, nausea, loss_of_appetite, pain_behind_the_eyes, back_pain, malaise, muscle_pain, red_spots_over_body,,,
Typhoid, chills, vomiting, fatigue, high_fever, headache, nausea, constipation, abdominal_pain, diarrhoea, toxic_look_(typhos), belly_pain,,,,,,
hepatitis A, joint_pain, vomiting, yellowish_skin, dark_urine, nausea, loss_of_appetite, abdominal_pain, diarrhoea, mild_fever, yellowing_of_eyes, muscle_pain,,,,,,
Hepatitis B,itching, fatigue, lethargy, yellowish_skin, dark_urine, loss_of_appetite, abdominal_pain, yellow_urine, yellowing_of_eyes, malaise, receiving_blood_transfusion, receiving_unsterile_injections,,,,,
Hepatitis C, fatigue, yellowish_skin, nausea, loss_of_appetite, yellowing_of_eyes, family_history,,,,,,,,,,,
Hepatitis D, joint_pain, vomiting, fatigue, yellowish_skin, dark_urine, nausea, loss_of_appetite, abdominal_pain, yellowing_of_eyes,,,,,,,,
Hepatitis E, joint_pain, vomiting, fatigue, high_fever, yellowish_skin, dark_urine, nausea, loss_of_appetite, abdominal_pain, yellowing_of_eyes, acute_liver_failure, coma, stomach_bleeding,,,,
Alcoholic hepatitis, vomiting, yellowish_skin, abdominal_pain, swelling_of_stomach, distention_of_abdomen, history_of_alcohol_consumption, fluid_overload,,,,,,,,,,
Tuberculosis, chills, vomiting, fatigue, weight_loss, cough, high_fever, breathlessness, sweating, loss_of_appetite, mild_fever, yellowing_of_eyes, swelled_lymph_nodes, malaise, phlegm, chest_pain, blood_in_sputum,
Common Cold, continuous_sneezing, chills, fatigue, cough, high_fever, headache, swelled_lymph_nodes, malaise, phlegm, throat_irritation, redness_of_eyes, sinus_pressure, runny_nose, congestion, chest_pain, loss_of_smell, muscle_pain
Pneumonia, chills, fatigue, cough, high_fever, breathlessness, sweating, malaise, phlegm, chest_pain, fast_heart_rate, rusty_sputum,,,,,,
Dimorphic hemmorhoids(piles), constipation, pain_during_bowel_movements, pain_in_anal_region, bloody_stool, irritation_in_anus,,,,,,,,,,,,
Heart attack, vomiting, breathlessness, sweating, chest_pain,,,,,,,,,,,,,
Varicose veins, fatigue, cramps, bruising, obesity, swollen_legs, swollen_blood_vessels, prominent_veins_on_calf,,,,,,,,,,
Hypothyroidism, fatigue, weight_gain, cold_hands_and_feets, mood_swings, lethargy, dizziness, puffy_face_and_eyes, enlarged_thyroid, brittle_nails, swollen_extremeties, depression, irritability, abnormal_menstruation,,,,
Hyperthyroidism, fatigue, mood_swings, weight_loss, restlessness, sweating, diarrhoea, fast_heart_rate, excessive_hunger, muscle_weakness, irritability, abnormal_menstruation,,,,,,
Hypoglycemia, vomiting, fatigue, anxiety, sweating, headache, nausea, blurred_and_distorted_vision, excessive_hunger, drying_and_tingling_lips, slurred_speech, irritability, palpitations,,,,,
Osteoarthristis, joint_pain, neck_pain, knee_pain, hip_joint_pain, swelling_joints, painful_walking,,,,,,,,,,,
Arthritis, muscle_weakness, stiff_neck, swelling_joints, movement_stiffness, painful_walking,,,,,,,,,,,,
(vertigo) Paroymsal  Positional Vertigo, vomiting, headache, nausea, spinning_movements, loss_of_balance, unsteadiness,,,,,,,,,,,
Acne, skin_rash, pus_filled_pimples, blackheads, scurring,,,,,,,,,,,,,
Urinary tract infection, burning_micturition, bladder_discomfort, foul_smell_of urine, continuous_feel_of_urine,,,,,,,,,,,,,
Psoriasis, skin_rash, joint_pain, skin_peeling, silver_like_dusting, small_dents_in_nails, inflammatory_nails,,,,,,,,,,,
Impetigo, skin_rash, high_fever, blister, red_sore_around_nose, yellow_crust_ooze,,,,,,,,,,,,
Fungal infection,itching, skin_rash, nodal_skin_eruptions, dischromic _patches,,,,,,,,,,,,,
Allergy, continuous_sneezing, shivering, chills, watering_from_eyes,,,,,,,,,,,,,
GERD, stomach_pain, acidity, ulcers_on_tongue, vomiting, cough, chest_pain,,,,,,,,,,,
Chronic cholestasis,itching, vomiting, yellowish_skin, nausea, loss_of_appetite, abdominal_pain, yellowing_of_eyes,,,,,,,,,,
Drug Reaction,itching, skin_rash, stomach_pain, burning_micturition, spotting_ urination,,,,,,,,,,,,
Peptic ulcer diseae, vomiting, indigestion, loss_of_appetite, abdominal_pain, passage_of_gases, internal_itching,,,,,,,,,,,
AIDS, muscle_wasting, patches_in_throat, high_fever, extra_marital_contacts,,,,,,,,,,,,,
Diabetes, fatigue, weight_loss, restlessness, lethargy, irregular_sugar_level, blurred_and_distorted_vision, obesity, excessive_hunger, increased_appetite, polyuria,,,,,,,
Gastroenteritis, vomiting, sunken_eyes, dehydration, diarrhoea,,,,,,,,,,,,,
Bronchial Asthma, fatigue, cough, high_fever, breathlessness, family_history, mucoid_sputum,,,,,,,,,,,
Hypertension, headache, chest_pain, dizziness, loss_of_balance, lack_of_concentration,,,,,,,,,,,,
Migraine, acidity, indigestion, headache, blurred_and_distorted_vision, excessive_hunger, stiff_neck, depression, irritability, visual_disturbances,,,,,,,,
Cervical spondylosis, back_pain, weakness_in_limbs, neck_pain, dizziness, loss_of_balance,,,,,,,,,,,,
Paralysis (brain hemorrhage), vomiting, headache, weakness_of_one_body_side, altered_sensorium,,,,,,,,,,,,,
Jaundice,itching, vomiting, fatigue, weight_loss, high_fever, yellowish_skin, dark_urine, abdominal_pain,,,,,,,,,
Malaria, chills, vomiting, high_fever, sweating, headache, nausea, diarrhoea, muscle_pain,,,,,,,,,
Chicken pox,itching, skin_rash, fatigue, lethargy, high_fever, headache, loss_of_appetite, mild_fever, swelled_lymph_nodes, malaise, red_spots_over_body,,,,,,
Dengue, skin_rash, chills, joint_pain, vomiting, fatigue, high_fever, headache, nausea, loss_of_appetite, pain_behind_the_eyes, back_pain, malaise, muscle_pain, red_spots_over_body,,,
Typhoid, chills, vomiting, fatigue, high_fever, headache, nausea, constipation, abdominal_pain, diarrhoea, toxic_look_(typhos), belly_pain,,,,,,
hepatitis A, joint_pain, vomiting, yellowish_skin, dark_urine, nausea, loss_of_appetite, abdominal_pain, diarrhoea, mild_fever, yellowing_of_eyes, muscle_pain,,,,,,
Hepatitis B,itching, fatigue, lethargy, yellowish_skin, dark_urine, loss_of_appetite, abdominal_pain, yellow_urine, yellowing_of_eyes, malaise, receiving_blood_transfusion, receiving_unsterile_injections,,,,,
Hepatitis C, fatigue, yellowish_skin, nausea, loss_of_appetite, yellowing_of_eyes, family_history,,,,,,,,,,,
Hepatitis D, joint_pain, vomiting, fatigue, yellowish_skin, dark_urine, nausea, loss_of_appetite, abdominal_pain, yellowing_of_eyes,,,,,,,,
Hepatitis E, joint_pain, vomiting, fatigue, high_fever, yellowish_skin, dark_urine, nausea, loss_of_appetite, abdominal_pain, yellowing_of_eyes, acute_liver_failure, coma, stomach_bleeding,,,,
Alcoholic hepatitis, vomiting, yellowish_skin, abdominal_pain, swelling_of_stomach, distention_of_abdomen, history_of_alcohol_consumption, fluid_overload,,,,,,,,,,
Tuberculosis, chills, vomiting, fatigue, weight_loss, cough, high_fever, breathlessness, sweating, loss_of_appetite, mild_fever, yellowing_of_eyes, swelled_lymph_nodes, malaise, phlegm, chest_pain, blood_in_sputum,
Common Cold, continuous_sneezing, chills, fatigue, cough, high_fever, headache, swelled_lymph_nodes, malaise, phlegm, throat_irritation, redness_of_eyes, sinus_pressure, runny_nose, congestion, chest_pain, loss_of_smell, muscle_pain
Pneumonia, chills, fatigue, cough, high_fever, breathlessness, sweating, malaise, phlegm, chest_pain, fast_heart_rate, rusty_sputum,,,,,,
Dimorphic hemmorhoids(piles), constipation, pain_during_bowel_movements, pain_in_anal_region, bloody_stool, irritation_in_anus,,,,,,,,,,,,
Heart attack, vomiting, breathlessness, sweating, chest_pain,,,,,,,,,,,,,
Varicose veins, fatigue, cramps, bruising, obesity, swollen_legs, swollen_blood_vessels, prominent_veins_on_calf,,,,,,,,,,
Hypothyroidism, fatigue, weight_gain, cold_hands_and_feets, mood_swings, lethargy, dizziness, puffy_face_and_eyes, enlarged_thyroid, brittle_nails, swollen_extremeties, depression, irritability, abnormal_menstruation,,,,
Hyperthyroidism, fatigue, mood_swings, weight_loss, restlessness, sweating, diarrhoea, fast_heart_rate, excessive_hunger, muscle_weakness, irritability, abnormal_menstruation,,,,,,
Hypoglycemia, vomiting, fatigue, anxiety, sweating, headache, nausea, blurred_and_distorted_vision, excessive_hunger, drying_and_tingling_lips, slurred_speech, irritability, palpitations,,,,,
Osteoarthristis, joint_pain, neck_pain, knee_pain, hip_joint_pain, swelling_joints, painful_walking,,,,,,,,,,,
Arthritis, muscle_weakness, stiff_neck, swelling_joints, movement_stiffness, painful_walking,,,,,,,,,,,,
(vertigo) Paroymsal  Positional Vertigo, vomiting, headache, nausea, spinning_movements, loss_of_balance, unsteadiness,,,,,,,,,,,
Acne, skin_rash, pus_filled_pimples, blackheads, scurring,,,,,,,,,,,,,
Urinary tract infection, burning_micturition, bladder_discomfort, foul_smell_of urine, continuous_feel_of_urine,,,,,,,,,,,,,
Psoriasis, skin_rash, joint_pain, skin_peeling, silver_like_dusting, small_dents_in_nails, inflammatory_nails,,,,,,,,,,,
Impetigo, skin_rash, high_fever, blister, red_sore_around_nose, yellow_crust_ooze,,,,,,,,,,,,
Fungal infection,itching, skin_rash, nodal_skin_eruptions, dischromic _patches,,,,,,,,,,,,,
Allergy, continuous_sneezing, shivering, chills, watering_from_eyes,,,,,,,,,,,,,
GERD, stomach_pain, acidity, ulcers_on_tongue, vomiting, cough, chest_pain,,,,,,,,,,,
Chronic cholestasis,itching, vomiting, yellowish_skin, nausea, loss_of_appetite, abdominal_pain, yellowing_of_eyes,,,,,,,,,,
Drug Reaction,itching, skin_rash, stomach_pain, burning_micturition, spotting_ urination,,,,,,,,,,,,
Peptic ulcer diseae, vomiting, indigestion, loss_of_appetite, abdominal_pain, passage_of_gases, internal_itching,,,,,,,,,,,
AIDS, muscle_wasting, patches_in_throat, high_fever, extra_marital_contacts,,,,,,,,,,,,,
Diabetes, fatigue, weight_loss, restlessness, lethargy, irregular_sugar_level, blurred_and_distorted_vision, obesity, excessive_hunger, increased_appetite, polyuria,,,,,,,
Gastroenteritis, vomiting, sunken_eyes, dehydration, diarrhoea,,,,,,,,,,,,,
Bronchial Asthma, fatigue, cough, high_fever, breathlessness, family_history, mucoid_sputum,,,,,,,,,,,
Hypertension, headache, chest_pain, dizziness, loss_of_balance, lack_of_concentration,,,,,,,,,,,,
Migraine, acidity, indigestion, headache, blurred_and_distorted_vision, excessive_hunger, stiff_neck, depression, irritability, visual_disturbances,,,,,,,,
Cervical spondylosis, back_pain, weakness_in_limbs, neck_pain, dizziness, loss_of_balance,,,,,,,,,,,,
Paralysis (brain hemorrhage), vomiting, headache, weakness_of_one_body_side, altered_sensorium,,,,,,,,,,,,,
Jaundice,itching, vomiting, fatigue, weight_loss, high_fever, yellowish_skin, dark_urine, abdominal_pain,,,,,,,,,
Malaria, chills, vomiting, high_fever, sweating, headache, nausea, diarrhoea, muscle_pain,,,,,,,,,
Chicken pox,itching, skin_rash, fatigue, lethargy, high_fever, headache, loss_of_appetite, mild_fever, swelled_lymph_nodes, malaise, red_spots_over_body,,,,,,
Dengue, skin_rash, chills, joint_pain, vomiting, fatigue, high_fever, headache, nausea, loss_of_appetite, pain_behind_the_eyes, back_pain, malaise, muscle_pain, red_spots_over_body,,,
Typhoid, chills, vomiting, fatigue, high_fever, headache, nausea, constipation, abdominal_pain, diarrhoea, toxic_look_(typhos), belly_pain,,,,,,
hepatitis A, joint_pain, vomiting, yellowish_skin, dark_urine, nausea, loss_of_appetite, abdominal_pain, diarrhoea, mild_fever, yellowing_of_eyes, muscle_pain,,,,,,
Hepatitis B,itching, fatigue, lethargy, yellowish_skin, dark_urine, loss_of_appetite, abdominal_pain, yellow_urine, yellowing_of_eyes, malaise, receiving_blood_transfusion, receiving_unsterile_injections,,,,,
Hepatitis C, fatigue, yellowish_skin, nausea, loss_of_appetite, yellowing_of_eyes, family_history,,,,,,,,,,,
Hepatitis D, joint_pain, vomiting, fatigue, yellowish_skin, dark_urine, nausea, loss_of_appetite, abdominal_pain, yellowing_of_eyes,,,,,,,,
Hepatitis E, joint_pain, vomiting, fatigue, high_fever, yellowish_skin, dark_urine, nausea, loss_of_appetite, abdominal_pain, yellowing_of_eyes, acute_liver_failure, coma, stomach_bleeding,,,,
Alcoholic hepatitis, vomiting, yellowish_skin, abdominal_pain, swelling_of_stomach, distention_of_abdomen, history_of_alcohol_consumption, fluid_overload,,,,,,,,,,
Tuberculosis, chills, vomiting, fatigue, weight_loss, cough, high_fever, breathlessness, sweating, loss_of_appetite, mild_fever, yellowing_of_eyes, swelled_lymph_nodes, malaise, phlegm, chest_pain, blood_in_sputum,
Common Cold, continuous_sneezing, chills, fatigue, cough, high_fever, headache, swelled_lymph_nodes, malaise, phlegm, throat_irritation, redness_of_eyes, sinus_pressure, runny_nose, congestion, chest_pain, loss_of_smell, muscle_pain
Pneumonia, chills, fatigue, cough, high_fever, breathlessness, sweating, malaise, phlegm, chest_pain, fast_heart_rate, rusty_sputum,,,,,,
Dimorphic hemmorhoids(piles), constipation, pain_during_bowel_movements, pain_in_anal_region, bloody_stool, irritation_in_anus,,,,,,,,,,,,
Heart attack, vomiting, breathlessness, sweating, chest_pain,,,,,,,,,,,,,
Varicose veins, fatigue, cramps, bruising, obesity, swollen_legs, swollen_blood_vessels, prominent_veins_on_calf,,,,,,,,,,
Hypothyroidism, fatigue, weight_gain, cold_hands_and_feets, mood_swings, lethargy, dizziness, puffy_face_and_eyes, enlarged_thyroid, brittle_nails, swollen_extremeties, depression, irritability, abnormal_menstruation,,,,
Hyperthyroidism, fatigue, mood_swings, weight_loss, restlessness, sweating, diarrhoea, fast_heart_rate, excessive_hunger, muscle_weakness, irritability, abnormal_menstruation,,,,,,
Hypoglycemia, vomiting, fatigue, anxiety, sweating, headache, nausea, blurred_and_distorted_vision, excessive_hunger, drying_and_tingling_lips, slurred_speech, irritability, palpitations,,,,,
Osteoarthristis, joint_pain, neck_pain, knee_pain, hip_joint_pain, swelling_joints, painful_walking,,,,,,,,,,,
Arthritis, muscle_weakness, stiff_neck, swelling_joints, movement_stiffness, painful_walking,,,,,,,,,,,,
(vertigo) Paroymsal  Positional Vertigo, vomiting, headache, nausea, spinning_movements, loss_of_balance, unsteadiness,,,,,,,,,,,
Acne, skin_rash, pus_filled_pimples, blackheads, scurring,,,,,,,,,,,,,
Urinary tract infection, burning_micturition, bladder_discomfort, foul_smell_of urine, continuous_feel_of_urine,,,,,,,,,,,,,
Psoriasis, skin_rash, joint_pain, skin_peeling, silver_like_dusting, small_dents_in_nails, inflammatory_nails,,,,,,,,,,,
Impetigo, skin_rash, high_fever, blister, red_sore_around_nose, yellow_crust_ooze,,,,,,,,,,,,
Fungal infection,itching, skin_rash, nodal_skin_eruptions, dischromic _patches,,,,,,,,,,,,,
Allergy, continuous_sneezing, shivering, chills, watering_from_eyes,,,,,,,,,,,,,
GERD, stomach_pain, acidity, ulcers_on_tongue, vomiting, cough, chest_pain,,,,,,,,,,,
Chronic cholestasis,itching, vomiting, yellowish_skin, nausea, loss_of_appetite, abdominal_pain, yellowing_of_eyes,,,,,,,,,,
Drug Reaction,itching, skin_rash, stomach_pain, burning_micturition, spotting_ urination,,,,,,,,,,,,
Peptic ulcer diseae, vomiting, indigestion, loss_of_appetite, abdominal_pain, passage_of_gases, internal_itching,,,,,,,,,,,
AIDS, muscle_wasting, patches_in_throat, high_fever, extra_marital_contacts,,,,,,,,,,,,,
Diabetes, fatigue, weight_loss, restlessness, lethargy, irregular_sugar_level, blurred_and_distorted_vision, obesity, excessive_hunger, increased_appetite, polyuria,,,,,,,
Gastroenteritis, vomiting, sunken_eyes, dehydration, diarrhoea,,,,,,,,,,,,,
Bronchial Asthma, fatigue, cough, high_fever, breathlessness, family_history, mucoid_sputum,,,,,,,,,,,
Hypertension, headache, chest_pain, dizziness, loss_of_balance, lack_of_concentration,,,,,,,,,,,,
Migraine, acidity, indigestion, headache, blurred_and_distorted_vision, excessive_hunger, stiff_neck, depression, irritability, visual_disturbances,,,,,,,,
Cervical spondylosis, back_pain, weakness_in_limbs, neck_pain, dizziness, loss_of_balance,,,,,,,,,,,,
Paralysis (brain hemorrhage), vomiting, headache, weakness_of_one_body_side, altered_sensorium,,,,,,,,,,,,,
Jaundice,itching, vomiting, fatigue, weight_loss, high_fever, yellowish_skin, dark_urine, abdominal_pain,,,,,,,,,
Malaria, chills, vomiting, high_fever, sweating, headache, nausea, diarrhoea, muscle_pain,,,,,,,,,
Chicken pox,itching, skin_rash, fatigue, lethargy, high_fever, headache, loss_of_appetite, mild_fever, swelled_lymph_nodes, malaise, red_spots_over_body,,,,,,
Dengue, skin_rash, chills, joint_pain, vomiting, fatigue, high_fever, headache, nausea, loss_of_appetite, pain_behind_the_eyes, back_pain, malaise, muscle_pain, red_spots_over_body,,,
Typhoid, chills, vomiting, fatigue, high_fever, headache, nausea, constipation, abdominal_pain, diarrhoea, toxic_look_(typhos), belly_pain,,,,,,
hepatitis A, joint_pain, vomiting, yellowish_skin, dark_urine, nausea, loss_of_appetite, abdominal_pain, diarrhoea, mild_fever, yellowing_of_eyes, muscle_pain,,,,,,
Hepatitis B,itching, fatigue, lethargy, yellowish_skin, dark_urine, loss_of_appetite, abdominal_pain, yellow_urine, yellowing_of_eyes, malaise, receiving_blood_transfusion, receiving_unsterile_injections,,,,,
Hepatitis C, fatigue, yellowish_skin, nausea, loss_of_appetite, yellowing_of_eyes, family_history,,,,,,,,,,,
Hepatitis D, joint_pain, vomiting, fatigue, yellowish_skin, dark_urine, nausea, loss_of_appetite, abdominal_pain, yellowing_of_eyes,,,,,,,,
Hepatitis E, joint_pain, vomiting, fatigue, high_fever, yellowish_skin, dark_urine, nausea, loss_of_appetite, abdominal_pain, yellowing_of_eyes, acute_liver_failure, coma, stomach_bleeding,,,,
Alcoholic hepatitis, vomiting, yellowish_skin, abdominal_pain, swelling_of_stomach, distention_of_abdomen, history_of_alcohol_consumption, fluid_overload,,,,,,,,,,
Tuberculosis, chills, vomiting, fatigue, weight_loss, cough, high_fever, breathlessness, sweating, loss_of_appetite, mild_fever, yellowing_of_eyes, swelled_lymph_nodes, malaise, phlegm, chest_pain, blood_in_sputum,
Common Cold, continuous_sneezing, chills, fatigue, cough, high_fever, headache, swelled_lymph_nodes, malaise, phlegm, throat_irritation, redness_of_eyes, sinus_pressure, runny_nose, congestion, chest_pain, loss_of_smell, muscle_pain
Pneumonia, chills, fatigue, cough, high_fever, breathlessness, sweating, malaise, phlegm, chest_pain, fast_heart_rate, rusty_sputum,,,,,,
Dimorphic hemmorhoids(piles), constipation, pain_during_bowel_movements, pain_in_anal_region, bloody_stool, irritation_in_anus,,,,,,,,,,,,
Heart attack, vomiting, breathlessness, sweating, chest_pain,,,,,,,,,,,,,
Varicose veins, fatigue, cramps, bruising, obesity, swollen_legs, swollen_blood_vessels, prominent_veins_on_calf,,,,,,,,,,
Hypothyroidism, fatigue, weight_gain, cold_hands_and_feets, mood_swings, lethargy, dizziness, puffy_face_and_eyes, enlarged_thyroid, brittle_nails, swollen_extremeties, depression, irritability, abnormal_menstruation,,,,
Hyperthyroidism, fatigue, mood_swings, weight_loss, restlessness, sweating, diarrhoea, fast_heart_rate, excessive_hunger, muscle_weakness, irritability, abnormal_menstruation,,,,,,
Hypoglycemia, vomiting, fatigue, anxiety, sweating, headache, nausea, blurred_and_distorted_vision, excessive_hunger, drying_and_tingling_lips, slurred_speech, irritability, palpitations,,,,,
Osteoarthristis, joint_pain, neck_pain, knee_pain, hip_joint_pain, swelling_joints, painful_walking,,,,,,,,,,,
Arthritis, muscle_weakness, stiff_neck, swelling_joints, movement_stiffness, painful_walking,,,,,,,,,,,,
(vertigo) Paroymsal  Positional Vertigo, vomiting, headache, nausea, spinning_movements, loss_of_balance, unsteadiness,,,,,,,,,,,
Acne, skin_rash, pus_filled_pimples, blackheads, scurring,,,,,,,,,,,,,
Urinary tract infection, burning_micturition, bladder_discomfort, foul_smell_of urine, continuous_feel_of_urine,,,,,,,,,,,,,
Psoriasis, skin_rash, joint_pain, skin_peeling, silver_like_dusting, small_dents_in_nails, inflammatory_nails,,,,,,,,,,,
Impetigo, skin_rash, high_fever, blister, red_sore_around_nose, yellow_crust_ooze,,,,,,,,,,,,
Fungal infection,itching, skin_rash, nodal_skin_eruptions, dischromic _patches,,,,,,,,,,,,,
Allergy, continuous_sneezing, shivering, chills, watering_from_eyes,,,,,,,,,,,,,
GERD, stomach_pain, acidity, ulcers_on_tongue, vomiting, cough, chest_pain,,,,,,,,,,,
Chronic cholestasis,itching, vomiting, yellowish_skin, nausea, loss_of_appetite, abdominal_pain, yellowing_of_eyes,,,,,,,,,,
Drug Reaction,itching, skin_rash, stomach_pain, burning_micturition, spotting_ urination,,,,,,,,,,,,
Peptic ulcer diseae, vomiting, indigestion, loss_of_appetite, abdominal_pain, passage_of_gases, internal_itching,,,,,,,,,,,
AIDS, muscle_wasting, patches_in_throat, high_fever, extra_marital_contacts,,,,,,,,,,,,,
Diabetes, fatigue, weight_loss, restlessness, lethargy, irregular_sugar_level, blurred_and_distorted_vision, obesity, excessive_hunger, increased_appetite, polyuria,,,,,,,
Gastroenteritis, vomiting, sunken_eyes, dehydration, diarrhoea,,,,,,,,,,,,,
Bronchial Asthma, fatigue, cough, high_fever, breathlessness, family_history, mucoid_sputum,,,,,,,,,,,
Hypertension, headache, chest_pain, dizziness, loss_of_balance, lack_of_concentration,,,,,,,,,,,,
Migraine, acidity, indigestion, headache, blurred_and_distorted_vision, excessive_hunger, stiff_neck, depression, irritability, visual_disturbances,,,,,,,,
Cervical spondylosis, back_pain, weakness_in_limbs, neck_pain, dizziness, loss_of_balance,,,,,,,,,,,,
Paralysis (brain hemorrhage), vomiting, headache, weakness_of_one_body_side, altered_sensorium,,,,,,,,,,,,,
Jaundice,itching, vomiting, fatigue, weight_loss, high_fever, yellowish_skin, dark_urine, abdominal_pain,,,,,,,,,
Malaria, chills, vomiting, high_fever, sweating, headache, nausea, diarrhoea, muscle_pain,,,,,,,,,
Chicken pox,itching, skin_rash, fatigue, lethargy, high_fever, headache, loss_of_appetite, mild_fever, swelled_lymph_nodes, malaise, red_spots_over_body,,,,,,
Dengue, skin_rash, chills, joint_pain, vomiting, fatigue, high_fever, headache, nausea, loss_of_appetite, pain_behind_the_eyes, back_pain, malaise, muscle_pain, red_spots_over_body,,,
Typhoid, chills, vomiting, fatigue, high_fever, headache, nausea, constipation, abdominal_pain, diarrhoea, toxic_look_(typhos), belly_pain,,,,,,
hepatitis A, joint_pain, vomiting, yellowish_skin, dark_urine, nausea, loss_of_appetite, abdominal_pain, diarrhoea, mild_fever, yellowing_of_eyes, muscle_pain,,,,,,
Hepatitis B,itching, fatigue, lethargy, yellowish_skin, dark_urine, loss_of_appetite, abdominal_pain, yellow_urine, yellowing_of_eyes, malaise, receiving_blood_transfusion, receiving_unsterile_injections,,,,,
Hepatitis C, fatigue, yellowish_skin, nausea, loss_of_appetite, yellowing_of_eyes, family_history,,,,,,,,,,,
Hepatitis D, joint_pain, vomiting, fatigue, yellowish_skin, dark_urine, nausea, loss_of_appetite, abdominal_pain, yellowing_of_eyes,,,,,,,,
Hepatitis E, joint_pain, vomiting, fatigue, high_fever, yellowish_skin, dark_urine, nausea, loss_of_appetite, abdominal_pain, yellowing_of_eyes, acute_liver_failure, coma, stomach_bleeding,,,,
Alcoholic hepatitis, vomiting, yellowish_skin, abdominal_pain, swelling_of_stomach, distention_of_abdomen, history_of_alcohol_consumption, fluid_overload,,,,,,,,,,
Tuberculosis, chills, vomiting, fatigue, weight_loss, cough, high_fever, breathlessness, sweating, loss_of_appetite, mild_fever, yellowing_of_eyes, swelled_lymph_nodes, malaise, phlegm, chest_pain, blood_in_sputum,
Common Cold, continuous_sneezing, chills, fatigue, cough, high_fever, headache, swelled_lymph_nodes, malaise, phlegm, throat_irritation, redness_of_eyes, sinus_pressure, runny_nose, congestion, chest_pain, loss_of_smell, muscle_pain
Pneumonia, chills, fatigue, cough, high_fever, breathlessness, sweating, malaise, phlegm, chest_pain, fast_heart_rate, rusty_sputum,,,,,,
Dimorphic hemmorhoids(piles), constipation, pain_during_bowel_movements, pain_in_anal_region, bloody_stool, irritation_in_anus,,,,,,,,,,,,
Heart attack, vomiting, breathlessness, sweating, chest_pain,,,,,,,,,,,,,
Varicose veins, fatigue, cramps, bruising, obesity, swollen_legs, swollen_blood_vessels, prominent_veins_on_calf,,,,,,,,,,
Hypothyroidism, fatigue, weight_gain, cold_hands_and_feets, mood_swings, lethargy, dizziness, puffy_face_and_eyes, enlarged_thyroid, brittle_nails, swollen_extremeties, depression, irritability, abnormal_menstruation,,,,
Hyperthyroidism, fatigue, mood_swings, weight_loss, restlessness, sweating, diarrhoea, fast_heart_rate, excessive_hunger, muscle_weakness, irritability, abnormal_menstruation,,,,,,
Hypoglycemia, vomiting, fatigue, anxiety, sweating, headache, nausea, blurred_and_distorted_vision, excessive_hunger, drying_and_tingling_lips, slurred_speech, irritability, palpitations,,,,,
Osteoarthristis, joint_pain, neck_pain, knee_pain, hip_joint_pain, swelling_joints, painful_walking,,,,,,,,,,,
Arthritis, muscle_weakness, stiff_neck, swelling_joints, movement_stiffness, painful_walking,,,,,,,,,,,,
(vertigo) Paroymsal  Positional Vertigo, vomiting, headache, nausea, spinning_movements, loss_of_balance, unsteadiness,,,,,,,,,,,
Acne, skin_rash, pus_filled_pimples, blackheads, scurring,,,,,,,,,,,,,
Urinary tract infection, burning_micturition, bladder_discomfort, foul_smell_of urine, continuous_feel_of_urine,,,,,,,,,,,,,
Psoriasis, skin_rash, joint_pain, skin_peeling, silver_like_dusting, small_dents_in_nails, inflammatory_nails,,,,,,,,,,,
Impetigo, skin_rash, high_fever, blister, red_sore_around_nose, yellow_crust_ooze,,,,,,,,,,,,
Fungal infection,itching, skin_rash, nodal_skin_eruptions, dischromic _patches,,,,,,,,,,,,,
Allergy, continuous_sneezing, shivering, chills, watering_from_eyes,,,,,,,,,,,,,
GERD, stomach_pain, acidity, ulcers_on_tongue, vomiting, cough, chest_pain,,,,,,,,,,,
Chronic cholestasis,itching, vomiting, yellowish_skin, nausea, loss_of_appetite, abdominal_pain, yellowing_of_eyes,,,,,,,,,,
Drug Reaction,itching, skin_rash, stomach_pain, burning_micturition, spotting_ urination,,,,,,,,,,,,
Peptic ulcer diseae, vomiting, indigestion, loss_of_appetite, abdominal_pain, passage_of_gases, internal_itching,,,,,,,,,,,
AIDS, muscle_wasting, patches_in_throat, high_fever, extra_marital_contacts,,,,,,,,,,,,,
Diabetes, fatigue, weight_loss, restlessness, lethargy, irregular_sugar_level, blurred_and_distorted_vision, obesity, excessive_hunger, increased_appetite, polyuria,,,,,,,
Gastroenteritis, vomiting, sunken_eyes, dehydration, diarrhoea,,,,,,,,,,,,,
Bronchial Asthma, fatigue, cough, high_fever, breathlessness, family_history, mucoid_sputum,,,,,,,,,,,
Hypertension, headache, chest_pain, dizziness, loss_of_balance, lack_of_concentration,,,,,,,,,,,,
Migraine, acidity, indigestion, headache, blurred_and_distorted_vision, excessive_hunger, stiff_neck, depression, irritability, visual_disturbances,,,,,,,,
Cervical spondylosis, back_pain, weakness_in_limbs, neck_pain, dizziness, loss_of_balance,,,,,,,,,,,,
Paralysis (brain hemorrhage), vomiting, headache, weakness_of_one_body_side, altered_sensorium,,,,,,,,,,,,,
Jaundice,itching, vomiting, fatigue, weight_loss, high_fever, yellowish_skin, dark_urine, abdominal_pain,,,,,,,,,
Malaria, chills, vomiting, high_fever, sweating, headache, nausea, diarrhoea, muscle_pain,,,,,,,,,
Chicken pox,itching, skin_rash, fatigue, lethargy, high_fever, headache, loss_of_appetite, mild_fever, swelled_lymph_nodes, malaise, red_spots_over_body,,,,,,
Dengue, skin_rash, chills, joint_pain, vomiting, fatigue, high_fever, headache, nausea, loss_of_appetite, pain_behind_the_eyes, back_pain, malaise, muscle_pain, red_spots_over_body,,,
Typhoid, chills, vomiting, fatigue, high_fever, headache, nausea, constipation, abdominal_pain, diarrhoea, toxic_look_(typhos), belly_pain,,,,,,
hepatitis A, joint_pain, vomiting, yellowish_skin, dark_urine, nausea, loss_of_appetite, abdominal_pain, diarrhoea, mild_fever, yellowing_of_eyes, muscle_pain,,,,,,
Hepatitis B,itching, fatigue, lethargy, yellowish_skin, dark_urine, loss_of_appetite, abdominal_pain, yellow_urine, yellowing_of_eyes, malaise, receiving_blood_transfusion, receiving_unsterile_injections,,,,,
Hepatitis C, fatigue, yellowish_skin, nausea, loss_of_appetite, yellowing_of_eyes, family_history,,,,,,,,,,,
Hepatitis D, joint_pain, vomiting, fatigue, yellowish_skin, dark_urine, nausea, loss_of_appetite, abdominal_pain, yellowing_of_eyes,,,,,,,,
Hepatitis E, joint_pain, vomiting, fatigue, high_fever, yellowish_skin, dark_urine, nausea, loss_of_appetite, abdominal_pain, yellowing_of_eyes, acute_liver_failure, coma, stomach_bleeding,,,,
Alcoholic hepatitis, vomiting, yellowish_skin, abdominal_pain, swelling_of_stomach, distention_of_abdomen, history_of_alcohol_consumption, fluid_overload,,,,,,,,,,
Tuberculosis, chills, vomiting, fatigue, weight_loss, cough, high_fever, breathlessness, sweating, loss_of_appetite, mild_fever, yellowing_of_eyes, swelled_lymph_nodes, malaise, phlegm, chest_pain, blood_in_sputum,
Common Cold, continuous_sneezing, chills, fatigue, cough, high_fever, headache, swelled_lymph_nodes, malaise, phlegm, throat_irritation, redness_of_eyes, sinus_pressure, runny_nose, congestion, chest_pain, loss_of_smell, muscle_pain
Pneumonia, chills, fatigue, cough, high_fever, breathlessness, sweating, malaise, phlegm, chest_pain, fast_heart_rate, rusty_sputum,,,,,,
Dimorphic hemmorhoids(piles), constipation, pain_during_bowel_movements, pain_in_anal_region, bloody_stool, irritation_in_anus,,,,,,,,,,,,
Heart attack, vomiting, breathlessness, sweating, chest_pain,,,,,,,,,,,,,
Varicose veins, fatigue, cramps, bruising, obesity, swollen_legs, swollen_blood_vessels, prominent_veins_on_calf,,,,,,,,,,
Hypothyroidism, fatigue, weight_gain, cold_hands_and_feets, mood_swings, lethargy, dizziness, puffy_face_and_eyes, enlarged_thyroid, brittle_nails, swollen_extremeties, depression, irritability, abnormal_menstruation,,,,
Hyperthyroidism, fatigue, mood_swings, weight_loss, restlessness, sweating, diarrhoea, fast_heart_rate, excessive_hunger, muscle_weakness, irritability, abnormal_menstruation,,,,,,
Hypoglycemia, vomiting, fatigue, anxiety, sweating, headache, nausea, blurred_and_distorted_vision, excessive_hunger, drying_and_tingling_lips, slurred_speech, irritability, palpitations,,,,,
Osteoarthristis, joint_pain, neck_pain, knee_pain, hip_joint_pain, swelling_joints, painful_walking,,,,,,,,,,,
Arthritis, muscle_weakness, stiff_neck, swelling_joints, movement_stiffness, painful_walking,,,,,,,,,,,,
(vertigo) Paroymsal  Positional Vertigo, vomiting, headache, nausea, spinning_movements, loss_of_balance, unsteadiness,,,,,,,,,,,
Acne, skin_rash, pus_filled_pimples, blackheads, scurring,,,,,,,,,,,,,
Urinary tract infection, burning_micturition, bladder_discomfort, foul_smell_of urine, continuous_feel_of_urine,,,,,,,,,,,,,
Psoriasis, skin_rash, joint_pain, skin_peeling, silver_like_dusting, small_dents_in_nails, inflammatory_nails,,,,,,,,,,,
Impetigo, skin_rash, high_fever, blister, red_sore_around_nose, yellow_crust_ooze,,,,,,,,,,,,
Fungal infection,itching, skin_rash, nodal_skin_eruptions, dischromic _patches,,,,,,,,,,,,,
Allergy, continuous_sneezing, shivering, chills, watering_from_eyes,,,,,,,,,,,,,
GERD, stomach_pain, acidity, ulcers_on_tongue, vomiting, cough, chest_pain,,,,,,,,,,,
Chronic cholestasis,itching, vomiting, yellowish_skin, nausea, loss_of_appetite, abdominal_pain, yellowing_of_eyes,,,,,,,,,,
Drug Reaction,itching, skin_rash, stomach_pain, burning_micturition, spotting_ urination,,,,,,,,,,,,
Peptic ulcer diseae, vomiting, indigestion, loss_of_appetite, abdominal_pain, passage_of_gases, internal_itching,,,,,,,,,,,
AIDS, muscle_wasting, patches_in_throat, high_fever, extra_marital_contacts,,,,,,,,,,,,,
Diabetes, fatigue, weight_loss, restlessness, lethargy, irregular_sugar_level, blurred_and_distorted_vision, obesity, excessive_hunger, increased_appetite, polyuria,,,,,,,
Gastroenteritis, vomiting, sunken_eyes, dehydration, diarrhoea,,,,,,,,,,,,,
Bronchial Asthma, fatigue, cough, high_fever, breathlessness, family_history, mucoid_sputum,,,,,,,,,,,
Hypertension, headache, chest_pain, dizziness, loss_of_balance, lack_of_concentration,,,,,,,,,,,,
Migraine, acidity, indigestion, headache, blurred_and_distorted_vision, excessive_hunger, stiff_neck, depression, irritability, visual_disturbances,,,,,,,,
Cervical spondylosis, back_pain, weakness_in_limbs, neck_pain, dizziness, loss_of_balance,,,,,,,,,,,,
Paralysis (brain hemorrhage), vomiting, headache, weakness_of_one_body_side, altered_sensorium,,,,,,,,,,,,,
Jaundice,itching, vomiting, fatigue, weight_loss, high_fever, yellowish_skin, dark_urine, abdominal_pain,,,,,,,,,
Malaria, chills, vomiting, high_fever, sweating, headache, nausea, diarrhoea, muscle_pain,,,,,,,,,
Chicken pox,itching, skin_rash, fatigue, lethargy, high_fever, headache, loss_of_appetite, mild_fever, swelled_lymph_nodes, malaise, red_spots_over_body,,,,,,
Dengue, skin_rash, chills, joint_pain, vomiting, fatigue, high_fever, headache, nausea, loss_of_appetite, pain_behind_the_eyes, back_pain, malaise, muscle_pain, red_spots_over_body,,,
Typhoid, chills, vomiting, fatigue, high_fever, headache, nausea, constipation, abdominal_pain, diarrhoea, toxic_look_(typhos), belly_pain,,,,,,
hepatitis A, joint_pain, vomiting, yellowish_skin, dark_urine, nausea, loss_of_appetite, abdominal_pain, diarrhoea, mild_fever, yellowing_of_eyes, muscle_pain,,,,,,
Hepatitis B,itching, fatigue, lethargy, yellowish_skin, dark_urine, loss_of_appetite, abdominal_pain, yellow_urine, yellowing_of_eyes, malaise, receiving_blood_transfusion, receiving_unsterile_injections,,,,,
Hepatitis C, fatigue, yellowish_skin, nausea, loss_of_appetite, yellowing_of_eyes, family_history,,,,,,,,,,,
Hepatitis D, joint_pain, vomiting, fatigue, yellowish_skin, dark_urine, nausea, loss_of_appetite, abdominal_pain, yellowing_of_eyes,,,,,,,,
Hepatitis E, joint_pain, vomiting, fatigue, high_fever, yellowish_skin, dark_urine, nausea, loss_of_appetite, abdominal_pain, yellowing_of_eyes, acute_liver_failure, coma, stomach_bleeding,,,,
Alcoholic hepatitis, vomiting, yellowish_skin, abdominal_pain, swelling_of_stomach, distention_of_abdomen, history_of_alcohol_consumption, fluid_overload,,,,,,,,,,
Tuberculosis, chills, vomiting, fatigue, weight_loss, cough, high_fever, breathlessness, sweating, loss_of_appetite, mild_fever, yellowing_of_eyes, swelled_lymph_nodes, malaise, phlegm, chest_pain, blood_in_sputum,
Common Cold, continuous_sneezing, chills, fatigue, cough, high_fever, headache, swelled_lymph_nodes, malaise, phlegm, throat_irritation, redness_of_eyes, sinus_pressure, runny_nose, congestion, chest_pain, loss_of_smell, muscle_pain
Pneumonia, chills, fatigue, cough, high_fever, breathlessness, sweating, malaise, phlegm, chest_pain, fast_heart_rate, rusty_sputum,,,,,,
Dimorphic hemmorhoids(piles), constipation, pain_during_bowel_movements, pain_in_anal_region, bloody_stool, irritation_in_anus,,,,,,,,,,,,
Heart attack, vomiting, breathlessness, sweating, chest_pain,,,,,,,,,,,,,
Varicose veins, fatigue, cramps, bruising, obesity, swollen_legs, swollen_blood_vessels, prominent_veins_on_calf,,,,,,,,,,
Hypothyroidism, fatigue, weight_gain, cold_hands_and_feets, mood_swings, lethargy, dizziness, puffy_face_and_eyes, enlarged_thyroid, brittle_nails, swollen_extremeties, depression, irritability, abnormal_menstruation,,,,
Hyperthyroidism, fatigue, mood_swings, weight_loss, restlessness, sweating, diarrhoea, fast_heart_rate, excessive_hunger, muscle_weakness, irritability, abnormal_menstruation,,,,,,
Hypoglycemia, vomiting, fatigue, anxiety, sweating, headache, nausea, blurred_and_distorted_vision, excessive_hunger, drying_and_tingling_lips, slurred_speech, irritability, palpitations,,,,,
Osteoarthristis, joint_pain, neck_pain, knee_pain, hip_joint_pain, swelling_joints, painful_walking,,,,,,,,,,,
Arthritis, muscle_weakness, stiff_neck, swelling_joints, movement_stiffness, painful_walking,,,,,,,,,,,,
(vertigo) Paroymsal  Positional Vertigo, vomiting, headache, nausea, spinning_movements, loss_of_balance, unsteadiness,,,,,,,,,,,
Acne, skin_rash, pus_filled_pimples, blackheads, scurring,,,,,,,,,,,,,
Urinary tract infection, burning_micturition, bladder_discomfort, foul_smell_of urine, continuous_feel_of_urine,,,,,,,,,,,,,
Psoriasis, skin_rash, joint_pain, skin_peeling, silver_like_dusting, small_dents_in_nails, inflammatory_nails,,,,,,,,,,,
Impetigo, skin_rash, high_fever, blister, red_sore_around_nose, yellow_crust_ooze,,,,,,,,,,,,
Fungal infection,itching, skin_rash, nodal_skin_eruptions, dischromic _patches,,,,,,,,,,,,,
Allergy, continuous_sneezing, shivering, chills, watering_from_eyes,,,,,,,,,,,,,
GERD, stomach_pain, acidity, ulcers_on_tongue, vomiting, cough, chest_pain,,,,,,,,,,,
Chronic cholestasis,itching, vomiting, yellowish_skin, nausea, loss_of_appetite, abdominal_pain, yellowing_of_eyes,,,,,,,,,,
Drug Reaction,itching, skin_rash, stomach_pain, burning_micturition, spotting_ urination,,,,,,,,,,,,
Peptic ulcer diseae, vomiting, indigestion, loss_of_appetite, abdominal_pain, passage_of_gases, internal_itching,,,,,,,,,,,
AIDS, muscle_wasting, patches_in_throat, high_fever, extra_marital_contacts,,,,,,,,,,,,,
Diabetes, fatigue, weight_loss, restlessness, lethargy, irregular_sugar_level, blurred_and_distorted_vision, obesity, excessive_hunger, increased_appetite, polyuria,,,,,,,
Gastroenteritis, vomiting, sunken_eyes, dehydration, diarrhoea,,,,,,,,,,,,,
Bronchial Asthma, fatigue, cough, high_fever, breathlessness, family_history, mucoid_sputum,,,,,,,,,,,
Hypertension, headache, chest_pain, dizziness, loss_of_balance, lack_of_concentration,,,,,,,,,,,,
Migraine, acidity, indigestion, headache, blurred_and_distorted_vision, excessive_hunger, stiff_neck, depression, irritability, visual_disturbances,,,,,,,,
Cervical spondylosis, back_pain, weakness_in_limbs, neck_pain, dizziness, loss_of_balance,,,,,,,,,,,,
Paralysis (brain hemorrhage), vomiting, headache, weakness_of_one_body_side, altered_sensorium,,,,,,,,,,,,,
Jaundice,itching, vomiting, fatigue, weight_loss, high_fever, yellowish_skin, dark_urine, abdominal_pain,,,,,,,,,
Malaria, chills, vomiting, high_fever, sweating, headache, nausea, diarrhoea, muscle_pain,,,,,,,,,
Chicken pox,itching, skin_rash, fatigue, lethargy, high_fever, headache, loss_of_appetite, mild_fever, swelled_lymph_nodes, malaise, red_spots_over_body,,,,,,
Dengue, skin_rash, chills, joint_pain, vomiting, fatigue, high_fever, headache, nausea, loss_of_appetite, pain_behind_the_eyes, back_pain, malaise, muscle_pain, red_spots_over_body,,,
Typhoid, chills, vomiting, fatigue, high_fever, headache, nausea, constipation, abdominal_pain, diarrhoea, toxic_look_(typhos), belly_pain,,,,,,
hepatitis A, joint_pain, vomiting, yellowish_skin, dark_urine, nausea, loss_of_appetite, abdominal_pain, diarrhoea, mild_fever, yellowing_of_eyes, muscle_pain,,,,,,
Hepatitis B,itching, fatigue, lethargy, yellowish_skin, dark_urine, loss_of_appetite, abdominal_pain, yellow_urine, yellowing_of_eyes, malaise, receiving_blood_transfusion, receiving_unsterile_injections,,,,,
Hepatitis C, fatigue, yellowish_skin, nausea, loss_of_appetite, yellowing_of_eyes, family_history,,,,,,,,,,,
Hepatitis D, joint_pain, vomiting, fatigue, yellowish_skin, dark_urine, nausea, loss_of_appetite, abdominal_pain, yellowing_of_eyes,,,,,,,,
Hepatitis E, joint_pain, vomiting, fatigue, high_fever, yellowish_skin, dark_urine, nausea, loss_of_appetite, abdominal_pain, yellowing_of_eyes, acute_liver_failure, coma, stomach_bleeding,,,,
Alcoholic hepatitis, vomiting, yellowish_skin, abdominal_pain, swelling_of_stomach, distention_of_abdomen, history_of_alcohol_consumption, fluid_overload,,,,,,,,,,
Tuberculosis, chills, vomiting, fatigue, weight_loss, cough, high_fever, breathlessness, sweating, loss_of_appetite, mild_fever, yellowing_of_eyes, swelled_lymph_nodes, malaise, phlegm, chest_pain, blood_in_sputum,
Common Cold, continuous_sneezing, chills, fatigue, cough, high_fever, headache, swelled_lymph_nodes, malaise, phlegm, throat_irritation, redness_of_eyes, sinus_pressure, runny_nose, congestion, chest_pain, loss_of_smell, muscle_pain
Pneumonia, chills, fatigue, cough, high_fever, breathlessness, sweating, malaise, phlegm, chest_pain, fast_heart_rate, rusty_sputum,,,,,,
Dimorphic hemmorhoids(piles), constipation, pain_during_bowel_movements, pain_in_anal_region, bloody_stool, irritation_in_anus,,,,,,,,,,,,
Heart attack, vomiting, breathlessness, sweating, chest_pain,,,,,,,,,,,,,
Varicose veins, fatigue, cramps, bruising, obesity, swollen_legs, swollen_blood_vessels, prominent_veins_on_calf,,,,,,,,,,
Hypothyroidism, fatigue, weight_gain, cold_hands_and_feets, mood_swings, lethargy, dizziness, puffy_face_and_eyes, enlarged_thyroid, brittle_nails, swollen_extremeties, depression, irritability, abnormal_menstruation,,,,
Hyperthyroidism, fatigue, mood_swings, weight_loss, restlessness, sweating, diarrhoea, fast_heart_rate, excessive_hunger, muscle_weakness, irritability, abnormal_menstruation,,,,,,
Hypoglycemia, vomiting, fatigue, anxiety, sweating, headache, nausea, blurred_and_distorted_vision, excessive_hunger, drying_and_tingling_lips, slurred_speech, irritability, palpitations,,,,,
Osteoarthristis, joint_pain, neck_pain, knee_pain, hip_joint_pain, swelling_joints, painful_walking,,,,,,,,,,,
Arthritis, muscle_weakness, stiff_neck, swelling_joints, movement_stiffness, painful_walking,,,,,,,,,,,,
(vertigo) Paroymsal  Positional Vertigo, vomiting, headache, nausea, spinning_movements, loss_of_balance, unsteadiness,,,,,,,,,,,
Acne, skin_rash, pus_filled_pimples, blackheads, scurring,,,,,,,,,,,,,
Urinary tract infection, burning_micturition, bladder_discomfort, foul_smell_of urine, continuous_feel_of_urine,,,,,,,,,,,,,
Psoriasis, skin_rash, joint_pain, skin_peeling, silver_like_dusting, small_dents_in_nails, inflammatory_nails,,,,,,,,,,,
Impetigo, skin_rash, high_fever, blister, red_sore_around_nose, yellow_crust_ooze,,,,,,,,,,,,
Fungal infection,itching, skin_rash, nodal_skin_eruptions, dischromic _patches,,,,,,,,,,,,,
Allergy, continuous_sneezing, shivering, chills, watering_from_eyes,,,,,,,,,,,,,
GERD, stomach_pain, acidity, ulcers_on_tongue, vomiting, cough, chest_pain,,,,,,,,,,,
Chronic cholestasis,itching, vomiting, yellowish_skin, nausea, loss_of_appetite, abdominal_pain, yellowing_of_eyes,,,,,,,,,,
Drug Reaction,itching, skin_rash, stomach_pain, burning_micturition, spotting_ urination,,,,,,,,,,,,
Peptic ulcer diseae, vomiting, indigestion, loss_of_appetite, abdominal_pain, passage_of_gases, internal_itching,,,,,,,,,,,
AIDS, muscle_wasting, patches_in_throat, high_fever, extra_marital_contacts,,,,,,,,,,,,,
Diabetes, fatigue, weight_loss, restlessness, lethargy, irregular_sugar_level, blurred_and_distorted_vision, obesity, excessive_hunger, increased_appetite, polyuria,,,,,,,
Gastroenteritis, vomiting, sunken_eyes, dehydration, diarrhoea,,,,,,,,,,,,,
Bronchial Asthma, fatigue, cough, high_fever, breathlessness, family_history, mucoid_sputum,,,,,,,,,,,
Hypertension, headache, chest_pain, dizziness, loss_of_balance, lack_of_concentration,,,,,,,,,,,,
Migraine, acidity, indigestion, headache, blurred_and_distorted_vision, excessive_hunger, stiff_neck, depression, irritability, visual_disturbances,,,,,,,,
Cervical spondylosis, back_pain, weakness_in_limbs, neck_pain, dizziness, loss_of_balance,,,,,,,,,,,,
Paralysis (brain hemorrhage), vomiting, headache, weakness_of_one_body_side, altered_sensorium,,,,,,,,,,,,,
Jaundice,itching, vomiting, fatigue, weight_loss, high_fever, yellowish_skin, dark_urine, abdominal_pain,,,,,,,,,
Malaria, chills, vomiting, high_fever, sweating, headache, nausea, diarrhoea, muscle_pain,,,,,,,,,
Chicken pox,itching, skin_rash, fatigue, lethargy, high_fever, headache, loss_of_appetite, mild_fever, swelled_lymph_nodes, malaise, red_spots_over_body,,,,,,
Dengue, skin_rash, chills, joint_pain, vomiting, fatigue, high_fever, headache, nausea, loss_of_appetite, pain_behind_the_eyes, back_pain, malaise, muscle_pain, red_spots_over_body,,,
Typhoid, chills, vomiting, fatigue, high_fever, headache, nausea, constipation, abdominal_pain, diarrhoea, toxic_look_(typhos), belly_pain,,,,,,
hepatitis A, joint_pain, vomiting, yellowish_skin, dark_urine, nausea, loss_of_appetite, abdominal_pain, diarrhoea, mild_fever, yellowing_of_eyes, muscle_pain,,,,,,
Hepatitis B,itching, fatigue, lethargy, yellowish_skin, dark_urine, loss_of_appetite, abdominal_pain, yellow_urine, yellowing_of_eyes, malaise, receiving_blood_transfusion, receiving_unsterile_injections,,,,,
Hepatitis C, fatigue, yellowish_skin, nausea, loss_of_appetite, yellowing_of_eyes, family_history,,,,,,,,,,,
Hepatitis D, joint_pain, vomiting, fatigue, yellowish_skin, dark_urine, nausea, loss_of_appetite, abdominal_pain, yellowing_of_eyes,,,,,,,,
Hepatitis E, joint_pain, vomiting, fatigue, high_fever, yellowish_skin, dark_urine, nausea, loss_of_appetite, abdominal_pain, yellowing_of_eyes, acute_liver_failure, coma, stomach_bleeding,,,,
Alcoholic hepatitis, vomiting, yellowish_skin, abdominal_pain, swelling_of_stomach, distention_of_abdomen, history_of_alcohol_consumption, fluid_overload,,,,,,,,,,
Tuberculosis, chills, vomiting, fatigue, weight_loss, cough, high_fever, breathlessness, sweating, loss_of_appetite, mild_fever, yellowing_of_eyes, swelled_lymph_nodes, malaise, phlegm, chest_pain, blood_in_sputum,
Common Cold, continuous_sneezing, chills, fatigue, cough, high_fever, headache, swelled_lymph_nodes, malaise, phlegm, throat_irritation, redness_of_eyes, sinus_pressure, runny_nose, congestion, chest_pain, loss_of_smell, muscle_pain
Pneumonia, chills, fatigue, cough, high_fever, breathlessness, sweating, malaise, phlegm, chest_pain, fast_heart_rate, rusty_sputum,,,,,,
Dimorphic hemmorhoids(piles), constipation, pain_during_bowel_movements, pain_in_anal_region, bloody_stool, irritation_in_anus,,,,,,,,,,,,
Heart attack, vomiting, breathlessness, sweating, chest_pain,,,,,,,,,,,,,
Varicose veins, fatigue, cramps, bruising, obesity, swollen_legs, swollen_blood_vessels, prominent_veins_on_calf,,,,,,,,,,
Hypothyroidism, fatigue, weight_gain, cold_hands_and_feets, mood_swings, lethargy, dizziness, puffy_face_and_eyes, enlarged_thyroid, brittle_nails, swollen_extremeties, depression, irritability, abnormal_menstruation,,,,
Hyperthyroidism, fatigue, mood_swings, weight_loss, restlessness, sweating, diarrhoea, fast_heart_rate, excessive_hunger, muscle_weakness, irritability, abnormal_menstruation,,,,,,
Hypoglycemia, vomiting, fatigue, anxiety, sweating, headache, nausea, blurred_and_distorted_vision, excessive_hunger, drying_and_tingling_lips, slurred_speech, irritability, palpitations,,,,,
Osteoarthristis, joint_pain, neck_pain, knee_pain, hip_joint_pain, swelling_joints, painful_walking,,,,,,,,,,,
Arthritis, muscle_weakness, stiff_neck, swelling_joints, movement_stiffness, painful_walking,,,,,,,,,,,,
(vertigo) Paroymsal  Positional Vertigo, vomiting, headache, nausea, spinning_movements, loss_of_balance, unsteadiness,,,,,,,,,,,
Acne, skin_rash, pus_filled_pimples, blackheads, scurring,,,,,,,,,,,,,
Urinary tract infection, burning_micturition, bladder_discomfort, foul_smell_of urine, continuous_feel_of_urine,,,,,,,,,,,,,
Psoriasis, skin_rash, joint_pain, skin_peeling, silver_like_dusting, small_dents_in_nails, inflammatory_nails,,,,,,,,,,,
Impetigo, skin_rash, high_fever, blister, red_sore_around_nose, yellow_crust_ooze,,,,,,,,,,,,
Fungal infection,itching, skin_rash, nodal_skin_eruptions, dischromic _patches,,,,,,,,,,,,,
Allergy, continuous_sneezing, shivering, chills, watering_from_eyes,,,,,,,,,,,,,
GERD, stomach_pain, acidity, ulcers_on_tongue, vomiting, cough, chest_pain,,,,,,,,,,,
Chronic cholestasis,itching, vomiting, yellowish_skin, nausea, loss_of_appetite, abdominal_pain, yellowing_of_eyes,,,,,,,,,,
Drug Reaction,itching, skin_rash, stomach_pain, burning_micturition, spotting_ urination,,,,,,,,,,,,
Peptic ulcer diseae, vomiting, indigestion, loss_of_appetite, abdominal_pain, passage_of_gases, internal_itching,,,,,,,,,,,
AIDS, muscle_wasting, patches_in_throat, high_fever, extra_marital_contacts,,,,,,,,,,,,,
Diabetes, fatigue, weight_loss, restlessness, lethargy, irregular_sugar_level, blurred_and_distorted_vision, obesity, excessive_hunger, increased_appetite, polyuria,,,,,,,
Gastroenteritis, vomiting, sunken_eyes, dehydration, diarrhoea,,,,,,,,,,,,,
Bronchial Asthma, fatigue, cough, high_fever, breathlessness, family_history, mucoid_sputum,,,,,,,,,,,
Hypertension, headache, chest_pain, dizziness, loss_of_balance, lack_of_concentration,,,,,,,,,,,,
Migraine, acidity, indigestion, headache, blurred_and_distorted_vision, excessive_hunger, stiff_neck, depression, irritability, visual_disturbances,,,,,,,,
Cervical spondylosis, back_pain, weakness_in_limbs, neck_pain, dizziness, loss_of_balance,,,,,,,,,,,,
Paralysis (brain hemorrhage), vomiting, headache, weakness_of_one_body_side, altered_sensorium,,,,,,,,,,,,,
Jaundice,itching, vomiting, fatigue, weight_loss, high_fever, yellowish_skin, dark_urine, abdominal_pain,,,,,,,,,
Malaria, chills, vomiting, high_fever, sweating, headache, nausea, diarrhoea, muscle_pain,,,,,,,,,
Chicken pox,itching, skin_rash, fatigue, lethargy, high_fever, headache, loss_of_appetite, mild_fever, swelled_lymph_nodes, malaise, red_spots_over_body,,,,,,
Dengue, skin_rash, chills, joint_pain, vomiting, fatigue, high_fever, headache, nausea, loss_of_appetite, pain_behind_the_eyes, back_pain, malaise, muscle_pain, red_spots_over_body,,,
Typhoid, chills, vomiting, fatigue, high_fever, headache, nausea, constipation, abdominal_pain, diarrhoea, toxic_look_(typhos), belly_pain,,,,,,
hepatitis A, joint_pain, vomiting, yellowish_skin, dark_urine, nausea, loss_of_appetite, abdominal_pain, diarrhoea, mild_fever, yellowing_of_eyes, muscle_pain,,,,,,
Hepatitis B,itching, fatigue, lethargy, yellowish_skin, dark_urine, loss_of_appetite, abdominal_pain, yellow_urine, yellowing_of_eyes, malaise, receiving_blood_transfusion, receiving_unsterile_injections,,,,,
Hepatitis C, fatigue, yellowish_skin, nausea, loss_of_appetite, yellowing_of_eyes, family_history,,,,,,,,,,,
Hepatitis D, joint_pain, vomiting, fatigue, yellowish_skin, dark_urine, nausea, loss_of_appetite, abdominal_pain, yellowing_of_eyes,,,,,,,,
Hepatitis E, joint_pain, vomiting, fatigue, high_fever, yellowish_skin, dark_urine, nausea, loss_of_appetite, abdominal_pain, yellowing_of_eyes, acute_liver_failure, coma, stomach_bleeding,,,,
Alcoholic hepatitis, vomiting, yellowish_skin, abdominal_pain, swelling_of_stomach, distention_of_abdomen, history_of_alcohol_consumption, fluid_overload,,,,,,,,,,
Tuberculosis, chills, vomiting, fatigue, weight_loss, cough, high_fever, breathlessness, sweating, loss_of_appetite, mild_fever, yellowing_of_eyes, swelled_lymph_nodes, malaise, phlegm, chest_pain, blood_in_sputum,
Common Cold, continuous_sneezing, chills, fatigue, cough, high_fever, headache, swelled_lymph_nodes, malaise, phlegm, throat_irritation, redness_of_eyes, sinus_pressure, runny_nose, congestion, chest_pain, loss_of_smell, muscle_pain
Pneumonia, chills, fatigue, cough, high_fever, breathlessness, sweating, malaise, phlegm, chest_pain, fast_heart_rate, rusty_sputum,,,,,,
Dimorphic hemmorhoids(piles), constipation, pain_during_bowel_movements, pain_in_anal_region, bloody_stool, irritation_in_anus,,,,,,,,,,,,
Heart attack, vomiting, breathlessness, sweating, chest_pain,,,,,,,,,,,,,
Varicose veins, fatigue, cramps, bruising, obesity, swollen_legs, swollen_blood_vessels, prominent_veins_on_calf,,,,,,,,,,
Hypothyroidism, fatigue, weight_gain, cold_hands_and_feets, mood_swings, lethargy, dizziness, puffy_face_and_eyes, enlarged_thyroid, brittle_nails, swollen_extremeties, depression, irritability, abnormal_menstruation,,,,
Hyperthyroidism, fatigue, mood_swings, weight_loss, restlessness, sweating, diarrhoea, fast_heart_rate, excessive_hunger, muscle_weakness, irritability, abnormal_menstruation,,,,,,
Hypoglycemia, vomiting, fatigue, anxiety, sweating, headache, nausea, blurred_and_distorted_vision, excessive_hunger, drying_and_tingling_lips, slurred_speech, irritability, palpitations,,,,,
Osteoarthristis, joint_pain, neck_pain, knee_pain, hip_joint_pain, swelling_joints, painful_walking,,,,,,,,,,,
Arthritis, muscle_weakness, stiff_neck, swelling_joints, movement_stiffness, painful_walking,,,,,,,,,,,,
(vertigo) Paroymsal  Positional Vertigo, vomiting, headache, nausea, spinning_movements, loss_of_balance, unsteadiness,,,,,,,,,,,
Acne, skin_rash, pus_filled_pimples, blackheads, scurring,,,,,,,,,,,,,
Urinary tract infection, burning_micturition, bladder_discomfort, foul_smell_of urine, continuous_feel_of_urine,,,,,,,,,,,,,
Psoriasis, skin_rash, joint_pain, skin_peeling, silver_like_dusting, small_dents_in_nails, inflammatory_nails,,,,,,,,,,,
Impetigo, skin_rash, high_fever, blister, red_sore_around_nose, yellow_crust_ooze,,,,,,,,,,,,
Fungal infection,itching, skin_rash, nodal_skin_eruptions, dischromic _patches,,,,,,,,,,,,,
Allergy, continuous_sneezing, shivering, chills, watering_from_eyes,,,,,,,,,,,,,
GERD, stomach_pain, acidity, ulcers_on_tongue, vomiting, cough, chest_pain,,,,,,,,,,,
Chronic cholestasis,itching, vomiting, yellowish_skin, nausea, loss_of_appetite, abdominal_pain, yellowing_of_eyes,,,,,,,,,,
Drug Reaction,itching, skin_rash, stomach_pain, burning_micturition, spotting_ urination,,,,,,,,,,,,
Peptic ulcer diseae, vomiting, indigestion, loss_of_appetite, abdominal_pain, passage_of_gases, internal_itching,,,,,,,,,,,
AIDS, muscle_wasting, patches_in_throat, high_fever, extra_marital_contacts,,,,,,,,,,,,,
Diabetes, fatigue, weight_loss, restlessness, lethargy, irregular_sugar_level, blurred_and_distorted_vision, obesity, excessive_hunger, increased_appetite, polyuria,,,,,,,
Gastroenteritis, vomiting, sunken_eyes, dehydration, diarrhoea,,,,,,,,,,,,,
Bronchial Asthma, fatigue, cough, high_fever, breathlessness, family_history, mucoid_sputum,,,,,,,,,,,
Hypertension, headache, chest_pain, dizziness, loss_of_balance, lack_of_concentration,,,,,,,,,,,,
Migraine, acidity, indigestion, headache, blurred_and_distorted_vision, excessive_hunger, stiff_neck, depression, irritability, visual_disturbances,,,,,,,,
Cervical spondylosis, back_pain, weakness_in_limbs, neck_pain, dizziness, loss_of_balance,,,,,,,,,,,,
Paralysis (brain hemorrhage), vomiting, headache, weakness_of_one_body_side, altered_sensorium,,,,,,,,,,,,,
Jaundice,itching, vomiting, fatigue, weight_loss, high_fever, yellowish_skin, dark_urine, abdominal_pain,,,,,,,,,
Malaria, chills, vomiting, high_fever, sweating, headache, nausea, diarrhoea, muscle_pain,,,,,,,,,
Chicken pox,itching, skin_rash, fatigue, lethargy, high_fever, headache, loss_of_appetite, mild_fever, swelled_lymph_nodes, malaise, red_spots_over_body,,,,,,
Dengue, skin_rash, chills, joint_pain, vomiting, fatigue, high_fever, headache, nausea, loss_of_appetite, pain_behind_the_eyes, back_pain, malaise, muscle_pain, red_spots_over_body,,,
Typhoid, chills, vomiting, fatigue, high_fever, headache, nausea, constipation, abdominal_pain, diarrhoea, toxic_look_(typhos), belly_pain,,,,,,
hepatitis A, joint_pain, vomiting, yellowish_skin, dark_urine, nausea, loss_of_appetite, abdominal_pain, diarrhoea, mild_fever, yellowing_of_eyes, muscle_pain,,,,,,
Hepatitis B,itching, fatigue, lethargy, yellowish_skin, dark_urine, loss_of_appetite, abdominal_pain, yellow_urine, yellowing_of_eyes, malaise, receiving_blood_transfusion, receiving_unsterile_injections,,,,,
Hepatitis C, fatigue, yellowish_skin, nausea, loss_of_appetite, yellowing_of_eyes, family_history,,,,,,,,,,,
Hepatitis D, joint_pain, vomiting, fatigue, yellowish_skin, dark_urine, nausea, loss_of_appetite, abdominal_pain, yellowing_of_eyes,,,,,,,,
Hepatitis E, joint_pain, vomiting, fatigue, high_fever, yellowish_skin, dark_urine, nausea, loss_of_appetite, abdominal_pain, yellowing_of_eyes, acute_liver_failure, coma, stomach_bleeding,,,,
Alcoholic hepatitis, vomiting, yellowish_skin, abdominal_pain, swelling_of_stomach, distention_of_abdomen, history_of_alcohol_consumption, fluid_overload,,,,,,,,,,
Tuberculosis, chills, vomiting, fatigue, weight_loss, cough, high_fever, breathlessness, sweating, loss_of_appetite, mild_fever, yellowing_of_eyes, swelled_lymph_nodes, malaise, phlegm, chest_pain, blood_in_sputum,
Common Cold, continuous_sneezing, chills, fatigue, cough, high_fever, headache, swelled_lymph_nodes, malaise, phlegm, throat_irritation, redness_of_eyes, sinus_pressure, runny_nose, congestion, chest_pain, loss_of_smell, muscle_pain
Pneumonia, chills, fatigue, cough, high_fever, breathlessness, sweating, malaise, phlegm, chest_pain, fast_heart_rate, rusty_sputum,,,,,,
Dimorphic hemmorhoids(piles), constipation, pain_during_bowel_movements, pain_in_anal_region, bloody_stool, irritation_in_anus,,,,,,,,,,,,
Heart attack, vomiting, breathlessness, sweating, chest_pain,,,,,,,,,,,,,
Varicose veins, fatigue, cramps, bruising, obesity, swollen_legs, swollen_blood_vessels, prominent_veins_on_calf,,,,,,,,,,
Hypothyroidism, fatigue, weight_gain, cold_hands_and_feets, mood_swings, lethargy, dizziness, puffy_face_and_eyes, enlarged_thyroid, brittle_nails, swollen_extremeties, depression, irritability, abnormal_menstruation,,,,
Hyperthyroidism, fatigue, mood_swings, weight_loss, restlessness, sweating, diarrhoea, fast_heart_rate, excessive_hunger, muscle_weakness, irritability, abnormal_menstruation,,,,,,
Hypoglycemia, vomiting, fatigue, anxiety, sweating, headache, nausea, blurred_and_distorted_vision, excessive_hunger, drying_and_tingling_lips, slurred_speech, irritability, palpitations,,,,,
Osteoarthristis, joint_pain, neck_pain, knee_pain, hip_joint_pain, swelling_joints, painful_walking,,,,,,,,,,,
Arthritis, muscle_weakness, stiff_neck, swelling_joints, movement_stiffness, painful_walking,,,,,,,,,,,,
(vertigo) Paroymsal  Positional Vertigo, vomiting, headache, nausea, spinning_movements, loss_of_balance, unsteadiness,,,,,,,,,,,
Acne, skin_rash, pus_filled_pimples, blackheads, scurring,,,,,,,,,,,,,
Urinary tract infection, burning_micturition, bladder_discomfort, foul_smell_of urine, continuous_feel_of_urine,,,,,,,,,,,,,
Psoriasis, skin_rash, joint_pain, skin_peeling, silver_like_dusting, small_dents_in_nails, inflammatory_nails,,,,,,,,,,,
Impetigo, skin_rash, high_fever, blister, red_sore_around_nose, yellow_crust_ooze,,,,,,,,,,,,
Fungal infection,itching, skin_rash, nodal_skin_eruptions, dischromic _patches,,,,,,,,,,,,,
Allergy, continuous_sneezing, shivering, chills, watering_from_eyes,,,,,,,,,,,,,
GERD, stomach_pain, acidity, ulcers_on_tongue, vomiting, cough, chest_pain,,,,,,,,,,,
Chronic cholestasis,itching, vomiting, yellowish_skin, nausea, loss_of_appetite, abdominal_pain, yellowing_of_eyes,,,,,,,,,,
Drug Reaction,itching, skin_rash, stomach_pain, burning_micturition, spotting_ urination,,,,,,,,,,,,
Peptic ulcer diseae, vomiting, indigestion, loss_of_appetite, abdominal_pain, passage_of_gases, internal_itching,,,,,,,,,,,
AIDS, muscle_wasting, patches_in_throat, high_fever, extra_marital_contacts,,,,,,,,,,,,,
Diabetes, fatigue, weight_loss, restlessness, lethargy, irregular_sugar_level, blurred_and_distorted_vision, obesity, excessive_hunger, increased_appetite, polyuria,,,,,,,
Gastroenteritis, vomiting, sunken_eyes, dehydration, diarrhoea,,,,,,,,,,,,,
Bronchial Asthma, fatigue, cough, high_fever, breathlessness, family_history, mucoid_sputum,,,,,,,,,,,
Hypertension, headache, chest_pain, dizziness, loss_of_balance, lack_of_concentration,,,,,,,,,,,,
Migraine, acidity, indigestion, headache, blurred_and_distorted_vision, excessive_hunger, stiff_neck, depression, irritability, visual_disturbances,,,,,,,,
Cervical spondylosis, back_pain, weakness_in_limbs, neck_pain, dizziness, loss_of_balance,,,,,,,,,,,,
Paralysis (brain hemorrhage), vomiting, headache, weakness_of_one_body_side, altered_sensorium,,,,,,,,,,,,,
Jaundice,itching, vomiting, fatigue, weight_loss, high_fever, yellowish_skin, dark_urine, abdominal_pain,,,,,,,,,
Malaria, chills, vomiting, high_fever, sweating, headache, nausea, diarrhoea, muscle_pain,,,,,,,,,
Chicken pox,itching, skin_rash, fatigue, lethargy, high_fever, headache, loss_of_appetite, mild_fever, swelled_lymph_nodes, malaise, red_spots_over_body,,,,,,
Dengue, skin_rash, chills, joint_pain, vomiting, fatigue, high_fever, headache, nausea, loss_of_appetite, pain_behind_the_eyes, back_pain, malaise, muscle_pain, red_spots_over_body,,,
Typhoid, chills, vomiting, fatigue, high_fever, headache, nausea, constipation, abdominal_pain, diarrhoea, toxic_look_(typhos), belly_pain,,,,,,
hepatitis A, joint_pain, vomiting, yellowish_skin, dark_urine, nausea, loss_of_appetite, abdominal_pain, diarrhoea, mild_fever, yellowing_of_eyes, muscle_pain,,,,,,
Hepatitis B,itching, fatigue, lethargy, yellowish_skin, dark_urine, loss_of_appetite, abdominal_pain, yellow_urine, yellowing_of_eyes, malaise, receiving_blood_transfusion, receiving_unsterile_injections,,,,,
Hepatitis C, fatigue, yellowish_skin, nausea, loss_of_appetite, yellowing_of_eyes, family_history,,,,,,,,,,,
Hepatitis D, joint_pain, vomiting, fatigue, yellowish_skin, dark_urine, nausea, loss_of_appetite, abdominal_pain, yellowing_of_eyes,,,,,,,,
Hepatitis E, joint_pain, vomiting, fatigue, high_fever, yellowish_skin, dark_urine, nausea, loss_of_appetite, abdominal_pain, yellowing_of_eyes, acute_liver_failure, coma, stomach_bleeding,,,,
Alcoholic hepatitis, vomiting, yellowish_skin, abdominal_pain, swelling_of_stomach, distention_of_abdomen, history_of_alcohol_consumption, fluid_overload,,,,,,,,,,
Tuberculosis, chills, vomiting, fatigue, weight_loss, cough, high_fever, breathlessness, sweating, loss_of_appetite, mild_fever, yellowing_of_eyes, swelled_lymph_nodes, malaise, phlegm, chest_pain, blood_in_sputum,
Common Cold, continuous_sneezing, chills, fatigue, cough, high_fever, headache, swelled_lymph_nodes, malaise, phlegm, throat_irritation, redness_of_eyes, sinus_pressure, runny_nose, congestion, chest_pain, loss_of_smell, muscle_pain
Pneumonia, chills, fatigue, cough, high_fever, breathlessness, sweating, malaise, phlegm, chest_pain, fast_heart_rate, rusty_sputum,,,,,,
Dimorphic hemmorhoids(piles), constipation, pain_during_bowel_movements, pain_in_anal_region, bloody_stool, irritation_in_anus,,,,,,,,,,,,
Heart attack, vomiting, breathlessness, sweating, chest_pain,,,,,,,,,,,,,
Varicose veins, fatigue, cramps, bruising, obesity, swollen_legs, swollen_blood_vessels, prominent_veins_on_calf,,,,,,,,,,
Hypothyroidism, fatigue, weight_gain, cold_hands_and_feets, mood_swings, lethargy, dizziness, puffy_face_and_eyes, enlarged_thyroid, brittle_nails, swollen_extremeties, depression, irritability, abnormal_menstruation,,,,
Hyperthyroidism, fatigue, mood_swings, weight_loss, restlessness, sweating, diarrhoea, fast_heart_rate, excessive_hunger, muscle_weakness, irritability, abnormal_menstruation,,,,,,
Hypoglycemia, vomiting, fatigue, anxiety, sweating, headache, nausea, blurred_and_distorted_vision, excessive_hunger, drying_and_tingling_lips, slurred_speech, irritability, palpitations,,,,,
Osteoarthristis, joint_pain, neck_pain, knee_pain, hip_joint_pain, swelling_joints, painful_walking,,,,,,,,,,,
Arthritis, muscle_weakness, stiff_neck, swelling_joints, movement_stiffness, painful_walking,,,,,,,,,,,,
(vertigo) Paroymsal  Positional Vertigo, vomiting, headache, nausea, spinning_movements, loss_of_balance, unsteadiness,,,,,,,,,,,
Acne, skin_rash, pus_filled_pimples, blackheads, scurring,,,,,,,,,,,,,
Urinary tract infection, burning_micturition, bladder_discomfort, foul_smell_of urine, continuous_feel_of_urine,,,,,,,,,,,,,
Psoriasis, skin_rash, joint_pain, skin_peeling, silver_like_dusting, small_dents_in_nails, inflammatory_nails,,,,,,,,,,,
Impetigo, skin_rash, high_fever, blister, red_sore_around_nose, yellow_crust_ooze,,,,,,,,,,,,
Fungal infection,itching, skin_rash, nodal_skin_eruptions, dischromic _patches,,,,,,,,,,,,,
Allergy, continuous_sneezing, shivering, chills, watering_from_eyes,,,,,,,,,,,,,
GERD, stomach_pain, acidity, ulcers_on_tongue, vomiting, cough, chest_pain,,,,,,,,,,,
Chronic cholestasis,itching, vomiting, yellowish_skin, nausea, loss_of_appetite, abdominal_pain, yellowing_of_eyes,,,,,,,,,,
Drug Reaction,itching, skin_rash, stomach_pain, burning_micturition, spotting_ urination,,,,,,,,,,,,
Peptic ulcer diseae, vomiting, indigestion, loss_of_appetite, abdominal_pain, passage_of_gases, internal_itching,,,,,,,,,,,
AIDS, muscle_wasting, patches_in_throat, high_fever, extra_marital_contacts,,,,,,,,,,,,,
Diabetes, fatigue, weight_loss, restlessness, lethargy, irregular_sugar_level, blurred_and_distorted_vision, obesity, excessive_hunger, increased_appetite, polyuria,,,,,,,
Gastroenteritis, vomiting, sunken_eyes, dehydration, diarrhoea,,,,,,,,,,,,,
Bronchial Asthma, fatigue, cough, high_fever, breathlessness, family_history, mucoid_sputum,,,,,,,,,,,
Hypertension, headache, chest_pain, dizziness, loss_of_balance, lack_of_concentration,,,,,,,,,,,,
Migraine, acidity, indigestion, headache, blurred_and_distorted_vision, excessive_hunger, stiff_neck, depression, irritability, visual_disturbances,,,,,,,,
Cervical spondylosis, back_pain, weakness_in_limbs, neck_pain, dizziness, loss_of_balance,,,,,,,,,,,,
Paralysis (brain hemorrhage), vomiting, headache, weakness_of_one_body_side, altered_sensorium,,,,,,,,,,,,,
Jaundice,itching, vomiting, fatigue, weight_loss, high_fever, yellowish_skin, dark_urine, abdominal_pain,,,,,,,,,
Malaria, chills, vomiting, high_fever, sweating, headache, nausea, diarrhoea, muscle_pain,,,,,,,,,
Chicken pox,itching, skin_rash, fatigue, lethargy, high_fever, headache, loss_of_appetite, mild_fever, swelled_lymph_nodes, malaise, red_spots_over_body,,,,,,
Dengue, skin_rash, chills, joint_pain, vomiting, fatigue, high_fever, headache, nausea, loss_of_appetite, pain_behind_the_eyes, back_pain, malaise, muscle_pain, red_spots_over_body,,,
Typhoid, chills, vomiting, fatigue, high_fever, headache, nausea, constipation, abdominal_pain, diarrhoea, toxic_look_(typhos), belly_pain,,,,,,
hepatitis A, joint_pain, vomiting, yellowish_skin, dark_urine, nausea, loss_of_appetite, abdominal_pain, diarrhoea, mild_fever, yellowing_of_eyes, muscle_pain,,,,,,
Hepatitis B,itching, fatigue, lethargy, yellowish_skin, dark_urine, loss_of_appetite, abdominal_pain, yellow_urine, yellowing_of_eyes, malaise, receiving_blood_transfusion, receiving_unsterile_injections,,,,,
Hepatitis C, fatigue, yellowish_skin, nausea, loss_of_appetite, yellowing_of_eyes, family_history,,,,,,,,,,,
Hepatitis D, joint_pain, vomiting, fatigue, yellowish_skin, dark_urine, nausea, loss_of_appetite, abdominal_pain, yellowing_of_eyes,,,,,,,,
Hepatitis E, joint_pain, vomiting, fatigue, high_fever, yellowish_skin, dark_urine, nausea, loss_of_appetite, abdominal_pain, yellowing_of_eyes, acute_liver_failure, coma, stomach_bleeding,,,,
Alcoholic hepatitis, vomiting, yellowish_skin, abdominal_pain, swelling_of_stomach, distention_of_abdomen, history_of_alcohol_consumption, fluid_overload,,,,,,,,,,
Tuberculosis, chills, vomiting, fatigue, weight_loss, cough, high_fever, breathlessness, sweating, loss_of_appetite, mild_fever, yellowing_of_eyes, swelled_lymph_nodes, malaise, phlegm, chest_pain, blood_in_sputum,
Common Cold, continuous_sneezing, chills, fatigue, cough, high_fever, headache, swelled_lymph_nodes, malaise, phlegm, throat_irritation, redness_of_eyes, sinus_pressure, runny_nose, congestion, chest_pain, loss_of_smell, muscle_pain
Pneumonia, chills, fatigue, cough, high_fever, breathlessness, sweating, malaise, phlegm, chest_pain, fast_heart_rate, rusty_sputum,,,,,,
Dimorphic hemmorhoids(piles), constipation, pain_during_bowel_movements, pain_in_anal_region, bloody_stool, irritation_in_anus,,,,,,,,,,,,
Heart attack, vomiting, breathlessness, sweating, chest_pain,,,,,,,,,,,,,
Varicose veins, fatigue, cramps, bruising, obesity, swollen_legs, swollen_blood_vessels, prominent_veins_on_calf,,,,,,,,,,
Hypothyroidism, fatigue, weight_gain, cold_hands_and_feets, mood_swings, lethargy, dizziness, puffy_face_and_eyes, enlarged_thyroid, brittle_nails, swollen_extremeties, depression, irritability, abnormal_menstruation,,,,
Hyperthyroidism, fatigue, mood_swings, weight_loss, restlessness, sweating, diarrhoea, fast_heart_rate, excessive_hunger, muscle_weakness, irritability, abnormal_menstruation,,,,,,
Hypoglycemia, vomiting, fatigue, anxiety, sweating, headache, nausea, blurred_and_distorted_vision, excessive_hunger, drying_and_tingling_lips, slurred_speech, irritability, palpitations,,,,,
Osteoarthristis, joint_pain, neck_pain, knee_pain, hip_joint_pain, swelling_joints, painful_walking,,,,,,,,,,,
Arthritis, muscle_weakness, stiff_neck, swelling_joints, movement_stiffness, painful_walking,,,,,,,,,,,,
(vertigo) Paroymsal  Positional Vertigo, vomiting, headache, nausea, spinning_movements, loss_of_balance, unsteadiness,,,,,,,,,,,
Acne, skin_rash, pus_filled_pimples, blackheads, scurring,,,,,,,,,,,,,
Urinary tract infection, burning_micturition, bladder_discomfort, foul_smell_of urine, continuous_feel_of_urine,,,,,,,,,,,,,
Psoriasis, skin_rash, joint_pain, skin_peeling, silver_like_dusting, small_dents_in_nails, inflammatory_nails,,,,,,,,,,,
Impetigo, skin_rash, high_fever, blister, red_sore_around_nose, yellow_crust_ooze,,,,,,,,,,,,
Fungal infection,itching, skin_rash, nodal_skin_eruptions, dischromic _patches,,,,,,,,,,,,,
Allergy, continuous_sneezing, shivering, chills, watering_from_eyes,,,,,,,,,,,,,
GERD, stomach_pain, acidity, ulcers_on_tongue, vomiting, cough, chest_pain,,,,,,,,,,,
Chronic cholestasis,itching, vomiting, yellowish_skin, nausea, loss_of_appetite, abdominal_pain, yellowing_of_eyes,,,,,,,,,,
Drug Reaction,itching, skin_rash, stomach_pain, burning_micturition, spotting_ urination,,,,,,,,,,,,
Peptic ulcer diseae, vomiting, indigestion, loss_of_appetite, abdominal_pain, passage_of_gases, internal_itching,,,,,,,,,,,
AIDS, muscle_wasting, patches_in_throat, high_fever, extra_marital_contacts,,,,,,,,,,,,,
Diabetes, fatigue, weight_loss, restlessness, lethargy, irregular_sugar_level, blurred_and_distorted_vision, obesity, excessive_hunger, increased_appetite, polyuria,,,,,,,
Gastroenteritis, vomiting, sunken_eyes, dehydration, diarrhoea,,,,,,,,,,,,,
Bronchial Asthma, fatigue, cough, high_fever, breathlessness, family_history, mucoid_sputum,,,,,,,,,,,
Hypertension, headache, chest_pain, dizziness, loss_of_balance, lack_of_concentration,,,,,,,,,,,,
Migraine, acidity, indigestion, headache, blurred_and_distorted_vision, excessive_hunger, stiff_neck, depression, irritability, visual_disturbances,,,,,,,,
Cervical spondylosis, back_pain, weakness_in_limbs, neck_pain, dizziness, loss_of_balance,,,,,,,,,,,,
Paralysis (brain hemorrhage), vomiting, headache, weakness_of_one_body_side, altered_sensorium,,,,,,,,,,,,,
Jaundice,itching, vomiting, fatigue, weight_loss, high_fever, yellowish_skin, dark_urine, abdominal_pain,,,,,,,,,
Malaria, chills, vomiting, high_fever, sweating, headache, nausea, diarrhoea, muscle_pain,,,,,,,,,
Chicken pox,itching, skin_rash, fatigue, lethargy, high_fever, headache, loss_of_appetite, mild_fever, swelled_lymph_nodes, malaise, red_spots_over_body,,,,,,
Dengue, skin_rash, chills, joint_pain, vomiting, fatigue, high_fever, headache, nausea, loss_of_appetite, pain_behind_the_eyes, back_pain, malaise, muscle_pain, red_spots_over_body,,,
Typhoid, chills, vomiting, fatigue, high_fever, headache, nausea, constipation, abdominal_pain, diarrhoea, toxic_look_(typhos), belly_pain,,,,,,
hepatitis A, joint_pain, vomiting, yellowish_skin, dark_urine, nausea, loss_of_appetite, abdominal_pain, diarrhoea, mild_fever, yellowing_of_eyes, muscle_pain,,,,,,
Hepatitis B,itching, fatigue, lethargy, yellowish_skin, dark_urine, loss_of_appetite, abdominal_pain, yellow_urine, yellowing_of_eyes, malaise, receiving_blood_transfusion, receiving_unsterile_injections,,,,,
Hepatitis C, fatigue, yellowish_skin, nausea, loss_of_appetite, yellowing_of_eyes, family_history,,,,,,,,,,,
Hepatitis D, joint_pain, vomiting, fatigue, yellowish_skin, dark_urine, nausea, loss_of_appetite, abdominal_pain, yellowing_of_eyes,,,,,,,,
Hepatitis E, joint_pain, vomiting, fatigue, high_fever, yellowish_skin, dark_urine, nausea, loss_of_appetite, abdominal_pain, yellowing_of_eyes, acute_liver_failure, coma, stomach_bleeding,,,,
Alcoholic hepatitis, vomiting, yellowish_skin, abdominal_pain, swelling_of_stomach, distention_of_abdomen, history_of_alcohol_consumption, fluid_overload,,,,,,,,,,
Tuberculosis, chills, vomiting, fatigue, weight_loss, cough, high_fever, breathlessness, sweating, loss_of_appetite, mild_fever, yellowing_of_eyes, swelled_lymph_nodes, malaise, phlegm, chest_pain, blood_in_sputum,
Common Cold, continuous_sneezing, chills, fatigue, cough, high_fever, headache, swelled_lymph_nodes, malaise, phlegm, throat_irritation, redness_of_eyes, sinus_pressure, runny_nose, congestion, chest_pain, loss_of_smell, muscle_pain
Pneumonia, chills, fatigue, cough, high_fever, breathlessness, sweating, malaise, phlegm, chest_pain, fast_heart_rate, rusty_sputum,,,,,,
Dimorphic hemmorhoids(piles), constipation, pain_during_bowel_movements, pain_in_anal_region, bloody_stool, irritation_in_anus,,,,,,,,,,,,
Heart attack, vomiting, breathlessness, sweating, chest_pain,,,,,,,,,,,,,
Varicose veins, fatigue, cramps, bruising, obesity, swollen_legs, swollen_blood_vessels, prominent_veins_on_calf,,,,,,,,,,
Hypothyroidism, fatigue, weight_gain, cold_hands_and_feets, mood_swings, lethargy, dizziness, puffy_face_and_eyes, enlarged_thyroid, brittle_nails, swollen_extremeties, depression, irritability, abnormal_menstruation,,,,
Hyperthyroidism, fatigue, mood_swings, weight_loss, restlessness, sweating, diarrhoea, fast_heart_rate, excessive_hunger, muscle_weakness, irritability, abnormal_menstruation,,,,,,
Hypoglycemia, vomiting, fatigue, anxiety, sweating, headache, nausea, blurred_and_distorted_vision, excessive_hunger, drying_and_tingling_lips, slurred_speech, irritability, palpitations,,,,,
Osteoarthristis, joint_pain, neck_pain, knee_pain, hip_joint_pain, swelling_joints, painful_walking,,,,,,,,,,,
Arthritis, muscle_weakness, stiff_neck, swelling_joints, movement_stiffness, painful_walking,,,,,,,,,,,,
(vertigo) Paroymsal  Positional Vertigo, vomiting, headache, nausea, spinning_movements, loss_of_balance, unsteadiness,,,,,,,,,,,
Acne, skin_rash, pus_filled_pimples, blackheads, scurring,,,,,,,,,,,,,
Urinary tract infection, burning_micturition, bladder_discomfort, foul_smell_of urine, continuous_feel_of_urine,,,,,,,,,,,,,
Psoriasis, skin_rash, joint_pain, skin_peeling, silver_like_dusting, small_dents_in_nails, inflammatory_nails,,,,,,,,,,,
Impetigo, skin_rash, high_fever, blister, red_sore_around_nose, yellow_crust_ooze,,,,,,,,,,,,
Fungal infection,itching, skin_rash, nodal_skin_eruptions, dischromic _patches,,,,,,,,,,,,,
Allergy, continuous_sneezing, shivering, chills, watering_from_eyes,,,,,,,,,,,,,
GERD, stomach_pain, acidity, ulcers_on_tongue, vomiting, cough, chest_pain,,,,,,,,,,,
Chronic cholestasis,itching, vomiting, yellowish_skin, nausea, loss_of_appetite, abdominal_pain, yellowing_of_eyes,,,,,,,,,,
Drug Reaction,itching, skin_rash, stomach_pain, burning_micturition, spotting_ urination,,,,,,,,,,,,
Peptic ulcer diseae, vomiting, indigestion, loss_of_appetite, abdominal_pain, passage_of_gases, internal_itching,,,,,,,,,,,
AIDS, muscle_wasting, patches_in_throat, high_fever, extra_marital_contacts,,,,,,,,,,,,,
Diabetes, fatigue, weight_loss, restlessness, lethargy, irregular_sugar_level, blurred_and_distorted_vision, obesity, excessive_hunger, increased_appetite, polyuria,,,,,,,
Gastroenteritis, vomiting, sunken_eyes, dehydration, diarrhoea,,,,,,,,,,,,,
Bronchial Asthma, fatigue, cough, high_fever, breathlessness, family_history, mucoid_sputum,,,,,,,,,,,
Hypertension, headache, chest_pain, dizziness, loss_of_balance, lack_of_concentration,,,,,,,,,,,,
Migraine, acidity, indigestion, headache, blurred_and_distorted_vision, excessive_hunger, stiff_neck, depression, irritability, visual_disturbances,,,,,,,,
Cervical spondylosis, back_pain, weakness_in_limbs, neck_pain, dizziness, loss_of_balance,,,,,,,,,,,,
Paralysis (brain hemorrhage), vomiting, headache, weakness_of_one_body_side, altered_sensorium,,,,,,,,,,,,,
Jaundice,itching, vomiting, fatigue, weight_loss, high_fever, yellowish_skin, dark_urine, abdominal_pain,,,,,,,,,
Malaria, chills, vomiting, high_fever, sweating, headache, nausea, diarrhoea, muscle_pain,,,,,,,,,
Chicken pox,itching, skin_rash, fatigue, lethargy, high_fever, headache, loss_of_appetite, mild_fever, swelled_lymph_nodes, malaise, red_spots_over_body,,,,,,
Dengue, skin_rash, chills, joint_pain, vomiting, fatigue, high_fever, headache, nausea, loss_of_appetite, pain_behind_the_eyes, back_pain, malaise, muscle_pain, red_spots_over_body,,,
Typhoid, chills, vomiting, fatigue, high_fever, headache, nausea, constipation, abdominal_pain, diarrhoea, toxic_look_(typhos), belly_pain,,,,,,
hepatitis A, joint_pain, vomiting, yellowish_skin, dark_urine, nausea, loss_of_appetite, abdominal_pain, diarrhoea, mild_fever, yellowing_of_eyes, muscle_pain,,,,,,
Hepatitis B,itching, fatigue, lethargy, yellowish_skin, dark_urine, loss_of_appetite, abdominal_pain, yellow_urine, yellowing_of_eyes, malaise, receiving_blood_transfusion, receiving_unsterile_injections,,,,,
Hepatitis C, fatigue, yellowish_skin, nausea, loss_of_appetite, yellowing_of_eyes, family_history,,,,,,,,,,,
Hepatitis D, joint_pain, vomiting, fatigue, yellowish_skin, dark_urine, nausea, loss_of_appetite, abdominal_pain, yellowing_of_eyes,,,,,,,,
Hepatitis E, joint_pain, vomiting, fatigue, high_fever, yellowish_skin, dark_urine, nausea, loss_of_appetite, abdominal_pain, yellowing_of_eyes, acute_liver_failure, coma, stomach_bleeding,,,,
Alcoholic hepatitis, vomiting, yellowish_skin, abdominal_pain, swelling_of_stomach, distention_of_abdomen, history_of_alcohol_consumption, fluid_overload,,,,,,,,,,
Tuberculosis, chills, vomiting, fatigue, weight_loss, cough, high_fever, breathlessness, sweating, loss_of_appetite, mild_fever, yellowing_of_eyes, swelled_lymph_nodes, malaise, phlegm, chest_pain, blood_in_sputum,
Common Cold, continuous_sneezing, chills, fatigue, cough, high_fever, headache, swelled_lymph_nodes, malaise, phlegm, throat_irritation, redness_of_eyes, sinus_pressure, runny_nose, congestion, chest_pain, loss_of_smell, muscle_pain
Pneumonia, chills, fatigue, cough, high_fever, breathlessness, sweating, malaise, phlegm, chest_pain, fast_heart_rate, rusty_sputum,,,,,,
Dimorphic hemmorhoids(piles), constipation, pain_during_bowel_movements, pain_in_anal_region, bloody_stool, irritation_in_anus,,,,,,,,,,,,
Heart attack, vomiting, breathlessness, sweating, chest_pain,,,,,,,,,,,,,
Varicose veins, fatigue, cramps, bruising, obesity, swollen_legs, swollen_blood_vessels, prominent_veins_on_calf,,,,,,,,,,
Hypothyroidism, fatigue, weight_gain, cold_hands_and_feets, mood_swings, lethargy, dizziness, puffy_face_and_eyes, enlarged_thyroid, brittle_nails, swollen_extremeties, depression, irritability, abnormal_menstruation,,,,
Hyperthyroidism, fatigue, mood_swings, weight_loss, restlessness, sweating, diarrhoea, fast_heart_rate, excessive_hunger, muscle_weakness, irritability, abnormal_menstruation,,,,,,
Hypoglycemia, vomiting, fatigue, anxiety, sweating, headache, nausea, blurred_and_distorted_vision, excessive_hunger, drying_and_tingling_lips, slurred_speech, irritability, palpitations,,,,,
Osteoarthristis, joint_pain, neck_pain, knee_pain, hip_joint_pain, swelling_joints, painful_walking,,,,,,,,,,,
Arthritis, muscle_weakness, stiff_neck, swelling_joints, movement_stiffness, painful_walking,,,,,,,,,,,,
(vertigo) Paroymsal  Positional Vertigo, vomiting, headache, nausea, spinning_movements, loss_of_balance, unsteadiness,,,,,,,,,,,
Acne, skin_rash, pus_filled_pimples, blackheads, scurring,,,,,,,,,,,,,
Urinary tract infection, burning_micturition, bladder_discomfort, foul_smell_of urine, continuous_feel_of_urine,,,,,,,,,,,,,
Psoriasis, skin_rash, joint_pain, skin_peeling, silver_like_dusting, small_dents_in_nails, inflammatory_nails,,,,,,,,,,,
Impetigo, skin_rash, high_fever, blister, red_sore_around_nose, yellow_crust_ooze,,,,,,,,,,,,
Fungal infection,itching, skin_rash, nodal_skin_eruptions, dischromic _patches,,,,,,,,,,,,,
Allergy, continuous_sneezing, shivering, chills, watering_from_eyes,,,,,,,,,,,,,
GERD, stomach_pain, acidity, ulcers_on_tongue, vomiting, cough, chest_pain,,,,,,,,,,,
Chronic cholestasis,itching, vomiting, yellowish_skin, nausea, loss_of_appetite, abdominal_pain, yellowing_of_eyes,,,,,,,,,,
Drug Reaction,itching, skin_rash, stomach_pain, burning_micturition, spotting_ urination,,,,,,,,,,,,
Peptic ulcer diseae, vomiting, indigestion, loss_of_appetite, abdominal_pain, passage_of_gases, internal_itching,,,,,,,,,,,
AIDS, muscle_wasting, patches_in_throat, high_fever, extra_marital_contacts,,,,,,,,,,,,,
Diabetes, fatigue, weight_loss, restlessness, lethargy, irregular_sugar_level, blurred_and_distorted_vision, obesity, excessive_hunger, increased_appetite, polyuria,,,,,,,
Gastroenteritis, vomiting, sunken_eyes, dehydration, diarrhoea,,,,,,,,,,,,,
Bronchial Asthma, fatigue, cough, high_fever, breathlessness, family_history, mucoid_sputum,,,,,,,,,,,
Hypertension, headache, chest_pain, dizziness, loss_of_balance, lack_of_concentration,,,,,,,,,,,,
Migraine, acidity, indigestion, headache, blurred_and_distorted_vision, excessive_hunger, stiff_neck, depression, irritability, visual_disturbances,,,,,,,,
Cervical spondylosis, back_pain, weakness_in_limbs, neck_pain, dizziness, loss_of_balance,,,,,,,,,,,,
Paralysis (brain hemorrhage), vomiting, headache, weakness_of_one_body_side, altered_sensorium,,,,,,,,,,,,,
Jaundice,itching, vomiting, fatigue, weight_loss, high_fever, yellowish_skin, dark_urine, abdominal_pain,,,,,,,,,
Malaria, chills, vomiting, high_fever, sweating, headache, nausea, diarrhoea, muscle_pain,,,,,,,,,
Chicken pox,itching, skin_rash, fatigue, lethargy, high_fever, headache, loss_of_appetite, mild_fever, swelled_lymph_nodes, malaise, red_spots_over_body,,,,,,
Dengue, skin_rash, chills, joint_pain, vomiting, fatigue, high_fever, headache, nausea, loss_of_appetite, pain_behind_the_eyes, back_pain, malaise, muscle_pain, red_spots_over_body,,,
Typhoid, chills, vomiting, fatigue, high_fever, headache, nausea, constipation, abdominal_pain, diarrhoea, toxic_look_(typhos), belly_pain,,,,,,
hepatitis A, joint_pain, vomiting, yellowish_skin, dark_urine, nausea, loss_of_appetite, abdominal_pain, diarrhoea, mild_fever, yellowing_of_eyes, muscle_pain,,,,,,
Hepatitis B,itching, fatigue, lethargy, yellowish_skin, dark_urine, loss_of_appetite, abdominal_pain, yellow_urine, yellowing_of_eyes, malaise, receiving_blood_transfusion, receiving_unsterile_injections,,,,,
Hepatitis C, fatigue, yellowish_skin, nausea, loss_of_appetite, yellowing_of_eyes, family_history,,,,,,,,,,,
Hepatitis D, joint_pain, vomiting, fatigue, yellowish_skin, dark_urine, nausea, loss_of_appetite, abdominal_pain, yellowing_of_eyes,,,,,,,,
Hepatitis E, joint_pain, vomiting, fatigue, high_fever, yellowish_skin, dark_urine, nausea, loss_of_appetite, abdominal_pain, yellowing_of_eyes, acute_liver_failure, coma, stomach_bleeding,,,,
Alcoholic hepatitis, vomiting, yellowish_skin, abdominal_pain, swelling_of_stomach, distention_of_abdomen, history_of_alcohol_consumption, fluid_overload,,,,,,,,,,
Tuberculosis, chills, vomiting, fatigue, weight_loss, cough, high_fever, breathlessness, sweating, loss_of_appetite, mild_fever, yellowing_of_eyes, swelled_lymph_nodes, malaise, phlegm, chest_pain, blood_in_sputum,
Common Cold, continuous_sneezing, chills, fatigue, cough, high_fever, headache, swelled_lymph_nodes, malaise, phlegm, throat_irritation, redness_of_eyes, sinus_pressure, runny_nose, congestion, chest_pain, loss_of_smell, muscle_pain
Pneumonia, chills, fatigue, cough, high_fever, breathlessness, sweating, malaise, phlegm, chest_pain, fast_heart_rate, rusty_sputum,,,,,,
Dimorphic hemmorhoids(piles), constipation, pain_during_bowel_movements, pain_in_anal_region, bloody_stool, irritation_in_anus,,,,,,,,,,,,
Heart attack, vomiting, breathlessness, sweating, chest_pain,,,,,,,,,,,,,
Varicose veins, fatigue, cramps, bruising, obesity, swollen_legs, swollen_blood_vessels, prominent_veins_on_calf,,,,,,,,,,
Hypothyroidism, fatigue, weight_gain, cold_hands_and_feets, mood_swings, lethargy, dizziness, puffy_face_and_eyes, enlarged_thyroid, brittle_nails, swollen_extremeties, depression, irritability, abnormal_menstruation,,,,
Hyperthyroidism, fatigue, mood_swings, weight_loss, restlessness, sweating, diarrhoea, fast_heart_rate, excessive_hunger, muscle_weakness, irritability, abnormal_menstruation,,,,,,
Hypoglycemia, vomiting, fatigue, anxiety, sweating, headache, nausea, blurred_and_distorted_vision, excessive_hunger, drying_and_tingling_lips, slurred_speech, irritability, palpitations,,,,,
Osteoarthristis, joint_pain, neck_pain, knee_pain, hip_joint_pain, swelling_joints, painful_walking,,,,,,,,,,,
Arthritis, muscle_weakness, stiff_neck, swelling_joints, movement_stiffness, painful_walking,,,,,,,,,,,,
(vertigo) Paroymsal  Positional Vertigo, vomiting, headache, nausea, spinning_movements, loss_of_balance, unsteadiness,,,,,,,,,,,
Acne, skin_rash, pus_filled_pimples, blackheads, scurring,,,,,,,,,,,,,
Urinary tract infection, burning_micturition, bladder_discomfort, foul_smell_of urine, continuous_feel_of_urine,,,,,,,,,,,,,
Psoriasis, skin_rash, joint_pain, skin_peeling, silver_like_dusting, small_dents_in_nails, inflammatory_nails,,,,,,,,,,,
Impetigo, skin_rash, high_fever, blister, red_sore_around_nose, yellow_crust_ooze,,,,,,,,,,,,
Fungal infection,itching, skin_rash, nodal_skin_eruptions, dischromic _patches,,,,,,,,,,,,,
Allergy, continuous_sneezing, shivering, chills, watering_from_eyes,,,,,,,,,,,,,
GERD, stomach_pain, acidity, ulcers_on_tongue, vomiting, cough, chest_pain,,,,,,,,,,,
Chronic cholestasis,itching, vomiting, yellowish_skin, nausea, loss_of_appetite, abdominal_pain, yellowing_of_eyes,,,,,,,,,,
Drug Reaction,itching, skin_rash, stomach_pain, burning_micturition, spotting_ urination,,,,,,,,,,,,
Peptic ulcer diseae, vomiting, indigestion, loss_of_appetite, abdominal_pain, passage_of_gases, internal_itching,,,,,,,,,,,
AIDS, muscle_wasting, patches_in_throat, high_fever, extra_marital_contacts,,,,,,,,,,,,,
Diabetes, fatigue, weight_loss, restlessness, lethargy, irregular_sugar_level, blurred_and_distorted_vision, obesity, excessive_hunger, increased_appetite, polyuria,,,,,,,
Gastroenteritis, vomiting, sunken_eyes, dehydration, diarrhoea,,,,,,,,,,,,,
Bronchial Asthma, fatigue, cough, high_fever, breathlessness, family_history, mucoid_sputum,,,,,,,,,,,
Hypertension, headache, chest_pain, dizziness, loss_of_balance, lack_of_concentration,,,,,,,,,,,,
Migraine, acidity, indigestion, headache, blurred_and_distorted_vision, excessive_hunger, stiff_neck, depression, irritability, visual_disturbances,,,,,,,,
Cervical spondylosis, back_pain, weakness_in_limbs, neck_pain, dizziness, loss_of_balance,,,,,,,,,,,,
Paralysis (brain hemorrhage), vomiting, headache, weakness_of_one_body_side, altered_sensorium,,,,,,,,,,,,,
Jaundice,itching, vomiting, fatigue, weight_loss, high_fever, yellowish_skin, dark_urine, abdominal_pain,,,,,,,,,
Malaria, chills, vomiting, high_fever, sweating, headache, nausea, diarrhoea, muscle_pain,,,,,,,,,
Chicken pox,itching, skin_rash, fatigue, lethargy, high_fever, headache, loss_of_appetite, mild_fever, swelled_lymph_nodes, malaise, red_spots_over_body,,,,,,
Dengue, skin_rash, chills, joint_pain, vomiting, fatigue, high_fever, headache, nausea, loss_of_appetite, pain_behind_the_eyes, back_pain, malaise, muscle_pain, red_spots_over_body,,,
Typhoid, chills, vomiting, fatigue, high_fever, headache, nausea, constipation, abdominal_pain, diarrhoea, toxic_look_(typhos), belly_pain,,,,,,
hepatitis A, joint_pain, vomiting, yellowish_skin, dark_urine, nausea, loss_of_appetite, abdominal_pain, diarrhoea, mild_fever, yellowing_of_eyes, muscle_pain,,,,,,
Hepatitis B,itching, fatigue, lethargy, yellowish_skin, dark_urine, loss_of_appetite, abdominal_pain, yellow_urine, yellowing_of_eyes, malaise, receiving_blood_transfusion, receiving_unsterile_injections,,,,,
Hepatitis C, fatigue, yellowish_skin, nausea, loss_of_appetite, yellowing_of_eyes, family_history,,,,,,,,,,,
Hepatitis D, joint_pain, vomiting, fatigue, yellowish_skin, dark_urine, nausea, loss_of_appetite, abdominal_pain, yellowing_of_eyes,,,,,,,,
Hepatitis E, joint_pain, vomiting, fatigue, high_fever, yellowish_skin, dark_urine, nausea, loss_of_appetite, abdominal_pain, yellowing_of_eyes, acute_liver_failure, coma, stomach_bleeding,,,,
Alcoholic hepatitis, vomiting, yellowish_skin, abdominal_pain, swelling_of_stomach, distention_of_abdomen, history_of_alcohol_consumption, fluid_overload,,,,,,,,,,
Tuberculosis, chills, vomiting, fatigue, weight_loss, cough, high_fever, breathlessness, sweating, loss_of_appetite, mild_fever, yellowing_of_eyes, swelled_lymph_nodes, malaise, phlegm, chest_pain, blood_in_sputum,
Common Cold, continuous_sneezing, chills, fatigue, cough, high_fever, headache, swelled_lymph_nodes, malaise, phlegm, throat_irritation, redness_of_eyes, sinus_pressure, runny_nose, congestion, chest_pain, loss_of_smell, muscle_pain
Pneumonia, chills, fatigue, cough, high_fever, breathlessness, sweating, malaise, phlegm, chest_pain, fast_heart_rate, rusty_sputum,,,,,,
Dimorphic hemmorhoids(piles), constipation, pain_during_bowel_movements, pain_in_anal_region, bloody_stool, irritation_in_anus,,,,,,,,,,,,
Heart attack, vomiting, breathlessness, sweating, chest_pain,,,,,,,,,,,,,
Varicose veins, fatigue, cramps, bruising, obesity, swollen_legs, swollen_blood_vessels, prominent_veins_on_calf,,,,,,,,,,
Hypothyroidism, fatigue, weight_gain, cold_hands_and_feets, mood_swings, lethargy, dizziness, puffy_face_and_eyes, enlarged_thyroid, brittle_nails, swollen_extremeties, depression, irritability, abnormal_menstruation,,,,
Hyperthyroidism, fatigue, mood_swings, weight_loss, restlessness, sweating, diarrhoea, fast_heart_rate, excessive_hunger, muscle_weakness, irritability, abnormal_menstruation,,,,,,
Hypoglycemia, vomiting, fatigue, anxiety, sweating, headache, nausea, blurred_and_distorted_vision, excessive_hunger, drying_and_tingling_lips, slurred_speech, irritability, palpitations,,,,,
Osteoarthristis, joint_pain, neck_pain, knee_pain, hip_joint_pain, swelling_joints, painful_walking,,,,,,,,,,,
Arthritis, muscle_weakness, stiff_neck, swelling_joints, movement_stiffness, painful_walking,,,,,,,,,,,,
(vertigo) Paroymsal  Positional Vertigo, vomiting, headache, nausea, spinning_movements, loss_of_balance, unsteadiness,,,,,,,,,,,
Acne, skin_rash, pus_filled_pimples, blackheads, scurring,,,,,,,,,,,,,
Urinary tract infection, burning_micturition, bladder_discomfort, foul_smell_of urine, continuous_feel_of_urine,,,,,,,,,,,,,
Psoriasis, skin_rash, joint_pain, skin_peeling, silver_like_dusting, small_dents_in_nails, inflammatory_nails,,,,,,,,,,,
Impetigo, skin_rash, high_fever, blister, red_sore_around_nose, yellow_crust_ooze,,,,,,,,,,,,
Fungal infection,itching, skin_rash, nodal_skin_eruptions, dischromic _patches,,,,,,,,,,,,,
Allergy, continuous_sneezing, shivering, chills, watering_from_eyes,,,,,,,,,,,,,
GERD, stomach_pain, acidity, ulcers_on_tongue, vomiting, cough, chest_pain,,,,,,,,,,,
Chronic cholestasis,itching, vomiting, yellowish_skin, nausea, loss_of_appetite, abdominal_pain, yellowing_of_eyes,,,,,,,,,,
Drug Reaction,itching, skin_rash, stomach_pain, burning_micturition, spotting_ urination,,,,,,,,,,,,
Peptic ulcer diseae, vomiting, indigestion, loss_of_appetite, abdominal_pain, passage_of_gases, internal_itching,,,,,,,,,,,
AIDS, muscle_wasting, patches_in_throat, high_fever, extra_marital_contacts,,,,,,,,,,,,,
Diabetes, fatigue, weight_loss, restlessness, lethargy, irregular_sugar_level, blurred_and_distorted_vision, obesity, excessive_hunger, increased_appetite, polyuria,,,,,,,
Gastroenteritis, vomiting, sunken_eyes, dehydration, diarrhoea,,,,,,,,,,,,,
Bronchial Asthma, fatigue, cough, high_fever, breathlessness, family_history, mucoid_sputum,,,,,,,,,,,
Hypertension, headache, chest_pain, dizziness, loss_of_balance, lack_of_concentration,,,,,,,,,,,,
Migraine, acidity, indigestion, headache, blurred_and_distorted_vision, excessive_hunger, stiff_neck, depression, irritability, visual_disturbances,,,,,,,,
Cervical spondylosis, back_pain, weakness_in_limbs, neck_pain, dizziness, loss_of_balance,,,,,,,,,,,,
Paralysis (brain hemorrhage), vomiting, headache, weakness_of_one_body_side, altered_sensorium,,,,,,,,,,,,,
Jaundice,itching, vomiting, fatigue, weight_loss, high_fever, yellowish_skin, dark_urine, abdominal_pain,,,,,,,,,
Malaria, chills, vomiting, high_fever, sweating, headache, nausea, diarrhoea, muscle_pain,,,,,,,,,
Chicken pox,itching, skin_rash, fatigue, lethargy, high_fever, headache, loss_of_appetite, mild_fever, swelled_lymph_nodes, malaise, red_spots_over_body,,,,,,
Dengue, skin_rash, chills, joint_pain, vomiting, fatigue, high_fever, headache, nausea, loss_of_appetite, pain_behind_the_eyes, back_pain, malaise, muscle_pain, red_spots_over_body,,,
Typhoid, chills, vomiting, fatigue, high_fever, headache, nausea, constipation, abdominal_pain, diarrhoea, toxic_look_(typhos), belly_pain,,,,,,
hepatitis A, joint_pain, vomiting, yellowish_skin, dark_urine, nausea, loss_of_appetite, abdominal_pain, diarrhoea, mild_fever, yellowing_of_eyes, muscle_pain,,,,,,
Hepatitis B,itching, fatigue, lethargy, yellowish_skin, dark_urine, loss_of_appetite, abdominal_pain, yellow_urine, yellowing_of_eyes, malaise, receiving_blood_transfusion, receiving_unsterile_injections,,,,,
Hepatitis C, fatigue, yellowish_skin, nausea, loss_of_appetite, yellowing_of_eyes, family_history,,,,,,,,,,,
Hepatitis D, joint_pain, vomiting, fatigue, yellowish_skin, dark_urine, nausea, loss_of_appetite, abdominal_pain, yellowing_of_eyes,,,,,,,,
Hepatitis E, joint_pain, vomiting, fatigue, high_fever, yellowish_skin, dark_urine, nausea, loss_of_appetite, abdominal_pain, yellowing_of_eyes, acute_liver_failure, coma, stomach_bleeding,,,,
Alcoholic hepatitis, vomiting, yellowish_skin, abdominal_pain, swelling_of_stomach, distention_of_abdomen, history_of_alcohol_consumption, fluid_overload,,,,,,,,,,
Tuberculosis, chills, vomiting, fatigue, weight_loss, cough, high_fever, breathlessness, sweating, loss_of_appetite, mild_fever, yellowing_of_eyes, swelled_lymph_nodes, malaise, phlegm, chest_pain, blood_in_sputum,
Common Cold, continuous_sneezing, chills, fatigue, cough, high_fever, headache, swelled_lymph_nodes, malaise, phlegm, throat_irritation, redness_of_eyes, sinus_pressure, runny_nose, congestion, chest_pain, loss_of_smell, muscle_pain
Pneumonia, chills, fatigue, cough, high_fever, breathlessness, sweating, malaise, phlegm, chest_pain, fast_heart_rate, rusty_sputum,,,,,,
Dimorphic hemmorhoids(piles), constipation, pain_during_bowel_movements, pain_in_anal_region, bloody_stool, irritation_in_anus,,,,,,,,,,,,
Heart attack, vomiting, breathlessness, sweating, chest_pain,,,,,,,,,,,,,
Varicose veins, fatigue, cramps, bruising, obesity, swollen_legs, swollen_blood_vessels, prominent_veins_on_calf,,,,,,,,,,
Hypothyroidism, fatigue, weight_gain, cold_hands_and_feets, mood_swings, lethargy, dizziness, puffy_face_and_eyes, enlarged_thyroid, brittle_nails, swollen_extremeties, depression, irritability, abnormal_menstruation,,,,
Hyperthyroidism, fatigue, mood_swings, weight_loss, restlessness, sweating, diarrhoea, fast_heart_rate, excessive_hunger, muscle_weakness, irritability, abnormal_menstruation,,,,,,
Hypoglycemia, vomiting, fatigue, anxiety, sweating, headache, nausea, blurred_and_distorted_vision, excessive_hunger, drying_and_tingling_lips, slurred_speech, irritability, palpitations,,,,,
Osteoarthristis, joint_pain, neck_pain, knee_pain, hip_joint_pain, swelling_joints, painful_walking,,,,,,,,,,,
Arthritis, muscle_weakness, stiff_neck, swelling_joints, movement_stiffness, painful_walking,,,,,,,,,,,,
(vertigo) Paroymsal  Positional Vertigo, vomiting, headache, nausea, spinning_movements, loss_of_balance, unsteadiness,,,,,,,,,,,
Acne, skin_rash, pus_filled_pimples, blackheads, scurring,,,,,,,,,,,,,
Urinary tract infection, burning_micturition, bladder_discomfort, foul_smell_of urine, continuous_feel_of_urine,,,,,,,,,,,,,
Psoriasis, skin_rash, joint_pain, skin_peeling, silver_like_dusting, small_dents_in_nails, inflammatory_nails,,,,,,,,,,,
Impetigo, skin_rash, high_fever, blister, red_sore_around_nose, yellow_crust_ooze,,,,,,,,,,,,
Fungal infection,itching, skin_rash, nodal_skin_eruptions, dischromic _patches,,,,,,,,,,,,,
Allergy, continuous_sneezing, shivering, chills, watering_from_eyes,,,,,,,,,,,,,
GERD, stomach_pain, acidity, ulcers_on_tongue, vomiting, cough, chest_pain,,,,,,,,,,,
Chronic cholestasis,itching, vomiting, yellowish_skin, nausea, loss_of_appetite, abdominal_pain, yellowing_of_eyes,,,,,,,,,,
Drug Reaction,itching, skin_rash, stomach_pain, burning_micturition, spotting_ urination,,,,,,,,,,,,
Peptic ulcer diseae, vomiting, indigestion, loss_of_appetite, abdominal_pain, passage_of_gases, internal_itching,,,,,,,,,,,
AIDS, muscle_wasting, patches_in_throat, high_fever, extra_marital_contacts,,,,,,,,,,,,,
Diabetes, fatigue, weight_loss, restlessness, lethargy, irregular_sugar_level, blurred_and_distorted_vision, obesity, excessive_hunger, increased_appetite, polyuria,,,,,,,
Gastroenteritis, vomiting, sunken_eyes, dehydration, diarrhoea,,,,,,,,,,,,,
Bronchial Asthma, fatigue, cough, high_fever, breathlessness, family_history, mucoid_sputum,,,,,,,,,,,
Hypertension, headache, chest_pain, dizziness, loss_of_balance, lack_of_concentration,,,,,,,,,,,,
Migraine, acidity, indigestion, headache, blurred_and_distorted_vision, excessive_hunger, stiff_neck, depression, irritability, visual_disturbances,,,,,,,,
Cervical spondylosis, back_pain, weakness_in_limbs, neck_pain, dizziness, loss_of_balance,,,,,,,,,,,,
Paralysis (brain hemorrhage), vomiting, headache, weakness_of_one_body_side, altered_sensorium,,,,,,,,,,,,,
Jaundice,itching, vomiting, fatigue, weight_loss, high_fever, yellowish_skin, dark_urine, abdominal_pain,,,,,,,,,
Malaria, chills, vomiting, high_fever, sweating, headache, nausea, diarrhoea, muscle_pain,,,,,,,,,
Chicken pox,itching, skin_rash, fatigue, lethargy, high_fever, headache, loss_of_appetite, mild_fever, swelled_lymph_nodes, malaise, red_spots_over_body,,,,,,
Dengue, skin_rash, chills, joint_pain, vomiting, fatigue, high_fever, headache, nausea, loss_of_appetite, pain_behind_the_eyes, back_pain, malaise, muscle_pain, red_spots_over_body,,,
Typhoid, chills, vomiting, fatigue, high_fever, headache, nausea, constipation, abdominal_pain, diarrhoea, toxic_look_(typhos), belly_pain,,,,,,
hepatitis A, joint_pain, vomiting, yellowish_skin, dark_urine, nausea, loss_of_appetite, abdominal_pain, diarrhoea, mild_fever, yellowing_of_eyes, muscle_pain,,,,,,
Hepatitis B,itching, fatigue, lethargy, yellowish_skin, dark_urine, loss_of_appetite, abdominal_pain, yellow_urine, yellowing_of_eyes, malaise, receiving_blood_transfusion, receiving_unsterile_injections,,,,,
Hepatitis C, fatigue, yellowish_skin, nausea, loss_of_appetite, yellowing_of_eyes, family_history,,,,,,,,,,,
Hepatitis D, joint_pain, vomiting, fatigue, yellowish_skin, dark_urine, nausea, loss_of_appetite, abdominal_pain, yellowing_of_eyes,,,,,,,,
Hepatitis E, joint_pain, vomiting, fatigue, high_fever, yellowish_skin, dark_urine, nausea, loss_of_appetite, abdominal_pain, yellowing_of_eyes, acute_liver_failure, coma, stomach_bleeding,,,,
Alcoholic hepatitis, vomiting, yellowish_skin, abdominal_pain, swelling_of_stomach, distention_of_abdomen, history_of_alcohol_consumption, fluid_overload,,,,,,,,,,
Tuberculosis, chills, vomiting, fatigue, weight_loss, cough, high_fever, breathlessness, sweating, loss_of_appetite, mild_fever, yellowing_of_eyes, swelled_lymph_nodes, malaise, phlegm, chest_pain, blood_in_sputum,
Common Cold, continuous_sneezing, chills, fatigue, cough, high_fever, headache, swelled_lymph_nodes, malaise, phlegm, throat_irritation, redness_of_eyes, sinus_pressure, runny_nose, congestion, chest_pain, loss_of_smell, muscle_pain
Pneumonia, chills, fatigue, cough, high_fever, breathlessness, sweating, malaise, phlegm, chest_pain, fast_heart_rate, rusty_sputum,,,,,,
Dimorphic hemmorhoids(piles), constipation, pain_during_bowel_movements, pain_in_anal_region, bloody_stool, irritation_in_anus,,,,,,,,,,,,
Heart attack, vomiting, breathlessness, sweating, chest_pain,,,,,,,,,,,,,
Varicose veins, fatigue, cramps, bruising, obesity, swollen_legs, swollen_blood_vessels, prominent_veins_on_calf,,,,,,,,,,
Hypothyroidism, fatigue, weight_gain, cold_hands_and_feets, mood_swings, lethargy, dizziness, puffy_face_and_eyes, enlarged_thyroid, brittle_nails, swollen_extremeties, depression, irritability, abnormal_menstruation,,,,
Hyperthyroidism, fatigue, mood_swings, weight_loss, restlessness, sweating, diarrhoea, fast_heart_rate, excessive_hunger, muscle_weakness, irritability, abnormal_menstruation,,,,,,
Hypoglycemia, vomiting, fatigue, anxiety, sweating, headache, nausea, blurred_and_distorted_vision, excessive_hunger, drying_and_tingling_lips, slurred_speech, irritability, palpitations,,,,,
Osteoarthristis, joint_pain, neck_pain, knee_pain, hip_joint_pain, swelling_joints, painful_walking,,,,,,,,,,,
Arthritis, muscle_weakness, stiff_neck, swelling_joints, movement_stiffness, painful_walking,,,,,,,,,,,,
(vertigo) Paroymsal  Positional Vertigo, vomiting, headache, nausea, spinning_movements, loss_of_balance, unsteadiness,,,,,,,,,,,
Acne, skin_rash, pus_filled_pimples, blackheads, scurring,,,,,,,,,,,,,
Urinary tract infection, burning_micturition, bladder_discomfort, foul_smell_of urine, continuous_feel_of_urine,,,,,,,,,,,,,
Psoriasis, skin_rash, joint_pain, skin_peeling, silver_like_dusting, small_dents_in_nails, inflammatory_nails,,,,,,,,,,,
Impetigo, skin_rash, high_fever, blister, red_sore_around_nose, yellow_crust_ooze,,,,,,,,,,,,
Fungal infection,itching, skin_rash, nodal_skin_eruptions, dischromic _patches,,,,,,,,,,,,,
Allergy, continuous_sneezing, shivering, chills, watering_from_eyes,,,,,,,,,,,,,
GERD, stomach_pain, acidity, ulcers_on_tongue, vomiting, cough, chest_pain,,,,,,,,,,,
Chronic cholestasis,itching, vomiting, yellowish_skin, nausea, loss_of_appetite, abdominal_pain, yellowing_of_eyes,,,,,,,,,,
Drug Reaction,itching, skin_rash, stomach_pain, burning_micturition, spotting_ urination,,,,,,,,,,,,
Peptic ulcer diseae, vomiting, indigestion, loss_of_appetite, abdominal_pain, passage_of_gases, internal_itching,,,,,,,,,,,
AIDS, muscle_wasting, patches_in_throat, high_fever, extra_marital_contacts,,,,,,,,,,,,,
Diabetes, fatigue, weight_loss, restlessness, lethargy, irregular_sugar_level, blurred_and_distorted_vision, obesity, excessive_hunger, increased_appetite, polyuria,,,,,,,
Gastroenteritis, vomiting, sunken_eyes, dehydration, diarrhoea,,,,,,,,,,,,,
Bronchial Asthma, fatigue, cough, high_fever, breathlessness, family_history, mucoid_sputum,,,,,,,,,,,
Hypertension, headache, chest_pain, dizziness, loss_of_balance, lack_of_concentration,,,,,,,,,,,,
Migraine, acidity, indigestion, headache, blurred_and_distorted_vision, excessive_hunger, stiff_neck, depression, irritability, visual_disturbances,,,,,,,,
Cervical spondylosis, back_pain, weakness_in_limbs, neck_pain, dizziness, loss_of_balance,,,,,,,,,,,,
Paralysis (brain hemorrhage), vomiting, headache, weakness_of_one_body_side, altered_sensorium,,,,,,,,,,,,,
Jaundice,itching, vomiting, fatigue, weight_loss, high_fever, yellowish_skin, dark_urine, abdominal_pain,,,,,,,,,
Malaria, chills, vomiting, high_fever, sweating, headache, nausea, diarrhoea, muscle_pain,,,,,,,,,
Chicken pox,itching, skin_rash, fatigue, lethargy, high_fever, headache, loss_of_appetite, mild_fever, swelled_lymph_nodes, malaise, red_spots_over_body,,,,,,
Dengue, skin_rash, chills, joint_pain, vomiting, fatigue, high_fever, headache, nausea, loss_of_appetite, pain_behind_the_eyes, back_pain, malaise, muscle_pain, red_spots_over_body,,,
Typhoid, chills, vomiting, fatigue, high_fever, headache, nausea, constipation, abdominal_pain, diarrhoea, toxic_look_(typhos), belly_pain,,,,,,
hepatitis A, joint_pain, vomiting, yellowish_skin, dark_urine, nausea, loss_of_appetite, abdominal_pain, diarrhoea, mild_fever, yellowing_of_eyes, muscle_pain,,,,,,
Hepatitis B,itching, fatigue, lethargy, yellowish_skin, dark_urine, loss_of_appetite, abdominal_pain, yellow_urine, yellowing_of_eyes, malaise, receiving_blood_transfusion, receiving_unsterile_injections,,,,,
Hepatitis C, fatigue, yellowish_skin, nausea, loss_of_appetite, yellowing_of_eyes, family_history,,,,,,,,,,,
Hepatitis D, joint_pain, vomiting, fatigue, yellowish_skin, dark_urine, nausea, loss_of_appetite, abdominal_pain, yellowing_of_eyes,,,,,,,,
Hepatitis E, joint_pain, vomiting, fatigue, high_fever, yellowish_skin, dark_urine, nausea, loss_of_appetite, abdominal_pain, yellowing_of_eyes, acute_liver_failure, coma, stomach_bleeding,,,,
Alcoholic hepatitis, vomiting, yellowish_skin, abdominal_pain, swelling_of_stomach, distention_of_abdomen, history_of_alcohol_consumption, fluid_overload,,,,,,,,,,
Tuberculosis, chills, vomiting, fatigue, weight_loss, cough, high_fever, breathlessness, sweating, loss_of_appetite, mild_fever, yellowing_of_eyes, swelled_lymph_nodes, malaise, phlegm, chest_pain, blood_in_sputum,
Common Cold, continuous_sneezing, chills, fatigue, cough, high_fever, headache, swelled_lymph_nodes, malaise, phlegm, throat_irritation, redness_of_eyes, sinus_pressure, runny_nose, congestion, chest_pain, loss_of_smell, muscle_pain
Pneumonia, chills, fatigue, cough, high_fever, breathlessness, sweating, malaise, phlegm, chest_pain, fast_heart_rate, rusty_sputum,,,,,,
Dimorphic hemmorhoids(piles), constipation, pain_during_bowel_movements, pain_in_anal_region, bloody_stool, irritation_in_anus,,,,,,,,,,,,
Heart attack, vomiting, breathlessness, sweating, chest_pain,,,,,,,,,,,,,
Varicose veins, fatigue, cramps, bruising, obesity, swollen_legs, swollen_blood_vessels, prominent_veins_on_calf,,,,,,,,,,
Hypothyroidism, fatigue, weight_gain, cold_hands_and_feets, mood_swings, lethargy, dizziness, puffy_face_and_eyes, enlarged_thyroid, brittle_nails, swollen_extremeties, depression, irritability, abnormal_menstruation,,,,
Hyperthyroidism, fatigue, mood_swings, weight_loss, restlessness, sweating, diarrhoea, fast_heart_rate, excessive_hunger, muscle_weakness, irritability, abnormal_menstruation,,,,,,
Hypoglycemia, vomiting, fatigue, anxiety, sweating, headache, nausea, blurred_and_distorted_vision, excessive_hunger, drying_and_tingling_lips, slurred_speech, irritability, palpitations,,,,,
Osteoarthristis, joint_pain, neck_pain, knee_pain, hip_joint_pain, swelling_joints, painful_walking,,,,,,,,,,,
Arthritis, muscle_weakness, stiff_neck, swelling_joints, movement_stiffness, painful_walking,,,,,,,,,,,,
(vertigo) Paroymsal  Positional Vertigo, vomiting, headache, nausea, spinning_movements, loss_of_balance, unsteadiness,,,,,,,,,,,
Acne, skin_rash, pus_filled_pimples, blackheads, scurring,,,,,,,,,,,,,
Urinary tract infection, burning_micturition, bladder_discomfort, foul_smell_of urine, continuous_feel_of_urine,,,,,,,,,,,,,
Psoriasis, skin_rash, joint_pain, skin_peeling, silver_like_dusting, small_dents_in_nails, inflammatory_nails,,,,,,,,,,,
Impetigo, skin_rash, high_fever, blister, red_sore_around_nose, yellow_crust_ooze,,,,,,,,,,,,
Fungal infection,itching, skin_rash, nodal_skin_eruptions, dischromic _patches,,,,,,,,,,,,,
Allergy, continuous_sneezing, shivering, chills, watering_from_eyes,,,,,,,,,,,,,
GERD, stomach_pain, acidity, ulcers_on_tongue, vomiting, cough, chest_pain,,,,,,,,,,,
Chronic cholestasis,itching, vomiting, yellowish_skin, nausea, loss_of_appetite, abdominal_pain, yellowing_of_eyes,,,,,,,,,,
Drug Reaction,itching, skin_rash, stomach_pain, burning_micturition, spotting_ urination,,,,,,,,,,,,
Peptic ulcer diseae, vomiting, indigestion, loss_of_appetite, abdominal_pain, passage_of_gases, internal_itching,,,,,,,,,,,
AIDS, muscle_wasting, patches_in_throat, high_fever, extra_marital_contacts,,,,,,,,,,,,,
Diabetes, fatigue, weight_loss, restlessness, lethargy, irregular_sugar_level, blurred_and_distorted_vision, obesity, excessive_hunger, increased_appetite, polyuria,,,,,,,
Gastroenteritis, vomiting, sunken_eyes, dehydration, diarrhoea,,,,,,,,,,,,,
Bronchial Asthma, fatigue, cough, high_fever, breathlessness, family_history, mucoid_sputum,,,,,,,,,,,
Hypertension, headache, chest_pain, dizziness, loss_of_balance, lack_of_concentration,,,,,,,,,,,,
Migraine, acidity, indigestion, headache, blurred_and_distorted_vision, excessive_hunger, stiff_neck, depression, irritability, visual_disturbances,,,,,,,,
Cervical spondylosis, back_pain, weakness_in_limbs, neck_pain, dizziness, loss_of_balance,,,,,,,,,,,,
Paralysis (brain hemorrhage), vomiting, headache, weakness_of_one_body_side, altered_sensorium,,,,,,,,,,,,,
Jaundice,itching, vomiting, fatigue, weight_loss, high_fever, yellowish_skin, dark_urine, abdominal_pain,,,,,,,,,
Malaria, chills, vomiting, high_fever, sweating, headache, nausea, diarrhoea, muscle_pain,,,,,,,,,
Chicken pox,itching, skin_rash, fatigue, lethargy, high_fever, headache, loss_of_appetite, mild_fever, swelled_lymph_nodes, malaise, red_spots_over_body,,,,,,
Dengue, skin_rash, chills, joint_pain, vomiting, fatigue, high_fever, headache, nausea, loss_of_appetite, pain_behind_the_eyes, back_pain, malaise, muscle_pain, red_spots_over_body,,,
Typhoid, chills, vomiting, fatigue, high_fever, headache, nausea, constipation, abdominal_pain, diarrhoea, toxic_look_(typhos), belly_pain,,,,,,
hepatitis A, joint_pain, vomiting, yellowish_skin, dark_urine, nausea, loss_of_appetite, abdominal_pain, diarrhoea, mild_fever, yellowing_of_eyes, muscle_pain,,,,,,
Hepatitis B,itching, fatigue, lethargy, yellowish_skin, dark_urine, loss_of_appetite, abdominal_pain, yellow_urine, yellowing_of_eyes, malaise, receiving_blood_transfusion, receiving_unsterile_injections,,,,,
Hepatitis C, fatigue, yellowish_skin, nausea, loss_of_appetite, yellowing_of_eyes, family_history,,,,,,,,,,,
Hepatitis D, joint_pain, vomiting, fatigue, yellowish_skin, dark_urine, nausea, loss_of_appetite, abdominal_pain, yellowing_of_eyes,,,,,,,,
Hepatitis E, joint_pain, vomiting, fatigue, high_fever, yellowish_skin, dark_urine, nausea, loss_of_appetite, abdominal_pain, yellowing_of_eyes, acute_liver_failure, coma, stomach_bleeding,,,,
Alcoholic hepatitis, vomiting, yellowish_skin, abdominal_pain, swelling_of_stomach, distention_of_abdomen, history_of_alcohol_consumption, fluid_overload,,,,,,,,,,
Tuberculosis, chills, vomiting, fatigue, weight_loss, cough, high_fever, breathlessness, sweating, loss_of_appetite, mild_fever, yellowing_of_eyes, swelled_lymph_nodes, malaise, phlegm, chest_pain, blood_in_sputum,
Common Cold, continuous_sneezing, chills, fatigue, cough, high_fever, headache, swelled_lymph_nodes, malaise, phlegm, throat_irritation, redness_of_eyes, sinus_pressure, runny_nose, congestion, chest_pain, loss_of_smell, muscle_pain
Pneumonia, chills, fatigue, cough, high_fever, breathlessness, sweating, malaise, phlegm, chest_pain, fast_heart_rate, rusty_sputum,,,,,,
Dimorphic hemmorhoids(piles), constipation, pain_during_bowel_movements, pain_in_anal_region, bloody_stool, irritation_in_anus,,,,,,,,,,,,
Heart attack, vomiting, breathlessness, sweating, chest_pain,,,,,,,,,,,,,
Varicose veins, fatigue, cramps, bruising, obesity, swollen_legs, swollen_blood_vessels, prominent_veins_on_calf,,,,,,,,,,
Hypothyroidism, fatigue, weight_gain, cold_hands_and_feets, mood_swings, lethargy, dizziness, puffy_face_and_eyes, enlarged_thyroid, brittle_nails, swollen_extremeties, depression, irritability, abnormal_menstruation,,,,
Hyperthyroidism, fatigue, mood_swings, weight_loss, restlessness, sweating, diarrhoea, fast_heart_rate, excessive_hunger, muscle_weakness, irritability, abnormal_menstruation,,,,,,
Hypoglycemia, vomiting, fatigue, anxiety, sweating, headache, nausea, blurred_and_distorted_vision, excessive_hunger, drying_and_tingling_lips, slurred_speech, irritability, palpitations,,,,,
Osteoarthristis, joint_pain, neck_pain, knee_pain, hip_joint_pain, swelling_joints, painful_walking,,,,,,,,,,,
Arthritis, muscle_weakness, stiff_neck, swelling_joints, movement_stiffness, painful_walking,,,,,,,,,,,,
(vertigo) Paroymsal  Positional Vertigo, vomiting, headache, nausea, spinning_movements, loss_of_balance, unsteadiness,,,,,,,,,,,
Acne, skin_rash, pus_filled_pimples, blackheads, scurring,,,,,,,,,,,,,
Urinary tract infection, burning_micturition, bladder_discomfort, foul_smell_of urine, continuous_feel_of_urine,,,,,,,,,,,,,
Psoriasis, skin_rash, joint_pain, skin_peeling, silver_like_dusting, small_dents_in_nails, inflammatory_nails,,,,,,,,,,,
Impetigo, skin_rash, high_fever, blister, red_sore_around_nose, yellow_crust_ooze,,,,,,,,,,,,
Fungal infection,itching, skin_rash, nodal_skin_eruptions, dischromic _patches,,,,,,,,,,,,,
Allergy, continuous_sneezing, shivering, chills, watering_from_eyes,,,,,,,,,,,,,
GERD, stomach_pain, acidity, ulcers_on_tongue, vomiting, cough, chest_pain,,,,,,,,,,,
Chronic cholestasis,itching, vomiting, yellowish_skin, nausea, loss_of_appetite, abdominal_pain, yellowing_of_eyes,,,,,,,,,,
Drug Reaction,itching, skin_rash, stomach_pain, burning_micturition, spotting_ urination,,,,,,,,,,,,
Peptic ulcer diseae, vomiting, indigestion, loss_of_appetite, abdominal_pain, passage_of_gases, internal_itching,,,,,,,,,,,
AIDS, muscle_wasting, patches_in_throat, high_fever, extra_marital_contacts,,,,,,,,,,,,,
Diabetes, fatigue, weight_loss, restlessness, lethargy, irregular_sugar_level, blurred_and_distorted_vision, obesity, excessive_hunger, increased_appetite, polyuria,,,,,,,
Gastroenteritis, vomiting, sunken_eyes, dehydration, diarrhoea,,,,,,,,,,,,,
Bronchial Asthma, fatigue, cough, high_fever, breathlessness, family_history, mucoid_sputum,,,,,,,,,,,
Hypertension, headache, chest_pain, dizziness, loss_of_balance, lack_of_concentration,,,,,,,,,,,,
Migraine, acidity, indigestion, headache, blurred_and_distorted_vision, excessive_hunger, stiff_neck, depression, irritability, visual_disturbances,,,,,,,,
Cervical spondylosis, back_pain, weakness_in_limbs, neck_pain, dizziness, loss_of_balance,,,,,,,,,,,,
Paralysis (brain hemorrhage), vomiting, headache, weakness_of_one_body_side, altered_sensorium,,,,,,,,,,,,,
Jaundice,itching, vomiting, fatigue, weight_loss, high_fever, yellowish_skin, dark_urine, abdominal_pain,,,,,,,,,
Malaria, chills, vomiting, high_fever, sweating, headache, nausea, diarrhoea, muscle_pain,,,,,,,,,
Chicken pox,itching, skin_rash, fatigue, lethargy, high_fever, headache, loss_of_appetite, mild_fever, swelled_lymph_nodes, malaise, red_spots_over_body,,,,,,
Dengue, skin_rash, chills, joint_pain, vomiting, fatigue, high_fever, headache, nausea, loss_of_appetite, pain_behind_the_eyes, back_pain, malaise, muscle_pain, red_spots_over_body,,,
Typhoid, chills, vomiting, fatigue, high_fever, headache, nausea, constipation, abdominal_pain, diarrhoea, toxic_look_(typhos), belly_pain,,,,,,
hepatitis A, joint_pain, vomiting, yellowish_skin, dark_urine, nausea, loss_of_appetite, abdominal_pain, diarrhoea, mild_fever, yellowing_of_eyes, muscle_pain,,,,,,
Hepatitis B,itching, fatigue, lethargy, yellowish_skin, dark_urine, loss_of_appetite, abdominal_pain, yellow_urine, yellowing_of_eyes, malaise, receiving_blood_transfusion, receiving_unsterile_injections,,,,,
Hepatitis C, fatigue, yellowish_skin, nausea, loss_of_appetite, yellowing_of_eyes, family_history,,,,,,,,,,,
Hepatitis D, joint_pain, vomiting, fatigue, yellowish_skin, dark_urine, nausea, loss_of_appetite, abdominal_pain, yellowing_of_eyes,,,,,,,,
Hepatitis E, joint_pain, vomiting, fatigue, high_fever, yellowish_skin, dark_urine, nausea, loss_of_appetite, abdominal_pain, yellowing_of_eyes, acute_liver_failure, coma, stomach_bleeding,,,,
Alcoholic hepatitis, vomiting, yellowish_skin, abdominal_pain, swelling_of_stomach, distention_of_abdomen, history_of_alcohol_consumption, fluid_overload,,,,,,,,,,
Tuberculosis, chills, vomiting, fatigue, weight_loss, cough, high_fever, breathlessness, sweating, loss_of_appetite, mild_fever, yellowing_of_eyes, swelled_lymph_nodes, malaise, phlegm, chest_pain, blood_in_sputum,
Common Cold, continuous_sneezing, chills, fatigue, cough, high_fever, headache, swelled_lymph_nodes, malaise, phlegm, throat_irritation, redness_of_eyes, sinus_pressure, runny_nose, congestion, chest_pain, loss_of_smell, muscle_pain
Pneumonia, chills, fatigue, cough, high_fever, breathlessness, sweating, malaise, phlegm, chest_pain, fast_heart_rate, rusty_sputum,,,,,,
Dimorphic hemmorhoids(piles), constipation, pain_during_bowel_movements, pain_in_anal_region, bloody_stool, irritation_in_anus,,,,,,,,,,,,
Heart attack, vomiting, breathlessness, sweating, chest_pain,,,,,,,,,,,,,
Varicose veins, fatigue, cramps, bruising, obesity, swollen_legs, swollen_blood_vessels, prominent_veins_on_calf,,,,,,,,,,
Hypothyroidism, fatigue, weight_gain, cold_hands_and_feets, mood_swings, lethargy, dizziness, puffy_face_and_eyes, enlarged_thyroid, brittle_nails, swollen_extremeties, depression, irritability, abnormal_menstruation,,,,
Hyperthyroidism, fatigue, mood_swings, weight_loss, restlessness, sweating, diarrhoea, fast_heart_rate, excessive_hunger, muscle_weakness, irritability, abnormal_menstruation,,,,,,
Hypoglycemia, vomiting, fatigue, anxiety, sweating, headache, nausea, blurred_and_distorted_vision, excessive_hunger, drying_and_tingling_lips, slurred_speech, irritability, palpitations,,,,,
Osteoarthristis, joint_pain, neck_pain, knee_pain, hip_joint_pain, swelling_joints, painful_walking,,,,,,,,,,,
Arthritis, muscle_weakness, stiff_neck, swelling_joints, movement_stiffness, painful_walking,,,,,,,,,,,,
(vertigo) Paroymsal  Positional Vertigo, vomiting, headache, nausea, spinning_movements, loss_of_balance, unsteadiness,,,,,,,,,,,
Acne, skin_rash, pus_filled_pimples, blackheads, scurring,,,,,,,,,,,,,
Urinary tract infection, burning_micturition, bladder_discomfort, foul_smell_of urine, continuous_feel_of_urine,,,,,,,,,,,,,
Psoriasis, skin_rash, joint_pain, skin_peeling, silver_like_dusting, small_dents_in_nails, inflammatory_nails,,,,,,,,,,,
Impetigo, skin_rash, high_fever, blister, red_sore_around_nose, yellow_crust_ooze,,,,,,,,,,,,
Fungal infection,itching, skin_rash, nodal_skin_eruptions, dischromic _patches,,,,,,,,,,,,,
Allergy, continuous_sneezing, shivering, chills, watering_from_eyes,,,,,,,,,,,,,
GERD, stomach_pain, acidity, ulcers_on_tongue, vomiting, cough, chest_pain,,,,,,,,,,,
Chronic cholestasis,itching, vomiting, yellowish_skin, nausea, loss_of_appetite, abdominal_pain, yellowing_of_eyes,,,,,,,,,,
Drug Reaction,itching, skin_rash, stomach_pain, burning_micturition, spotting_ urination,,,,,,,,,,,,
Peptic ulcer diseae, vomiting, indigestion, loss_of_appetite, abdominal_pain, passage_of_gases, internal_itching,,,,,,,,,,,
AIDS, muscle_wasting, patches_in_throat, high_fever, extra_marital_contacts,,,,,,,,,,,,,
Diabetes, fatigue, weight_loss, restlessness, lethargy, irregular_sugar_level, blurred_and_distorted_vision, obesity, excessive_hunger, increased_appetite, polyuria,,,,,,,
Gastroenteritis, vomiting, sunken_eyes, dehydration, diarrhoea,,,,,,,,,,,,,
Bronchial Asthma, fatigue, cough, high_fever, breathlessness, family_history, mucoid_sputum,,,,,,,,,,,
Hypertension, headache, chest_pain, dizziness, loss_of_balance, lack_of_concentration,,,,,,,,,,,,
Migraine, acidity, indigestion, headache, blurred_and_distorted_vision, excessive_hunger, stiff_neck, depression, irritability, visual_disturbances,,,,,,,,
Cervical spondylosis, back_pain, weakness_in_limbs, neck_pain, dizziness, loss_of_balance,,,,,,,,,,,,
Paralysis (brain hemorrhage), vomiting, headache, weakness_of_one_body_side, altered_sensorium,,,,,,,,,,,,,
Jaundice,itching, vomiting, fatigue, weight_loss, high_fever, yellowish_skin, dark_urine, abdominal_pain,,,,,,,,,
Malaria, chills, vomiting, high_fever, sweating, headache, nausea, diarrhoea, muscle_pain,,,,,,,,,
Chicken pox,itching, skin_rash, fatigue, lethargy, high_fever, headache, loss_of_appetite, mild_fever, swelled_lymph_nodes, malaise, red_spots_over_body,,,,,,
Dengue, skin_rash, chills, joint_pain, vomiting, fatigue, high_fever, headache, nausea, loss_of_appetite, pain_behind_the_eyes, back_pain, malaise, muscle_pain, red_spots_over_body,,,
Typhoid, chills, vomiting, fatigue, high_fever, headache, nausea, constipation, abdominal_pain, diarrhoea, toxic_look_(typhos), belly_pain,,,,,,
hepatitis A, joint_pain, vomiting, yellowish_skin, dark_urine, nausea, loss_of_appetite, abdominal_pain, diarrhoea, mild_fever, yellowing_of_eyes, muscle_pain,,,,,,
Hepatitis B,itching, fatigue, lethargy, yellowish_skin, dark_urine, loss_of_appetite, abdominal_pain, yellow_urine, yellowing_of_eyes, malaise, receiving_blood_transfusion, receiving_unsterile_injections,,,,,
Hepatitis C, fatigue, yellowish_skin, nausea, loss_of_appetite, yellowing_of_eyes, family_history,,,,,,,,,,,
Hepatitis D, joint_pain, vomiting, fatigue, yellowish_skin, dark_urine, nausea, loss_of_appetite, abdominal_pain, yellowing_of_eyes,,,,,,,,
Hepatitis E, joint_pain, vomiting, fatigue, high_fever, yellowish_skin, dark_urine, nausea, loss_of_appetite, abdominal_pain, yellowing_of_eyes, acute_liver_failure, coma, stomach_bleeding,,,,
Alcoholic hepatitis, vomiting, yellowish_skin, abdominal_pain, swelling_of_stomach, distention_of_abdomen, history_of_alcohol_consumption, fluid_overload,,,,,,,,,,
Tuberculosis, chills, vomiting, fatigue, weight_loss, cough, high_fever, breathlessness, sweating, loss_of_appetite, mild_fever, yellowing_of_eyes, swelled_lymph_nodes, malaise, phlegm, chest_pain, blood_in_sputum,
Common Cold, continuous_sneezing, chills, fatigue, cough, high_fever, headache, swelled_lymph_nodes, malaise, phlegm, throat_irritation, redness_of_eyes, sinus_pressure, runny_nose, congestion, chest_pain, loss_of_smell, muscle_pain
Pneumonia, chills, fatigue, cough, high_fever, breathlessness, sweating, malaise, phlegm, chest_pain, fast_heart_rate, rusty_sputum,,,,,,
Dimorphic hemmorhoids(piles), constipation, pain_during_bowel_movements, pain_in_anal_region, bloody_stool, irritation_in_anus,,,,,,,,,,,,
Heart attack, vomiting, breathlessness, sweating, chest_pain,,,,,,,,,,,,,
Varicose veins, fatigue, cramps, bruising, obesity, swollen_legs, swollen_blood_vessels, prominent_veins_on_calf,,,,,,,,,,
Hypothyroidism, fatigue, weight_gain, cold_hands_and_feets, mood_swings, lethargy, dizziness, puffy_face_and_eyes, enlarged_thyroid, brittle_nails, swollen_extremeties, depression, irritability, abnormal_menstruation,,,,
Hyperthyroidism, fatigue, mood_swings, weight_loss, restlessness, sweating, diarrhoea, fast_heart_rate, excessive_hunger, muscle_weakness, irritability, abnormal_menstruation,,,,,,
Hypoglycemia, vomiting, fatigue, anxiety, sweating, headache, nausea, blurred_and_distorted_vision, excessive_hunger, drying_and_tingling_lips, slurred_speech, irritability, palpitations,,,,,
Osteoarthristis, joint_pain, neck_pain, knee_pain, hip_joint_pain, swelling_joints, painful_walking,,,,,,,,,,,
Arthritis, muscle_weakness, stiff_neck, swelling_joints, movement_stiffness, painful_walking,,,,,,,,,,,,
(vertigo) Paroymsal  Positional Vertigo, vomiting, headache, nausea, spinning_movements, loss_of_balance, unsteadiness,,,,,,,,,,,
Acne, skin_rash, pus_filled_pimples, blackheads, scurring,,,,,,,,,,,,,
Urinary tract infection, burning_micturition, bladder_discomfort, foul_smell_of urine, continuous_feel_of_urine,,,,,,,,,,,,,
Psoriasis, skin_rash, joint_pain, skin_peeling, silver_like_dusting, small_dents_in_nails, inflammatory_nails,,,,,,,,,,,
Impetigo, skin_rash, high_fever, blister, red_sore_around_nose, yellow_crust_ooze,,,,,,,,,,,,
Fungal infection,itching, skin_rash, nodal_skin_eruptions, dischromic _patches,,,,,,,,,,,,,
Allergy, continuous_sneezing, shivering, chills, watering_from_eyes,,,,,,,,,,,,,
GERD, stomach_pain, acidity, ulcers_on_tongue, vomiting, cough, chest_pain,,,,,,,,,,,
Chronic cholestasis,itching, vomiting, yellowish_skin, nausea, loss_of_appetite, abdominal_pain, yellowing_of_eyes,,,,,,,,,,
Drug Reaction,itching, skin_rash, stomach_pain, burning_micturition, spotting_ urination,,,,,,,,,,,,
Peptic ulcer diseae, vomiting, indigestion, loss_of_appetite, abdominal_pain, passage_of_gases, internal_itching,,,,,,,,,,,
AIDS, muscle_wasting, patches_in_throat, high_fever, extra_marital_contacts,,,,,,,,,,,,,
Diabetes, fatigue, weight_loss, restlessness, lethargy, irregular_sugar_level, blurred_and_distorted_vision, obesity, excessive_hunger, increased_appetite, polyuria,,,,,,,
Gastroenteritis, vomiting, sunken_eyes, dehydration, diarrhoea,,,,,,,,,,,,,
Bronchial Asthma, fatigue, cough, high_fever, breathlessness, family_history, mucoid_sputum,,,,,,,,,,,
Hypertension, headache, chest_pain, dizziness, loss_of_balance, lack_of_concentration,,,,,,,,,,,,
Migraine, acidity, indigestion, headache, blurred_and_distorted_vision, excessive_hunger, stiff_neck, depression, irritability, visual_disturbances,,,,,,,,
Cervical spondylosis, back_pain, weakness_in_limbs, neck_pain, dizziness, loss_of_balance,,,,,,,,,,,,
Paralysis (brain hemorrhage), vomiting, headache, weakness_of_one_body_side, altered_sensorium,,,,,,,,,,,,,
Jaundice,itching, vomiting, fatigue, weight_loss, high_fever, yellowish_skin, dark_urine, abdominal_pain,,,,,,,,,
Malaria, chills, vomiting, high_fever, sweating, headache, nausea, diarrhoea, muscle_pain,,,,,,,,,
Chicken pox,itching, skin_rash, fatigue, lethargy, high_fever, headache, loss_of_appetite, mild_fever, swelled_lymph_nodes, malaise, red_spots_over_body,,,,,,
Dengue, skin_rash, chills, joint_pain, vomiting, fatigue, high_fever, headache, nausea, loss_of_appetite, pain_behind_the_eyes, back_pain, malaise, muscle_pain, red_spots_over_body,,,
Typhoid, chills, vomiting, fatigue, high_fever, headache, nausea, constipation, abdominal_pain, diarrhoea, toxic_look_(typhos), belly_pain,,,,,,
hepatitis A, joint_pain, vomiting, yellowish_skin, dark_urine, nausea, loss_of_appetite, abdominal_pain, diarrhoea, mild_fever, yellowing_of_eyes, muscle_pain,,,,,,
Hepatitis B,itching, fatigue, lethargy, yellowish_skin, dark_urine, loss_of_appetite, abdominal_pain, yellow_urine, yellowing_of_eyes, malaise, receiving_blood_transfusion, receiving_unsterile_injections,,,,,
Hepatitis C, fatigue, yellowish_skin, nausea, loss_of_appetite, yellowing_of_eyes, family_history,,,,,,,,,,,
Hepatitis D, joint_pain, vomiting, fatigue, yellowish_skin, dark_urine, nausea, loss_of_appetite, abdominal_pain, yellowing_of_eyes,,,,,,,,
Hepatitis E, joint_pain, vomiting, fatigue, high_fever, yellowish_skin, dark_urine, nausea, loss_of_appetite, abdominal_pain, yellowing_of_eyes, acute_liver_failure, coma, stomach_bleeding,,,,
Alcoholic hepatitis, vomiting, yellowish_skin, abdominal_pain, swelling_of_stomach, distention_of_abdomen, history_of_alcohol_consumption, fluid_overload,,,,,,,,,,
Tuberculosis, chills, vomiting, fatigue, weight_loss, cough, high_fever, breathlessness, sweating, loss_of_appetite, mild_fever, yellowing_of_eyes, swelled_lymph_nodes, malaise, phlegm, chest_pain, blood_in_sputum,
Common Cold, continuous_sneezing, chills, fatigue, cough, high_fever, headache, swelled_lymph_nodes, malaise, phlegm, throat_irritation, redness_of_eyes, sinus_pressure, runny_nose, congestion, chest_pain, loss_of_smell, muscle_pain
Pneumonia, chills, fatigue, cough, high_fever, breathlessness, sweating, malaise, phlegm, chest_pain, fast_heart_rate, rusty_sputum,,,,,,
Dimorphic hemmorhoids(piles), constipation, pain_during_bowel_movements, pain_in_anal_region, bloody_stool, irritation_in_anus,,,,,,,,,,,,
Heart attack, vomiting, breathlessness, sweating, chest_pain,,,,,,,,,,,,,
Varicose veins, fatigue, cramps, bruising, obesity, swollen_legs, swollen_blood_vessels, prominent_veins_on_calf,,,,,,,,,,
Hypothyroidism, fatigue, weight_gain, cold_hands_and_feets, mood_swings, lethargy, dizziness, puffy_face_and_eyes, enlarged_thyroid, brittle_nails, swollen_extremeties, depression, irritability, abnormal_menstruation,,,,
Hyperthyroidism, fatigue, mood_swings, weight_loss, restlessness, sweating, diarrhoea, fast_heart_rate, excessive_hunger, muscle_weakness, irritability, abnormal_menstruation,,,,,,
Hypoglycemia, vomiting, fatigue, anxiety, sweating, headache, nausea, blurred_and_distorted_vision, excessive_hunger, drying_and_tingling_lips, slurred_speech, irritability, palpitations,,,,,
Osteoarthristis, joint_pain, neck_pain, knee_pain, hip_joint_pain, swelling_joints, painful_walking,,,,,,,,,,,
Arthritis, muscle_weakness, stiff_neck, swelling_joints, movement_stiffness, painful_walking,,,,,,,,,,,,
(vertigo) Paroymsal  Positional Vertigo, vomiting, headache, nausea, spinning_movements, loss_of_balance, unsteadiness,,,,,,,,,,,
Acne, skin_rash, pus_filled_pimples, blackheads, scurring,,,,,,,,,,,,,
Urinary tract infection, burning_micturition, bladder_discomfort, foul_smell_of urine, continuous_feel_of_urine,,,,,,,,,,,,,
Psoriasis, skin_rash, joint_pain, skin_peeling, silver_like_dusting, small_dents_in_nails, inflammatory_nails,,,,,,,,,,,
Impetigo, skin_rash, high_fever, blister, red_sore_around_nose, yellow_crust_ooze,,,,,,,,,,,,
Fungal infection,itching, skin_rash, nodal_skin_eruptions, dischromic _patches,,,,,,,,,,,,,
Allergy, continuous_sneezing, shivering, chills, watering_from_eyes,,,,,,,,,,,,,
GERD, stomach_pain, acidity, ulcers_on_tongue, vomiting, cough, chest_pain,,,,,,,,,,,
Chronic cholestasis,itching, vomiting, yellowish_skin, nausea, loss_of_appetite, abdominal_pain, yellowing_of_eyes,,,,,,,,,,
Drug Reaction,itching, skin_rash, stomach_pain, burning_micturition, spotting_ urination,,,,,,,,,,,,
Peptic ulcer diseae, vomiting, indigestion, loss_of_appetite, abdominal_pain, passage_of_gases, internal_itching,,,,,,,,,,,
AIDS, muscle_wasting, patches_in_throat, high_fever, extra_marital_contacts,,,,,,,,,,,,,
Diabetes, fatigue, weight_loss, restlessness, lethargy, irregular_sugar_level, blurred_and_distorted_vision, obesity, excessive_hunger, increased_appetite, polyuria,,,,,,,
Gastroenteritis, vomiting, sunken_eyes, dehydration, diarrhoea,,,,,,,,,,,,,
Bronchial Asthma, fatigue, cough, high_fever, breathlessness, family_history, mucoid_sputum,,,,,,,,,,,
Hypertension, headache, chest_pain, dizziness, loss_of_balance, lack_of_concentration,,,,,,,,,,,,
Migraine, acidity, indigestion, headache, blurred_and_distorted_vision, excessive_hunger, stiff_neck, depression, irritability, visual_disturbances,,,,,,,,
Cervical spondylosis, back_pain, weakness_in_limbs, neck_pain, dizziness, loss_of_balance,,,,,,,,,,,,
Paralysis (brain hemorrhage), vomiting, headache, weakness_of_one_body_side, altered_sensorium,,,,,,,,,,,,,
Jaundice,itching, vomiting, fatigue, weight_loss, high_fever, yellowish_skin, dark_urine, abdominal_pain,,,,,,,,,
Malaria, chills, vomiting, high_fever, sweating, headache, nausea, diarrhoea, muscle_pain,,,,,,,,,
Chicken pox,itching, skin_rash, fatigue, lethargy, high_fever, headache, loss_of_appetite, mild_fever, swelled_lymph_nodes, malaise, red_spots_over_body,,,,,,
Dengue, skin_rash, chills, joint_pain, vomiting, fatigue, high_fever, headache, nausea, loss_of_appetite, pain_behind_the_eyes, back_pain, malaise, muscle_pain, red_spots_over_body,,,
Typhoid, chills, vomiting, fatigue, high_fever, headache, nausea, constipation, abdominal_pain, diarrhoea, toxic_look_(typhos), belly_pain,,,,,,
hepatitis A, joint_pain, vomiting, yellowish_skin, dark_urine, nausea, loss_of_appetite, abdominal_pain, diarrhoea, mild_fever, yellowing_of_eyes, muscle_pain,,,,,,
Hepatitis B,itching, fatigue, lethargy, yellowish_skin, dark_urine, loss_of_appetite, abdominal_pain, yellow_urine, yellowing_of_eyes, malaise, receiving_blood_transfusion, receiving_unsterile_injections,,,,,
Hepatitis C, fatigue, yellowish_skin, nausea, loss_of_appetite, yellowing_of_eyes, family_history,,,,,,,,,,,
Hepatitis D, joint_pain, vomiting, fatigue, yellowish_skin, dark_urine, nausea, loss_of_appetite, abdominal_pain, yellowing_of_eyes,,,,,,,,
Hepatitis E, joint_pain, vomiting, fatigue, high_fever, yellowish_skin, dark_urine, nausea, loss_of_appetite, abdominal_pain, yellowing_of_eyes, acute_liver_failure, coma, stomach_bleeding,,,,
Alcoholic hepatitis, vomiting, yellowish_skin, abdominal_pain, swelling_of_stomach, distention_of_abdomen, history_of_alcohol_consumption, fluid_overload,,,,,,,,,,
Tuberculosis, chills, vomiting, fatigue, weight_loss, cough, high_fever, breathlessness, sweating, loss_of_appetite, mild_fever, yellowing_of_eyes, swelled_lymph_nodes, malaise, phlegm, chest_pain, blood_in_sputum,
Common Cold, continuous_sneezing, chills, fatigue, cough, high_fever, headache, swelled_lymph_nodes, malaise, phlegm, throat_irritation, redness_of_eyes, sinus_pressure, runny_nose, congestion, chest_pain, loss_of_smell, muscle_pain
Pneumonia, chills, fatigue, cough, high_fever, breathlessness, sweating, malaise, phlegm, chest_pain, fast_heart_rate, rusty_sputum,,,,,,
Dimorphic hemmorhoids(piles), constipation, pain_during_bowel_movements, pain_in_anal_region, bloody_stool, irritation_in_anus,,,,,,,,,,,,
Heart attack, vomiting, breathlessness, sweating, chest_pain,,,,,,,,,,,,,
Varicose veins, fatigue, cramps, bruising, obesity, swollen_legs, swollen_blood_vessels, prominent_veins_on_calf,,,,,,,,,,
Hypothyroidism, fatigue, weight_gain, cold_hands_and_feets, mood_swings, lethargy, dizziness, puffy_face_and_eyes, enlarged_thyroid, brittle_nails, swollen_extremeties, depression, irritability, abnormal_menstruation,,,,
Hyperthyroidism, fatigue, mood_swings, weight_loss, restlessness, sweating, diarrhoea, fast_heart_rate, excessive_hunger, muscle_weakness, irritability, abnormal_menstruation,,,,,,
Hypoglycemia, vomiting, fatigue, anxiety, sweating, headache, nausea, blurred_and_distorted_vision, excessive_hunger, drying_and_tingling_lips, slurred_speech, irritability, palpitations,,,,,
Osteoarthristis, joint_pain, neck_pain, knee_pain, hip_joint_pain, swelling_joints, painful_walking,,,,,,,,,,,
Arthritis, muscle_weakness, stiff_neck, swelling_joints, movement_stiffness, painful_walking,,,,,,,,,,,,
(vertigo) Paroymsal  Positional Vertigo, vomiting, headache, nausea, spinning_movements, loss_of_balance, unsteadiness,,,,,,,,,,,
Acne, skin_rash, pus_filled_pimples, blackheads, scurring,,,,,,,,,,,,,
Urinary tract infection, burning_micturition, bladder_discomfort, foul_smell_of urine, continuous_feel_of_urine,,,,,,,,,,,,,
Psoriasis, skin_rash, joint_pain, skin_peeling, silver_like_dusting, small_dents_in_nails, inflammatory_nails,,,,,,,,,,,
Impetigo, skin_rash, high_fever, blister, red_sore_around_nose, yellow_crust_ooze,,,,,,,,,,,,
Fungal infection,itching, skin_rash, nodal_skin_eruptions, dischromic _patches,,,,,,,,,,,,,
Allergy, continuous_sneezing, shivering, chills, watering_from_eyes,,,,,,,,,,,,,
GERD, stomach_pain, acidity, ulcers_on_tongue, vomiting, cough, chest_pain,,,,,,,,,,,
Chronic cholestasis,itching, vomiting, yellowish_skin, nausea, loss_of_appetite, abdominal_pain, yellowing_of_eyes,,,,,,,,,,
Drug Reaction,itching, skin_rash, stomach_pain, burning_micturition, spotting_ urination,,,,,,,,,,,,
Peptic ulcer diseae, vomiting, indigestion, loss_of_appetite, abdominal_pain, passage_of_gases, internal_itching,,,,,,,,,,,
AIDS, muscle_wasting, patches_in_throat, high_fever, extra_marital_contacts,,,,,,,,,,,,,
Diabetes, fatigue, weight_loss, restlessness, lethargy, irregular_sugar_level, blurred_and_distorted_vision, obesity, excessive_hunger, increased_appetite, polyuria,,,,,,,
Gastroenteritis, vomiting, sunken_eyes, dehydration, diarrhoea,,,,,,,,,,,,,
Bronchial Asthma, fatigue, cough, high_fever, breathlessness, family_history, mucoid_sputum,,,,,,,,,,,
Hypertension, headache, chest_pain, dizziness, loss_of_balance, lack_of_concentration,,,,,,,,,,,,
Migraine, acidity, indigestion, headache, blurred_and_distorted_vision, excessive_hunger, stiff_neck, depression, irritability, visual_disturbances,,,,,,,,
Cervical spondylosis, back_pain, weakness_in_limbs, neck_pain, dizziness, loss_of_balance,,,,,,,,,,,,
Paralysis (brain hemorrhage), vomiting, headache, weakness_of_one_body_side, altered_sensorium,,,,,,,,,,,,,
Jaundice,itching, vomiting, fatigue, weight_loss, high_fever, yellowish_skin, dark_urine, abdominal_pain,,,,,,,,,
Malaria, chills, vomiting, high_fever, sweating, headache, nausea, diarrhoea, muscle_pain,,,,,,,,,
Chicken pox,itching, skin_rash, fatigue, lethargy, high_fever, headache, loss_of_appetite, mild_fever, swelled_lymph_nodes, malaise, red_spots_over_body,,,,,,
Dengue, skin_rash, chills, joint_pain, vomiting, fatigue, high_fever, headache, nausea, loss_of_appetite, pain_behind_the_eyes, back_pain, malaise, muscle_pain, red_spots_over_body,,,
Typhoid, chills, vomiting, fatigue, high_fever, headache, nausea, constipation, abdominal_pain, diarrhoea, toxic_look_(typhos), belly_pain,,,,,,
hepatitis A, joint_pain, vomiting, yellowish_skin, dark_urine, nausea, loss_of_appetite, abdominal_pain, diarrhoea, mild_fever, yellowing_of_eyes, muscle_pain,,,,,,
Hepatitis B,itching, fatigue, lethargy, yellowish_skin, dark_urine, loss_of_appetite, abdominal_pain, yellow_urine, yellowing_of_eyes, malaise, receiving_blood_transfusion, receiving_unsterile_injections,,,,,
Hepatitis C, fatigue, yellowish_skin, nausea, loss_of_appetite, yellowing_of_eyes, family_history,,,,,,,,,,,
Hepatitis D, joint_pain, vomiting, fatigue, yellowish_skin, dark_urine, nausea, loss_of_appetite, abdominal_pain, yellowing_of_eyes,,,,,,,,
Hepatitis E, joint_pain, vomiting, fatigue, high_fever, yellowish_skin, dark_urine, nausea, loss_of_appetite, abdominal_pain, yellowing_of_eyes, acute_liver_failure, coma, stomach_bleeding,,,,
Alcoholic hepatitis, vomiting, yellowish_skin, abdominal_pain, swelling_of_stomach, distention_of_abdomen, history_of_alcohol_consumption, fluid_overload,,,,,,,,,,
Tuberculosis, chills, vomiting, fatigue, weight_loss, cough, high_fever, breathlessness, sweating, loss_of_appetite, mild_fever, yellowing_of_eyes, swelled_lymph_nodes, malaise, phlegm, chest_pain, blood_in_sputum,
Common Cold, continuous_sneezing, chills, fatigue, cough, high_fever, headache, swelled_lymph_nodes, malaise, phlegm, throat_irritation, redness_of_eyes, sinus_pressure, runny_nose, congestion, chest_pain, loss_of_smell, muscle_pain
Pneumonia, chills, fatigue, cough, high_fever, breathlessness, sweating, malaise, phlegm, chest_pain, fast_heart_rate, rusty_sputum,,,,,,
Dimorphic hemmorhoids(piles), constipation, pain_during_bowel_movements, pain_in_anal_region, bloody_stool, irritation_in_anus,,,,,,,,,,,,
Heart attack, vomiting, breathlessness, sweating, chest_pain,,,,,,,,,,,,,
Varicose veins, fatigue, cramps, bruising, obesity, swollen_legs, swollen_blood_vessels, prominent_veins_on_calf,,,,,,,,,,
Hypothyroidism, fatigue, weight_gain, cold_hands_and_feets, mood_swings, lethargy, dizziness, puffy_face_and_eyes, enlarged_thyroid, brittle_nails, swollen_extremeties, depression, irritability, abnormal_menstruation,,,,
Hyperthyroidism, fatigue, mood_swings, weight_loss, restlessness, sweating, diarrhoea, fast_heart_rate, excessive_hunger, muscle_weakness, irritability, abnormal_menstruation,,,,,,
Hypoglycemia, vomiting, fatigue, anxiety, sweating, headache, nausea, blurred_and_distorted_vision, excessive_hunger, drying_and_tingling_lips, slurred_speech, irritability, palpitations,,,,,
Osteoarthristis, joint_pain, neck_pain, knee_pain, hip_joint_pain, swelling_joints, painful_walking,,,,,,,,,,,
Arthritis, muscle_weakness, stiff_neck, swelling_joints, movement_stiffness, painful_walking,,,,,,,,,,,,
(vertigo) Paroymsal  Positional Vertigo, vomiting, headache, nausea, spinning_movements, loss_of_balance, unsteadiness,,,,,,,,,,,
Acne, skin_rash, pus_filled_pimples, blackheads, scurring,,,,,,,,,,,,,
Urinary tract infection, burning_micturition, bladder_discomfort, foul_smell_of urine, continuous_feel_of_urine,,,,,,,,,,,,,
Psoriasis, skin_rash, joint_pain, skin_peeling, silver_like_dusting, small_dents_in_nails, inflammatory_nails,,,,,,,,,,,
Impetigo, skin_rash, high_fever, blister, red_sore_around_nose, yellow_crust_ooze,,,,,,,,,,,,
Fungal infection,itching, skin_rash, nodal_skin_eruptions, dischromic _patches,,,,,,,,,,,,,
Allergy, continuous_sneezing, shivering, chills, watering_from_eyes,,,,,,,,,,,,,
GERD, stomach_pain, acidity, ulcers_on_tongue, vomiting, cough, chest_pain,,,,,,,,,,,
Chronic cholestasis,itching, vomiting, yellowish_skin, nausea, loss_of_appetite, abdominal_pain, yellowing_of_eyes,,,,,,,,,,
Drug Reaction,itching, skin_rash, stomach_pain, burning_micturition, spotting_ urination,,,,,,,,,,,,
Peptic ulcer diseae, vomiting, indigestion, loss_of_appetite, abdominal_pain, passage_of_gases, internal_itching,,,,,,,,,,,
AIDS, muscle_wasting, patches_in_throat, high_fever, extra_marital_contacts,,,,,,,,,,,,,
Diabetes, fatigue, weight_loss, restlessness, lethargy, irregular_sugar_level, blurred_and_distorted_vision, obesity, excessive_hunger, increased_appetite, polyuria,,,,,,,
Gastroenteritis, vomiting, sunken_eyes, dehydration, diarrhoea,,,,,,,,,,,,,
Bronchial Asthma, fatigue, cough, high_fever, breathlessness, family_history, mucoid_sputum,,,,,,,,,,,
Hypertension, headache, chest_pain, dizziness, loss_of_balance, lack_of_concentration,,,,,,,,,,,,
Migraine, acidity, indigestion, headache, blurred_and_distorted_vision, excessive_hunger, stiff_neck, depression, irritability, visual_disturbances,,,,,,,,
Cervical spondylosis, back_pain, weakness_in_limbs, neck_pain, dizziness, loss_of_balance,,,,,,,,,,,,
Paralysis (brain hemorrhage), vomiting, headache, weakness_of_one_body_side, altered_sensorium,,,,,,,,,,,,,
Jaundice,itching, vomiting, fatigue, weight_loss, high_fever, yellowish_skin, dark_urine, abdominal_pain,,,,,,,,,
Malaria, chills, vomiting, high_fever, sweating, headache, nausea, diarrhoea, muscle_pain,,,,,,,,,
Chicken pox,itching, skin_rash, fatigue, lethargy, high_fever, headache, loss_of_appetite, mild_fever, swelled_lymph_nodes, malaise, red_spots_over_body,,,,,,
Dengue, skin_rash, chills, joint_pain, vomiting, fatigue, high_fever, headache, nausea, loss_of_appetite, pain_behind_the_eyes, back_pain, malaise, muscle_pain, red_spots_over_body,,,
Typhoid, chills, vomiting, fatigue, high_fever, headache, nausea, constipation, abdominal_pain, diarrhoea, toxic_look_(typhos), belly_pain,,,,,,
hepatitis A, joint_pain, vomiting, yellowish_skin, dark_urine, nausea, loss_of_appetite, abdominal_pain, diarrhoea, mild_fever, yellowing_of_eyes, muscle_pain,,,,,,
Hepatitis B,itching, fatigue, lethargy, yellowish_skin, dark_urine, loss_of_appetite, abdominal_pain, yellow_urine, yellowing_of_eyes, malaise, receiving_blood_transfusion, receiving_unsterile_injections,,,,,
Hepatitis C, fatigue, yellowish_skin, nausea, loss_of_appetite, yellowing_of_eyes, family_history,,,,,,,,,,,
Hepatitis D, joint_pain, vomiting, fatigue, yellowish_skin, dark_urine, nausea, loss_of_appetite, abdominal_pain, yellowing_of_eyes,,,,,,,,
Hepatitis E, joint_pain, vomiting, fatigue, high_fever, yellowish_skin, dark_urine, nausea, loss_of_appetite, abdominal_pain, yellowing_of_eyes, acute_liver_failure, coma, stomach_bleeding,,,,
Alcoholic hepatitis, vomiting, yellowish_skin, abdominal_pain, swelling_of_stomach, distention_of_abdomen, history_of_alcohol_consumption, fluid_overload,,,,,,,,,,
Tuberculosis, chills, vomiting, fatigue, weight_loss, cough, high_fever, breathlessness, sweating, loss_of_appetite, mild_fever, yellowing_of_eyes, swelled_lymph_nodes, malaise, phlegm, chest_pain, blood_in_sputum,
Common Cold, continuous_sneezing, chills, fatigue, cough, high_fever, headache, swelled_lymph_nodes, malaise, phlegm, throat_irritation, redness_of_eyes, sinus_pressure, runny_nose, congestion, chest_pain, loss_of_smell, muscle_pain
Pneumonia, chills, fatigue, cough, high_fever, breathlessness, sweating, malaise, phlegm, chest_pain, fast_heart_rate, rusty_sputum,,,,,,
Dimorphic hemmorhoids(piles), constipation, pain_during_bowel_movements, pain_in_anal_region, bloody_stool, irritation_in_anus,,,,,,,,,,,,
Heart attack, vomiting, breathlessness, sweating, chest_pain,,,,,,,,,,,,,
Varicose veins, fatigue, cramps, bruising, obesity, swollen_legs, swollen_blood_vessels, prominent_veins_on_calf,,,,,,,,,,
Hypothyroidism, fatigue, weight_gain, cold_hands_and_feets, mood_swings, lethargy, dizziness, puffy_face_and_eyes, enlarged_thyroid, brittle_nails, swollen_extremeties, depression, irritability, abnormal_menstruation,,,,
Hyperthyroidism, fatigue, mood_swings, weight_loss, restlessness, sweating, diarrhoea, fast_heart_rate, excessive_hunger, muscle_weakness, irritability, abnormal_menstruation,,,,,,
Hypoglycemia, vomiting, fatigue, anxiety, sweating, headache, nausea, blurred_and_distorted_vision, excessive_hunger, drying_and_tingling_lips, slurred_speech, irritability, palpitations,,,,,
Osteoarthristis, joint_pain, neck_pain, knee_pain, hip_joint_pain, swelling_joints, painful_walking,,,,,,,,,,,
Arthritis, muscle_weakness, stiff_neck, swelling_joints, movement_stiffness, painful_walking,,,,,,,,,,,,
(vertigo) Paroymsal  Positional Vertigo, vomiting, headache, nausea, spinning_movements, loss_of_balance, unsteadiness,,,,,,,,,,,
Acne, skin_rash, pus_filled_pimples, blackheads, scurring,,,,,,,,,,,,,
Urinary tract infection, burning_micturition, bladder_discomfort, foul_smell_of urine, continuous_feel_of_urine,,,,,,,,,,,,,
Psoriasis, skin_rash, joint_pain, skin_peeling, silver_like_dusting, small_dents_in_nails, inflammatory_nails,,,,,,,,,,,
Impetigo, skin_rash, high_fever, blister, red_sore_around_nose, yellow_crust_ooze,,,,,,,,,,,,
Fungal infection,itching, skin_rash, nodal_skin_eruptions, dischromic _patches,,,,,,,,,,,,,
Allergy, continuous_sneezing, shivering, chills, watering_from_eyes,,,,,,,,,,,,,
GERD, stomach_pain, acidity, ulcers_on_tongue, vomiting, cough, chest_pain,,,,,,,,,,,
Chronic cholestasis,itching, vomiting, yellowish_skin, nausea, loss_of_appetite, abdominal_pain, yellowing_of_eyes,,,,,,,,,,
Drug Reaction,itching, skin_rash, stomach_pain, burning_micturition, spotting_ urination,,,,,,,,,,,,
Peptic ulcer diseae, vomiting, indigestion, loss_of_appetite, abdominal_pain, passage_of_gases, internal_itching,,,,,,,,,,,
AIDS, muscle_wasting, patches_in_throat, high_fever, extra_marital_contacts,,,,,,,,,,,,,
Diabetes, fatigue, weight_loss, restlessness, lethargy, irregular_sugar_level, blurred_and_distorted_vision, obesity, excessive_hunger, increased_appetite, polyuria,,,,,,,
Gastroenteritis, vomiting, sunken_eyes, dehydration, diarrhoea,,,,,,,,,,,,,
Bronchial Asthma, fatigue, cough, high_fever, breathlessness, family_history, mucoid_sputum,,,,,,,,,,,
Hypertension, headache, chest_pain, dizziness, loss_of_balance, lack_of_concentration,,,,,,,,,,,,
Migraine, acidity, indigestion, headache, blurred_and_distorted_vision, excessive_hunger, stiff_neck, depression, irritability, visual_disturbances,,,,,,,,
Cervical spondylosis, back_pain, weakness_in_limbs, neck_pain, dizziness, loss_of_balance,,,,,,,,,,,,
Paralysis (brain hemorrhage), vomiting, headache, weakness_of_one_body_side, altered_sensorium,,,,,,,,,,,,,
Jaundice,itching, vomiting, fatigue, weight_loss, high_fever, yellowish_skin, dark_urine, abdominal_pain,,,,,,,,,
Malaria, chills, vomiting, high_fever, sweating, headache, nausea, diarrhoea, muscle_pain,,,,,,,,,
Chicken pox,itching, skin_rash, fatigue, lethargy, high_fever, headache, loss_of_appetite, mild_fever, swelled_lymph_nodes, malaise, red_spots_over_body,,,,,,
Dengue, skin_rash, chills, joint_pain, vomiting, fatigue, high_fever, headache, nausea, loss_of_appetite, pain_behind_the_eyes, back_pain, malaise, muscle_pain, red_spots_over_body,,,
Typhoid, chills, vomiting, fatigue, high_fever, headache, nausea, constipation, abdominal_pain, diarrhoea, toxic_look_(typhos), belly_pain,,,,,,
hepatitis A, joint_pain, vomiting, yellowish_skin, dark_urine, nausea, loss_of_appetite, abdominal_pain, diarrhoea, mild_fever, yellowing_of_eyes, muscle_pain,,,,,,
Hepatitis B,itching, fatigue, lethargy, yellowish_skin, dark_urine, loss_of_appetite, abdominal_pain, yellow_urine, yellowing_of_eyes, malaise, receiving_blood_transfusion, receiving_unsterile_injections,,,,,
Hepatitis C, fatigue, yellowish_skin, nausea, loss_of_appetite, yellowing_of_eyes, family_history,,,,,,,,,,,
Hepatitis D, joint_pain, vomiting, fatigue, yellowish_skin, dark_urine, nausea, loss_of_appetite, abdominal_pain, yellowing_of_eyes,,,,,,,,
Hepatitis E, joint_pain, vomiting, fatigue, high_fever, yellowish_skin, dark_urine, nausea, loss_of_appetite, abdominal_pain, yellowing_of_eyes, acute_liver_failure, coma, stomach_bleeding,,,,
Alcoholic hepatitis, vomiting, yellowish_skin, abdominal_pain, swelling_of_stomach, distention_of_abdomen, history_of_alcohol_consumption, fluid_overload,,,,,,,,,,
Tuberculosis, chills, vomiting, fatigue, weight_loss, cough, high_fever, breathlessness, sweating, loss_of_appetite, mild_fever, yellowing_of_eyes, swelled_lymph_nodes, malaise, phlegm, chest_pain, blood_in_sputum,
Common Cold, continuous_sneezing, chills, fatigue, cough, high_fever, headache, swelled_lymph_nodes, malaise, phlegm, throat_irritation, redness_of_eyes, sinus_pressure, runny_nose, congestion, chest_pain, loss_of_smell, muscle_pain
Pneumonia, chills, fatigue, cough, high_fever, breathlessness, sweating, malaise, phlegm, chest_pain, fast_heart_rate, rusty_sputum,,,,,,
Dimorphic hemmorhoids(piles), constipation, pain_during_bowel_movements, pain_in_anal_region, bloody_stool, irritation_in_anus,,,,,,,,,,,,
Heart attack, vomiting, breathlessness, sweating, chest_pain,,,,,,,,,,,,,
Varicose veins, fatigue, cramps, bruising, obesity, swollen_legs, swollen_blood_vessels, prominent_veins_on_calf,,,,,,,,,,
Hypothyroidism, fatigue, weight_gain, cold_hands_and_feets, mood_swings, lethargy, dizziness, puffy_face_and_eyes, enlarged_thyroid, brittle_nails, swollen_extremeties, depression, irritability, abnormal_menstruation,,,,
Hyperthyroidism, fatigue, mood_swings, weight_loss, restlessness, sweating, diarrhoea, fast_heart_rate, excessive_hunger, muscle_weakness, irritability, abnormal_menstruation,,,,,,
Hypoglycemia, vomiting, fatigue, anxiety, sweating, headache, nausea, blurred_and_distorted_vision, excessive_hunger, drying_and_tingling_lips, slurred_speech, irritability, palpitations,,,,,
Osteoarthristis, joint_pain, neck_pain, knee_pain, hip_joint_pain, swelling_joints, painful_walking,,,,,,,,,,,
Arthritis, muscle_weakness, stiff_neck, swelling_joints, movement_stiffness, painful_walking,,,,,,,,,,,,
(vertigo) Paroymsal  Positional Vertigo, vomiting, headache, nausea, spinning_movements, loss_of_balance, unsteadiness,,,,,,,,,,,
Acne, skin_rash, pus_filled_pimples, blackheads, scurring,,,,,,,,,,,,,
Urinary tract infection, burning_micturition, bladder_discomfort, foul_smell_of urine, continuous_feel_of_urine,,,,,,,,,,,,,
Psoriasis, skin_rash, joint_pain, skin_peeling, silver_like_dusting, small_dents_in_nails, inflammatory_nails,,,,,,,,,,,
Impetigo, skin_rash, high_fever, blister, red_sore_around_nose, yellow_crust_ooze,,,,,,,,,,,,
Fungal infection,itching, skin_rash, nodal_skin_eruptions, dischromic _patches,,,,,,,,,,,,,
Allergy, continuous_sneezing, shivering, chills, watering_from_eyes,,,,,,,,,,,,,
GERD, stomach_pain, acidity, ulcers_on_tongue, vomiting, cough, chest_pain,,,,,,,,,,,
Chronic cholestasis,itching, vomiting, yellowish_skin, nausea, loss_of_appetite, abdominal_pain, yellowing_of_eyes,,,,,,,,,,
Drug Reaction,itching, skin_rash, stomach_pain, burning_micturition, spotting_ urination,,,,,,,,,,,,
Peptic ulcer diseae, vomiting, indigestion, loss_of_appetite, abdominal_pain, passage_of_gases, internal_itching,,,,,,,,,,,
AIDS, muscle_wasting, patches_in_throat, high_fever, extra_marital_contacts,,,,,,,,,,,,,
Diabetes, fatigue, weight_loss, restlessness, lethargy, irregular_sugar_level, blurred_and_distorted_vision, obesity, excessive_hunger, increased_appetite, polyuria,,,,,,,
Gastroenteritis, vomiting, sunken_eyes, dehydration, diarrhoea,,,,,,,,,,,,,
Bronchial Asthma, fatigue, cough, high_fever, breathlessness, family_history, mucoid_sputum,,,,,,,,,,,
Hypertension, headache, chest_pain, dizziness, loss_of_balance, lack_of_concentration,,,,,,,,,,,,
Migraine, acidity, indigestion, headache, blurred_and_distorted_vision, excessive_hunger, stiff_neck, depression, irritability, visual_disturbances,,,,,,,,
Cervical spondylosis, back_pain, weakness_in_limbs, neck_pain, dizziness, loss_of_balance,,,,,,,,,,,,
Paralysis (brain hemorrhage), vomiting, headache, weakness_of_one_body_side, altered_sensorium,,,,,,,,,,,,,
Jaundice,itching, vomiting, fatigue, weight_loss, high_fever, yellowish_skin, dark_urine, abdominal_pain,,,,,,,,,
Malaria, chills, vomiting, high_fever, sweating, headache, nausea, diarrhoea, muscle_pain,,,,,,,,,
Chicken pox,itching, skin_rash, fatigue, lethargy, high_fever, headache, loss_of_appetite, mild_fever, swelled_lymph_nodes, malaise, red_spots_over_body,,,,,,
Dengue, skin_rash, chills, joint_pain, vomiting, fatigue, high_fever, headache, nausea, loss_of_appetite, pain_behind_the_eyes, back_pain, malaise, muscle_pain, red_spots_over_body,,,
Typhoid, chills, vomiting, fatigue, high_fever, headache, nausea, constipation, abdominal_pain, diarrhoea, toxic_look_(typhos), belly_pain,,,,,,
hepatitis A, joint_pain, vomiting, yellowish_skin, dark_urine, nausea, loss_of_appetite, abdominal_pain, diarrhoea, mild_fever, yellowing_of_eyes, muscle_pain,,,,,,
Hepatitis B,itching, fatigue, lethargy, yellowish_skin, dark_urine, loss_of_appetite, abdominal_pain, yellow_urine, yellowing_of_eyes, malaise, receiving_blood_transfusion, receiving_unsterile_injections,,,,,
Hepatitis C, fatigue, yellowish_skin, nausea, loss_of_appetite, yellowing_of_eyes, family_history,,,,,,,,,,,
Hepatitis D, joint_pain, vomiting, fatigue, yellowish_skin, dark_urine, nausea, loss_of_appetite, abdominal_pain, yellowing_of_eyes,,,,,,,,
Hepatitis E, joint_pain, vomiting, fatigue, high_fever, yellowish_skin, dark_urine, nausea, loss_of_appetite, abdominal_pain, yellowing_of_eyes, acute_liver_failure, coma, stomach_bleeding,,,,
Alcoholic hepatitis, vomiting, yellowish_skin, abdominal_pain, swelling_of_stomach, distention_of_abdomen, history_of_alcohol_consumption, fluid_overload,,,,,,,,,,
Tuberculosis, chills, vomiting, fatigue, weight_loss, cough, high_fever, breathlessness, sweating, loss_of_appetite, mild_fever, yellowing_of_eyes, swelled_lymph_nodes, malaise, phlegm, chest_pain, blood_in_sputum,
Common Cold, continuous_sneezing, chills, fatigue, cough, high_fever, headache, swelled_lymph_nodes, malaise, phlegm, throat_irritation, redness_of_eyes, sinus_pressure, runny_nose, congestion, chest_pain, loss_of_smell, muscle_pain
Pneumonia, chills, fatigue, cough, high_fever, breathlessness, sweating, malaise, phlegm, chest_pain, fast_heart_rate, rusty_sputum,,,,,,
Dimorphic hemmorhoids(piles), constipation, pain_during_bowel_movements, pain_in_anal_region, bloody_stool, irritation_in_anus,,,,,,,,,,,,
Heart attack, vomiting, breathlessness, sweating, chest_pain,,,,,,,,,,,,,
Varicose veins, fatigue, cramps, bruising, obesity, swollen_legs, swollen_blood_vessels, prominent_veins_on_calf,,,,,,,,,,
Hypothyroidism, fatigue, weight_gain, cold_hands_and_feets, mood_swings, lethargy, dizziness, puffy_face_and_eyes, enlarged_thyroid, brittle_nails, swollen_extremeties, depression, irritability, abnormal_menstruation,,,,
Hyperthyroidism, fatigue, mood_swings, weight_loss, restlessness, sweating, diarrhoea, fast_heart_rate, excessive_hunger, muscle_weakness, irritability, abnormal_menstruation,,,,,,
Hypoglycemia, vomiting, fatigue, anxiety, sweating, headache, nausea, blurred_and_distorted_vision, excessive_hunger, drying_and_tingling_lips, slurred_speech, irritability, palpitations,,,,,
Osteoarthristis, joint_pain, neck_pain, knee_pain, hip_joint_pain, swelling_joints, painful_walking,,,,,,,,,,,
Arthritis, muscle_weakness, stiff_neck, swelling_joints, movement_stiffness, painful_walking,,,,,,,,,,,,
(vertigo) Paroymsal  Positional Vertigo, vomiting, headache, nausea, spinning_movements, loss_of_balance, unsteadiness,,,,,,,,,,,
Acne, skin_rash, pus_filled_pimples, blackheads, scurring,,,,,,,,,,,,,
Urinary tract infection, burning_micturition, bladder_discomfort, foul_smell_of urine, continuous_feel_of_urine,,,,,,,,,,,,,
Psoriasis, skin_rash, joint_pain, skin_peeling, silver_like_dusting, small_dents_in_nails, inflammatory_nails,,,,,,,,,,,
Impetigo, skin_rash, high_fever, blister, red_sore_around_nose, yellow_crust_ooze,,,,,,,,,,,,
Fungal infection,itching, skin_rash, nodal_skin_eruptions, dischromic _patches,,,,,,,,,,,,,
Allergy, continuous_sneezing, shivering, chills, watering_from_eyes,,,,,,,,,,,,,
GERD, stomach_pain, acidity, ulcers_on_tongue, vomiting, cough, chest_pain,,,,,,,,,,,
Chronic cholestasis,itching, vomiting, yellowish_skin, nausea, loss_of_appetite, abdominal_pain, yellowing_of_eyes,,,,,,,,,,
Drug Reaction,itching, skin_rash, stomach_pain, burning_micturition, spotting_ urination,,,,,,,,,,,,
Peptic ulcer diseae, vomiting, indigestion, loss_of_appetite, abdominal_pain, passage_of_gases, internal_itching,,,,,,,,,,,
AIDS, muscle_wasting, patches_in_throat, high_fever, extra_marital_contacts,,,,,,,,,,,,,
Diabetes, fatigue, weight_loss, restlessness, lethargy, irregular_sugar_level, blurred_and_distorted_vision, obesity, excessive_hunger, increased_appetite, polyuria,,,,,,,
Gastroenteritis, vomiting, sunken_eyes, dehydration, diarrhoea,,,,,,,,,,,,,
Bronchial Asthma, fatigue, cough, high_fever, breathlessness, family_history, mucoid_sputum,,,,,,,,,,,
Hypertension, headache, chest_pain, dizziness, loss_of_balance, lack_of_concentration,,,,,,,,,,,,
Migraine, acidity, indigestion, headache, blurred_and_distorted_vision, excessive_hunger, stiff_neck, depression, irritability, visual_disturbances,,,,,,,,
Cervical spondylosis, back_pain, weakness_in_limbs, neck_pain, dizziness, loss_of_balance,,,,,,,,,,,,
Paralysis (brain hemorrhage), vomiting, headache, weakness_of_one_body_side, altered_sensorium,,,,,,,,,,,,,
Jaundice,itching, vomiting, fatigue, weight_loss, high_fever, yellowish_skin, dark_urine, abdominal_pain,,,,,,,,,
Malaria, chills, vomiting, high_fever, sweating, headache, nausea, diarrhoea, muscle_pain,,,,,,,,,
Chicken pox,itching, skin_rash, fatigue, lethargy, high_fever, headache, loss_of_appetite, mild_fever, swelled_lymph_nodes, malaise, red_spots_over_body,,,,,,
Dengue, skin_rash, chills, joint_pain, vomiting, fatigue, high_fever, headache, nausea, loss_of_appetite, pain_behind_the_eyes, back_pain, malaise, muscle_pain, red_spots_over_body,,,
Typhoid, chills, vomiting, fatigue, high_fever, headache, nausea, constipation, abdominal_pain, diarrhoea, toxic_look_(typhos), belly_pain,,,,,,
hepatitis A, joint_pain, vomiting, yellowish_skin, dark_urine, nausea, loss_of_appetite, abdominal_pain, diarrhoea, mild_fever, yellowing_of_eyes, muscle_pain,,,,,,
Hepatitis B,itching, fatigue, lethargy, yellowish_skin, dark_urine, loss_of_appetite, abdominal_pain, yellow_urine, yellowing_of_eyes, malaise, receiving_blood_transfusion, receiving_unsterile_injections,,,,,
Hepatitis C, fatigue, yellowish_skin, nausea, loss_of_appetite, yellowing_of_eyes, family_history,,,,,,,,,,,
Hepatitis D, joint_pain, vomiting, fatigue, yellowish_skin, dark_urine, nausea, loss_of_appetite, abdominal_pain, yellowing_of_eyes,,,,,,,,
Hepatitis E, joint_pain, vomiting, fatigue, high_fever, yellowish_skin, dark_urine, nausea, loss_of_appetite, abdominal_pain, yellowing_of_eyes, acute_liver_failure, coma, stomach_bleeding,,,,
Alcoholic hepatitis, vomiting, yellowish_skin, abdominal_pain, swelling_of_stomach, distention_of_abdomen, history_of_alcohol_consumption, fluid_overload,,,,,,,,,,
Tuberculosis, chills, vomiting, fatigue, weight_loss, cough, high_fever, breathlessness, sweating, loss_of_appetite, mild_fever, yellowing_of_eyes, swelled_lymph_nodes, malaise, phlegm, chest_pain, blood_in_sputum,
Common Cold, continuous_sneezing, chills, fatigue, cough, high_fever, headache, swelled_lymph_nodes, malaise, phlegm, throat_irritation, redness_of_eyes, sinus_pressure, runny_nose, congestion, chest_pain, loss_of_smell, muscle_pain
Pneumonia, chills, fatigue, cough, high_fever, breathlessness, sweating, malaise, phlegm, chest_pain, fast_heart_rate, rusty_sputum,,,,,,
Dimorphic hemmorhoids(piles), constipation, pain_during_bowel_movements, pain_in_anal_region, bloody_stool, irritation_in_anus,,,,,,,,,,,,
Heart attack, vomiting, breathlessness, sweating, chest_pain,,,,,,,,,,,,,
Varicose veins, fatigue, cramps, bruising, obesity, swollen_legs, swollen_blood_vessels, prominent_veins_on_calf,,,,,,,,,,
Hypothyroidism, fatigue, weight_gain, cold_hands_and_feets, mood_swings, lethargy, dizziness, puffy_face_and_eyes, enlarged_thyroid, brittle_nails, swollen_extremeties, depression, irritability, abnormal_menstruation,,,,
Hyperthyroidism, fatigue, mood_swings, weight_loss, restlessness, sweating, diarrhoea, fast_heart_rate, excessive_hunger, muscle_weakness, irritability, abnormal_menstruation,,,,,,
Hypoglycemia, vomiting, fatigue, anxiety, sweating, headache, nausea, blurred_and_distorted_vision, excessive_hunger, drying_and_tingling_lips, slurred_speech, irritability, palpitations,,,,,
Osteoarthristis, joint_pain, neck_pain, knee_pain, hip_joint_pain, swelling_joints, painful_walking,,,,,,,,,,,
Arthritis, muscle_weakness, stiff_neck, swelling_joints, movement_stiffness, painful_walking,,,,,,,,,,,,
(vertigo) Paroymsal  Positional Vertigo, vomiting, headache, nausea, spinning_movements, loss_of_balance, unsteadiness,,,,,,,,,,,
Acne, skin_rash, pus_filled_pimples, blackheads, scurring,,,,,,,,,,,,,
Urinary tract infection, burning_micturition, bladder_discomfort, foul_smell_of urine, continuous_feel_of_urine,,,,,,,,,,,,,
Psoriasis, skin_rash, joint_pain, skin_peeling, silver_like_dusting, small_dents_in_nails, inflammatory_nails,,,,,,,,,,,
Impetigo, skin_rash, high_fever, blister, red_sore_around_nose, yellow_crust_ooze,,,,,,,,,,,,
Fungal infection,itching, skin_rash, nodal_skin_eruptions, dischromic _patches,,,,,,,,,,,,,
Allergy, continuous_sneezing, shivering, chills, watering_from_eyes,,,,,,,,,,,,,
GERD, stomach_pain, acidity, ulcers_on_tongue, vomiting, cough, chest_pain,,,,,,,,,,,
Chronic cholestasis,itching, vomiting, yellowish_skin, nausea, loss_of_appetite, abdominal_pain, yellowing_of_eyes,,,,,,,,,,
Drug Reaction,itching, skin_rash, stomach_pain, burning_micturition, spotting_ urination,,,,,,,,,,,,
Peptic ulcer diseae, vomiting, indigestion, loss_of_appetite, abdominal_pain, passage_of_gases, internal_itching,,,,,,,,,,,
AIDS, muscle_wasting, patches_in_throat, high_fever, extra_marital_contacts,,,,,,,,,,,,,
Diabetes, fatigue, weight_loss, restlessness, lethargy, irregular_sugar_level, blurred_and_distorted_vision, obesity, excessive_hunger, increased_appetite, polyuria,,,,,,,
Gastroenteritis, vomiting, sunken_eyes, dehydration, diarrhoea,,,,,,,,,,,,,
Bronchial Asthma, fatigue, cough, high_fever, breathlessness, family_history, mucoid_sputum,,,,,,,,,,,
Hypertension, headache, chest_pain, dizziness, loss_of_balance, lack_of_concentration,,,,,,,,,,,,
Migraine, acidity, indigestion, headache, blurred_and_distorted_vision, excessive_hunger, stiff_neck, depression, irritability, visual_disturbances,,,,,,,,
Cervical spondylosis, back_pain, weakness_in_limbs, neck_pain, dizziness, loss_of_balance,,,,,,,,,,,,
Paralysis (brain hemorrhage), vomiting, headache, weakness_of_one_body_side, altered_sensorium,,,,,,,,,,,,,
Jaundice,itching, vomiting, fatigue, weight_loss, high_fever, yellowish_skin, dark_urine, abdominal_pain,,,,,,,,,
Malaria, chills, vomiting, high_fever, sweating, headache, nausea, diarrhoea, muscle_pain,,,,,,,,,
Chicken pox,itching, skin_rash, fatigue, lethargy, high_fever, headache, loss_of_appetite, mild_fever, swelled_lymph_nodes, malaise, red_spots_over_body,,,,,,
Dengue, skin_rash, chills, joint_pain, vomiting, fatigue, high_fever, headache, nausea, loss_of_appetite, pain_behind_the_eyes, back_pain, malaise, muscle_pain, red_spots_over_body,,,
Typhoid, chills, vomiting, fatigue, high_fever, headache, nausea, constipation, abdominal_pain, diarrhoea, toxic_look_(typhos), belly_pain,,,,,,
hepatitis A, joint_pain, vomiting, yellowish_skin, dark_urine, nausea, loss_of_appetite, abdominal_pain, diarrhoea, mild_fever, yellowing_of_eyes, muscle_pain,,,,,,
Hepatitis B,itching, fatigue, lethargy, yellowish_skin, dark_urine, loss_of_appetite, abdominal_pain, yellow_urine, yellowing_of_eyes, malaise, receiving_blood_transfusion, receiving_unsterile_injections,,,,,
Hepatitis C, fatigue, yellowish_skin, nausea, loss_of_appetite, yellowing_of_eyes, family_history,,,,,,,,,,,
Hepatitis D, joint_pain, vomiting, fatigue, yellowish_skin, dark_urine, nausea, loss_of_appetite, abdominal_pain, yellowing_of_eyes,,,,,,,,
Hepatitis E, joint_pain, vomiting, fatigue, high_fever, yellowish_skin, dark_urine, nausea, loss_of_appetite, abdominal_pain, yellowing_of_eyes, acute_liver_failure, coma, stomach_bleeding,,,,
Alcoholic hepatitis, vomiting, yellowish_skin, abdominal_pain, swelling_of_stomach, distention_of_abdomen, history_of_alcohol_consumption, fluid_overload,,,,,,,,,,
Tuberculosis, chills, vomiting, fatigue, weight_loss, cough, high_fever, breathlessness, sweating, loss_of_appetite, mild_fever, yellowing_of_eyes, swelled_lymph_nodes, malaise, phlegm, chest_pain, blood_in_sputum,
Common Cold, continuous_sneezing, chills, fatigue, cough, high_fever, headache, swelled_lymph_nodes, malaise, phlegm, throat_irritation, redness_of_eyes, sinus_pressure, runny_nose, congestion, chest_pain, loss_of_smell, muscle_pain
Pneumonia, chills, fatigue, cough, high_fever, breathlessness, sweating, malaise, phlegm, chest_pain, fast_heart_rate, rusty_sputum,,,,,,
Dimorphic hemmorhoids(piles), constipation, pain_during_bowel_movements, pain_in_anal_region, bloody_stool, irritation_in_anus,,,,,,,,,,,,
Heart attack, vomiting, breathlessness, sweating, chest_pain,,,,,,,,,,,,,
Varicose veins, fatigue, cramps, bruising, obesity, swollen_legs, swollen_blood_vessels, prominent_veins_on_calf,,,,,,,,,,
Hypothyroidism, fatigue, weight_gain, cold_hands_and_feets, mood_swings, lethargy, dizziness, puffy_face_and_eyes, enlarged_thyroid, brittle_nails, swollen_extremeties, depression, irritability, abnormal_menstruation,,,,
Hyperthyroidism, fatigue, mood_swings, weight_loss, restlessness, sweating, diarrhoea, fast_heart_rate, excessive_hunger, muscle_weakness, irritability, abnormal_menstruation,,,,,,
Hypoglycemia, vomiting, fatigue, anxiety, sweating, headache, nausea, blurred_and_distorted_vision, excessive_hunger, drying_and_tingling_lips, slurred_speech, irritability, palpitations,,,,,
Osteoarthristis, joint_pain, neck_pain, knee_pain, hip_joint_pain, swelling_joints, painful_walking,,,,,,,,,,,
Arthritis, muscle_weakness, stiff_neck, swelling_joints, movement_stiffness, painful_walking,,,,,,,,,,,,
(vertigo) Paroymsal  Positional Vertigo, vomiting, headache, nausea, spinning_movements, loss_of_balance, unsteadiness,,,,,,,,,,,
Acne, skin_rash, pus_filled_pimples, blackheads, scurring,,,,,,,,,,,,,
Urinary tract infection, burning_micturition, bladder_discomfort, foul_smell_of urine, continuous_feel_of_urine,,,,,,,,,,,,,
Psoriasis, skin_rash, joint_pain, skin_peeling, silver_like_dusting, small_dents_in_nails, inflammatory_nails,,,,,,,,,,,
Impetigo, skin_rash, high_fever, blister, red_sore_around_nose, yellow_crust_ooze,,,,,,,,,,,,
Fungal infection,itching, skin_rash, nodal_skin_eruptions, dischromic _patches,,,,,,,,,,,,,
Allergy, continuous_sneezing, shivering, chills, watering_from_eyes,,,,,,,,,,,,,
GERD, stomach_pain, acidity, ulcers_on_tongue, vomiting, cough, chest_pain,,,,,,,,,,,
Chronic cholestasis,itching, vomiting, yellowish_skin, nausea, loss_of_appetite, abdominal_pain, yellowing_of_eyes,,,,,,,,,,
Drug Reaction,itching, skin_rash, stomach_pain, burning_micturition, spotting_ urination,,,,,,,,,,,,
Peptic ulcer diseae, vomiting, indigestion, loss_of_appetite, abdominal_pain, passage_of_gases, internal_itching,,,,,,,,,,,
AIDS, muscle_wasting, patches_in_throat, high_fever, extra_marital_contacts,,,,,,,,,,,,,
Diabetes, fatigue, weight_loss, restlessness, lethargy, irregular_sugar_level, blurred_and_distorted_vision, obesity, excessive_hunger, increased_appetite, polyuria,,,,,,,
Gastroenteritis, vomiting, sunken_eyes, dehydration, diarrhoea,,,,,,,,,,,,,
Bronchial Asthma, fatigue, cough, high_fever, breathlessness, family_history, mucoid_sputum,,,,,,,,,,,
Hypertension, headache, chest_pain, dizziness, loss_of_balance, lack_of_concentration,,,,,,,,,,,,
Migraine, acidity, indigestion, headache, blurred_and_distorted_vision, excessive_hunger, stiff_neck, depression, irritability, visual_disturbances,,,,,,,,
Cervical spondylosis, back_pain, weakness_in_limbs, neck_pain, dizziness, loss_of_balance,,,,,,,,,,,,
Paralysis (brain hemorrhage), vomiting, headache, weakness_of_one_body_side, altered_sensorium,,,,,,,,,,,,,
Jaundice,itching, vomiting, fatigue, weight_loss, high_fever, yellowish_skin, dark_urine, abdominal_pain,,,,,,,,,
Malaria, chills, vomiting, high_fever, sweating, headache, nausea, diarrhoea, muscle_pain,,,,,,,,,
Chicken pox,itching, skin_rash, fatigue, lethargy, high_fever, headache, loss_of_appetite, mild_fever, swelled_lymph_nodes, malaise, red_spots_over_body,,,,,,
Dengue, skin_rash, chills, joint_pain, vomiting, fatigue, high_fever, headache, nausea, loss_of_appetite, pain_behind_the_eyes, back_pain, malaise, muscle_pain, red_spots_over_body,,,
Typhoid, chills, vomiting, fatigue, high_fever, headache, nausea, constipation, abdominal_pain, diarrhoea, toxic_look_(typhos), belly_pain,,,,,,
hepatitis A, joint_pain, vomiting, yellowish_skin, dark_urine, nausea, loss_of_appetite, abdominal_pain, diarrhoea, mild_fever, yellowing_of_eyes, muscle_pain,,,,,,
Hepatitis B,itching, fatigue, lethargy, yellowish_skin, dark_urine, loss_of_appetite, abdominal_pain, yellow_urine, yellowing_of_eyes, malaise, receiving_blood_transfusion, receiving_unsterile_injections,,,,,
Hepatitis C, fatigue, yellowish_skin, nausea, loss_of_appetite, yellowing_of_eyes, family_history,,,,,,,,,,,
Hepatitis D, joint_pain, vomiting, fatigue, yellowish_skin, dark_urine, nausea, loss_of_appetite, abdominal_pain, yellowing_of_eyes,,,,,,,,
Hepatitis E, joint_pain, vomiting, fatigue, high_fever, yellowish_skin, dark_urine, nausea, loss_of_appetite, abdominal_pain, yellowing_of_eyes, acute_liver_failure, coma, stomach_bleeding,,,,
Alcoholic hepatitis, vomiting, yellowish_skin, abdominal_pain, swelling_of_stomach, distention_of_abdomen, history_of_alcohol_consumption, fluid_overload,,,,,,,,,,
Tuberculosis, chills, vomiting, fatigue, weight_loss, cough, high_fever, breathlessness, sweating, loss_of_appetite, mild_fever, yellowing_of_eyes, swelled_lymph_nodes, malaise, phlegm, chest_pain, blood_in_sputum,
Common Cold, continuous_sneezing, chills, fatigue, cough, high_fever, headache, swelled_lymph_nodes, malaise, phlegm, throat_irritation, redness_of_eyes, sinus_pressure, runny_nose, congestion, chest_pain, loss_of_smell, muscle_pain
Pneumonia, chills, fatigue, cough, high_fever, breathlessness, sweating, malaise, phlegm, chest_pain, fast_heart_rate, rusty_sputum,,,,,,
Dimorphic hemmorhoids(piles), constipation, pain_during_bowel_movements, pain_in_anal_region, bloody_stool, irritation_in_anus,,,,,,,,,,,,
Heart attack, vomiting, breathlessness, sweating, chest_pain,,,,,,,,,,,,,
Varicose veins, fatigue, cramps, bruising, obesity, swollen_legs, swollen_blood_vessels, prominent_veins_on_calf,,,,,,,,,,
Hypothyroidism, fatigue, weight_gain, cold_hands_and_feets, mood_swings, lethargy, dizziness, puffy_face_and_eyes, enlarged_thyroid, brittle_nails, swollen_extremeties, depression, irritability, abnormal_menstruation,,,,
Hyperthyroidism, fatigue, mood_swings, weight_loss, restlessness, sweating, diarrhoea, fast_heart_rate, excessive_hunger, muscle_weakness, irritability, abnormal_menstruation,,,,,,
Hypoglycemia, vomiting, fatigue, anxiety, sweating, headache, nausea, blurred_and_distorted_vision, excessive_hunger, drying_and_tingling_lips, slurred_speech, irritability, palpitations,,,,,
Osteoarthristis, joint_pain, neck_pain, knee_pain, hip_joint_pain, swelling_joints, painful_walking,,,,,,,,,,,
Arthritis, muscle_weakness, stiff_neck, swelling_joints, movement_stiffness, painful_walking,,,,,,,,,,,,
(vertigo) Paroymsal  Positional Vertigo, vomiting, headache, nausea, spinning_movements, loss_of_balance, unsteadiness,,,,,,,,,,,
Acne, skin_rash, pus_filled_pimples, blackheads, scurring,,,,,,,,,,,,,
Urinary tract infection, burning_micturition, bladder_discomfort, foul_smell_of urine, continuous_feel_of_urine,,,,,,,,,,,,,
Psoriasis, skin_rash, joint_pain, skin_peeling, silver_like_dusting, small_dents_in_nails, inflammatory_nails,,,,,,,,,,,
Impetigo, skin_rash, high_fever, blister, red_sore_around_nose, yellow_crust_ooze,,,,,,,,,,,,
Fungal infection,itching, skin_rash, nodal_skin_eruptions, dischromic _patches,,,,,,,,,,,,,
Allergy, continuous_sneezing, shivering, chills, watering_from_eyes,,,,,,,,,,,,,
GERD, stomach_pain, acidity, ulcers_on_tongue, vomiting, cough, chest_pain,,,,,,,,,,,
Chronic cholestasis,itching, vomiting, yellowish_skin, nausea, loss_of_appetite, abdominal_pain, yellowing_of_eyes,,,,,,,,,,
Drug Reaction,itching, skin_rash, stomach_pain, burning_micturition, spotting_ urination,,,,,,,,,,,,
Peptic ulcer diseae, vomiting, indigestion, loss_of_appetite, abdominal_pain, passage_of_gases, internal_itching,,,,,,,,,,,
AIDS, muscle_wasting, patches_in_throat, high_fever, extra_marital_contacts,,,,,,,,,,,,,
Diabetes, fatigue, weight_loss, restlessness, lethargy, irregular_sugar_level, blurred_and_distorted_vision, obesity, excessive_hunger, increased_appetite, polyuria,,,,,,,
Gastroenteritis, vomiting, sunken_eyes, dehydration, diarrhoea,,,,,,,,,,,,,
Bronchial Asthma, fatigue, cough, high_fever, breathlessness, family_history, mucoid_sputum,,,,,,,,,,,
Hypertension, headache, chest_pain, dizziness, loss_of_balance, lack_of_concentration,,,,,,,,,,,,
Migraine, acidity, indigestion, headache, blurred_and_distorted_vision, excessive_hunger, stiff_neck, depression, irritability, visual_disturbances,,,,,,,,
Cervical spondylosis, back_pain, weakness_in_limbs, neck_pain, dizziness, loss_of_balance,,,,,,,,,,,,
Paralysis (brain hemorrhage), vomiting, headache, weakness_of_one_body_side, altered_sensorium,,,,,,,,,,,,,
Jaundice,itching, vomiting, fatigue, weight_loss, high_fever, yellowish_skin, dark_urine, abdominal_pain,,,,,,,,,
Malaria, chills, vomiting, high_fever, sweating, headache, nausea, diarrhoea, muscle_pain,,,,,,,,,
Chicken pox,itching, skin_rash, fatigue, lethargy, high_fever, headache, loss_of_appetite, mild_fever, swelled_lymph_nodes, malaise, red_spots_over_body,,,,,,
Dengue, skin_rash, chills, joint_pain, vomiting, fatigue, high_fever, headache, nausea, loss_of_appetite, pain_behind_the_eyes, back_pain, malaise, muscle_pain, red_spots_over_body,,,
Typhoid, chills, vomiting, fatigue, high_fever, headache, nausea, constipation, abdominal_pain, diarrhoea, toxic_look_(typhos), belly_pain,,,,,,
hepatitis A, joint_pain, vomiting, yellowish_skin, dark_urine, nausea, loss_of_appetite, abdominal_pain, diarrhoea, mild_fever, yellowing_of_eyes, muscle_pain,,,,,,
Hepatitis B,itching, fatigue, lethargy, yellowish_skin, dark_urine, loss_of_appetite, abdominal_pain, yellow_urine, yellowing_of_eyes, malaise, receiving_blood_transfusion, receiving_unsterile_injections,,,,,
Hepatitis C, fatigue, yellowish_skin, nausea, loss_of_appetite, yellowing_of_eyes, family_history,,,,,,,,,,,
Hepatitis D, joint_pain, vomiting, fatigue, yellowish_skin, dark_urine, nausea, loss_of_appetite, abdominal_pain, yellowing_of_eyes,,,,,,,,
Hepatitis E, joint_pain, vomiting, fatigue, high_fever, yellowish_skin, dark_urine, nausea, loss_of_appetite, abdominal_pain, yellowing_of_eyes, acute_liver_failure, coma, stomach_bleeding,,,,
Alcoholic hepatitis, vomiting, yellowish_skin, abdominal_pain, swelling_of_stomach, distention_of_abdomen, history_of_alcohol_consumption, fluid_overload,,,,,,,,,,
Tuberculosis, chills, vomiting, fatigue, weight_loss, cough, high_fever, breathlessness, sweating, loss_of_appetite, mild_fever, yellowing_of_eyes, swelled_lymph_nodes, malaise, phlegm, chest_pain, blood_in_sputum,
Common Cold, continuous_sneezing, chills, fatigue, cough, high_fever, headache, swelled_lymph_nodes, malaise, phlegm, throat_irritation, redness_of_eyes, sinus_pressure, runny_nose, congestion, chest_pain, loss_of_smell, muscle_pain
Pneumonia, chills, fatigue, cough, high_fever, breathlessness, sweating, malaise, phlegm, chest_pain, fast_heart_rate, rusty_sputum,,,,,,
Dimorphic hemmorhoids(piles), constipation, pain_during_bowel_movements, pain_in_anal_region, bloody_stool, irritation_in_anus,,,,,,,,,,,,
Heart attack, vomiting, breathlessness, sweating, chest_pain,,,,,,,,,,,,,
Varicose veins, fatigue, cramps, bruising, obesity, swollen_legs, swollen_blood_vessels, prominent_veins_on_calf,,,,,,,,,,
Hypothyroidism, fatigue, weight_gain, cold_hands_and_feets, mood_swings, lethargy, dizziness, puffy_face_and_eyes, enlarged_thyroid, brittle_nails, swollen_extremeties, depression, irritability, abnormal_menstruation,,,,
Hyperthyroidism, fatigue, mood_swings, weight_loss, restlessness, sweating, diarrhoea, fast_heart_rate, excessive_hunger, muscle_weakness, irritability, abnormal_menstruation,,,,,,
Hypoglycemia, vomiting, fatigue, anxiety, sweating, headache, nausea, blurred_and_distorted_vision, excessive_hunger, drying_and_tingling_lips, slurred_speech, irritability, palpitations,,,,,
Osteoarthristis, joint_pain, neck_pain, knee_pain, hip_joint_pain, swelling_joints, painful_walking,,,,,,,,,,,
Arthritis, muscle_weakness, stiff_neck, swelling_joints, movement_stiffness, painful_walking,,,,,,,,,,,,
(vertigo) Paroymsal  Positional Vertigo, vomiting, headache, nausea, spinning_movements, loss_of_balance, unsteadiness,,,,,,,,,,,
Acne, skin_rash, pus_filled_pimples, blackheads, scurring,,,,,,,,,,,,,
Urinary tract infection, burning_micturition, bladder_discomfort, foul_smell_of urine, continuous_feel_of_urine,,,,,,,,,,,,,
Psoriasis, skin_rash, joint_pain, skin_peeling, silver_like_dusting, small_dents_in_nails, inflammatory_nails,,,,,,,,,,,
Impetigo, skin_rash, high_fever, blister, red_sore_around_nose, yellow_crust_ooze,,,,,,,,,,,,
Fungal infection,itching, skin_rash, nodal_skin_eruptions, dischromic _patches,,,,,,,,,,,,,
Allergy, continuous_sneezing, shivering, chills, watering_from_eyes,,,,,,,,,,,,,
GERD, stomach_pain, acidity, ulcers_on_tongue, vomiting, cough, chest_pain,,,,,,,,,,,
Chronic cholestasis,itching, vomiting, yellowish_skin, nausea, loss_of_appetite, abdominal_pain, yellowing_of_eyes,,,,,,,,,,
Drug Reaction,itching, skin_rash, stomach_pain, burning_micturition, spotting_ urination,,,,,,,,,,,,
Peptic ulcer diseae, vomiting, indigestion, loss_of_appetite, abdominal_pain, passage_of_gases, internal_itching,,,,,,,,,,,
AIDS, muscle_wasting, patches_in_throat, high_fever, extra_marital_contacts,,,,,,,,,,,,,
Diabetes, fatigue, weight_loss, restlessness, lethargy, irregular_sugar_level, blurred_and_distorted_vision, obesity, excessive_hunger, increased_appetite, polyuria,,,,,,,
Gastroenteritis, vomiting, sunken_eyes, dehydration, diarrhoea,,,,,,,,,,,,,
Bronchial Asthma, fatigue, cough, high_fever, breathlessness, family_history, mucoid_sputum,,,,,,,,,,,
Hypertension, headache, chest_pain, dizziness, loss_of_balance, lack_of_concentration,,,,,,,,,,,,
Migraine, acidity, indigestion, headache, blurred_and_distorted_vision, excessive_hunger, stiff_neck, depression, irritability, visual_disturbances,,,,,,,,
Cervical spondylosis, back_pain, weakness_in_limbs, neck_pain, dizziness, loss_of_balance,,,,,,,,,,,,
Paralysis (brain hemorrhage), vomiting, headache, weakness_of_one_body_side, altered_sensorium,,,,,,,,,,,,,
Jaundice,itching, vomiting, fatigue, weight_loss, high_fever, yellowish_skin, dark_urine, abdominal_pain,,,,,,,,,
Malaria, chills, vomiting, high_fever, sweating, headache, nausea, diarrhoea, muscle_pain,,,,,,,,,
Chicken pox,itching, skin_rash, fatigue, lethargy, high_fever, headache, loss_of_appetite, mild_fever, swelled_lymph_nodes, malaise, red_spots_over_body,,,,,,
Dengue, skin_rash, chills, joint_pain, vomiting, fatigue, high_fever, headache, nausea, loss_of_appetite, pain_behind_the_eyes, back_pain, malaise, muscle_pain, red_spots_over_body,,,
Typhoid, chills, vomiting, fatigue, high_fever, headache, nausea, constipation, abdominal_pain, diarrhoea, toxic_look_(typhos), belly_pain,,,,,,
hepatitis A, joint_pain, vomiting, yellowish_skin, dark_urine, nausea, loss_of_appetite, abdominal_pain, diarrhoea, mild_fever, yellowing_of_eyes, muscle_pain,,,,,,
Hepatitis B,itching, fatigue, lethargy, yellowish_skin, dark_urine, loss_of_appetite, abdominal_pain, yellow_urine, yellowing_of_eyes, malaise, receiving_blood_transfusion, receiving_unsterile_injections,,,,,
Hepatitis C, fatigue, yellowish_skin, nausea, loss_of_appetite, yellowing_of_eyes, family_history,,,,,,,,,,,
Hepatitis D, joint_pain, vomiting, fatigue, yellowish_skin, dark_urine, nausea, loss_of_appetite, abdominal_pain, yellowing_of_eyes,,,,,,,,
Hepatitis E, joint_pain, vomiting, fatigue, high_fever, yellowish_skin, dark_urine, nausea, loss_of_appetite, abdominal_pain, yellowing_of_eyes, acute_liver_failure, coma, stomach_bleeding,,,,
Alcoholic hepatitis, vomiting, yellowish_skin, abdominal_pain, swelling_of_stomach, distention_of_abdomen, history_of_alcohol_consumption, fluid_overload,,,,,,,,,,
Tuberculosis, chills, vomiting, fatigue, weight_loss, cough, high_fever, breathlessness, sweating, loss_of_appetite, mild_fever, yellowing_of_eyes, swelled_lymph_nodes, malaise, phlegm, chest_pain, blood_in_sputum,
Common Cold, continuous_sneezing, chills, fatigue, cough, high_fever, headache, swelled_lymph_nodes, malaise, phlegm, throat_irritation, redness_of_eyes, sinus_pressure, runny_nose, congestion, chest_pain, loss_of_smell, muscle_pain
Pneumonia, chills, fatigue, cough, high_fever, breathlessness, sweating, malaise, phlegm, chest_pain, fast_heart_rate, rusty_sputum,,,,,,
Dimorphic hemmorhoids(piles), constipation, pain_during_bowel_movements, pain_in_anal_region, bloody_stool, irritation_in_anus,,,,,,,,,,,,
Heart attack, vomiting, breathlessness, sweating, chest_pain,,,,,,,,,,,,,
Varicose veins, fatigue, cramps, bruising, obesity, swollen_legs, swollen_blood_vessels, prominent_veins_on_calf,,,,,,,,,,
Hypothyroidism, fatigue, weight_gain, cold_hands_and_feets, mood_swings, lethargy, dizziness, puffy_face_and_eyes, enlarged_thyroid, brittle_nails, swollen_extremeties, depression, irritability, abnormal_menstruation,,,,
Hyperthyroidism, fatigue, mood_swings, weight_loss, restlessness, sweating, diarrhoea, fast_heart_rate, excessive_hunger, muscle_weakness, irritability, abnormal_menstruation,,,,,,
Hypoglycemia, vomiting, fatigue, anxiety, sweating, headache, nausea, blurred_and_distorted_vision, excessive_hunger, drying_and_tingling_lips, slurred_speech, irritability, palpitations,,,,,
Osteoarthristis, joint_pain, neck_pain, knee_pain, hip_joint_pain, swelling_joints, painful_walking,,,,,,,,,,,
Arthritis, muscle_weakness, stiff_neck, swelling_joints, movement_stiffness, painful_walking,,,,,,,,,,,,
(vertigo) Paroymsal  Positional Vertigo, vomiting, headache, nausea, spinning_movements, loss_of_balance, unsteadiness,,,,,,,,,,,
Acne, skin_rash, pus_filled_pimples, blackheads, scurring,,,,,,,,,,,,,
Urinary tract infection, burning_micturition, bladder_discomfort, foul_smell_of urine, continuous_feel_of_urine,,,,,,,,,,,,,
Psoriasis, skin_rash, joint_pain, skin_peeling, silver_like_dusting, small_dents_in_nails, inflammatory_nails,,,,,,,,,,,
Impetigo, skin_rash, high_fever, blister, red_sore_around_nose, yellow_crust_ooze,,,,,,,,,,,,
Fungal infection,itching, skin_rash, nodal_skin_eruptions, dischromic _patches,,,,,,,,,,,,,
Allergy, continuous_sneezing, shivering, chills, watering_from_eyes,,,,,,,,,,,,,
GERD, stomach_pain, acidity, ulcers_on_tongue, vomiting, cough, chest_pain,,,,,,,,,,,
Chronic cholestasis,itching, vomiting, yellowish_skin, nausea, loss_of_appetite, abdominal_pain, yellowing_of_eyes,,,,,,,,,,
Drug Reaction,itching, skin_rash, stomach_pain, burning_micturition, spotting_ urination,,,,,,,,,,,,
Peptic ulcer diseae, vomiting, indigestion, loss_of_appetite, abdominal_pain, passage_of_gases, internal_itching,,,,,,,,,,,
AIDS, muscle_wasting, patches_in_throat, high_fever, extra_marital_contacts,,,,,,,,,,,,,
Diabetes, fatigue, weight_loss, restlessness, lethargy, irregular_sugar_level, blurred_and_distorted_vision, obesity, excessive_hunger, increased_appetite, polyuria,,,,,,,
Gastroenteritis, vomiting, sunken_eyes, dehydration, diarrhoea,,,,,,,,,,,,,
Bronchial Asthma, fatigue, cough, high_fever, breathlessness, family_history, mucoid_sputum,,,,,,,,,,,
Hypertension, headache, chest_pain, dizziness, loss_of_balance, lack_of_concentration,,,,,,,,,,,,
Migraine, acidity, indigestion, headache, blurred_and_distorted_vision, excessive_hunger, stiff_neck, depression, irritability, visual_disturbances,,,,,,,,
Cervical spondylosis, back_pain, weakness_in_limbs, neck_pain, dizziness, loss_of_balance,,,,,,,,,,,,
Paralysis (brain hemorrhage), vomiting, headache, weakness_of_one_body_side, altered_sensorium,,,,,,,,,,,,,
Jaundice,itching, vomiting, fatigue, weight_loss, high_fever, yellowish_skin, dark_urine, abdominal_pain,,,,,,,,,
Malaria, chills, vomiting, high_fever, sweating, headache, nausea, diarrhoea, muscle_pain,,,,,,,,,
Chicken pox,itching, skin_rash, fatigue, lethargy, high_fever, headache, loss_of_appetite, mild_fever, swelled_lymph_nodes, malaise, red_spots_over_body,,,,,,
Dengue, skin_rash, chills, joint_pain, vomiting, fatigue, high_fever, headache, nausea, loss_of_appetite, pain_behind_the_eyes, back_pain, malaise, muscle_pain, red_spots_over_body,,,
Typhoid, chills, vomiting, fatigue, high_fever, headache, nausea, constipation, abdominal_pain, diarrhoea, toxic_look_(typhos), belly_pain,,,,,,
hepatitis A, joint_pain, vomiting, yellowish_skin, dark_urine, nausea, loss_of_appetite, abdominal_pain, diarrhoea, mild_fever, yellowing_of_eyes, muscle_pain,,,,,,
Hepatitis B,itching, fatigue, lethargy, yellowish_skin, dark_urine, loss_of_appetite, abdominal_pain, yellow_urine, yellowing_of_eyes, malaise, receiving_blood_transfusion, receiving_unsterile_injections,,,,,
Hepatitis C, fatigue, yellowish_skin, nausea, loss_of_appetite, yellowing_of_eyes, family_history,,,,,,,,,,,
Hepatitis D, joint_pain, vomiting, fatigue, yellowish_skin, dark_urine, nausea, loss_of_appetite, abdominal_pain, yellowing_of_eyes,,,,,,,,
Hepatitis E, joint_pain, vomiting, fatigue, high_fever, yellowish_skin, dark_urine, nausea, loss_of_appetite, abdominal_pain, yellowing_of_eyes, acute_liver_failure, coma, stomach_bleeding,,,,
Alcoholic hepatitis, vomiting, yellowish_skin, abdominal_pain, swelling_of_stomach, distention_of_abdomen, history_of_alcohol_consumption, fluid_overload,,,,,,,,,,
Tuberculosis, chills, vomiting, fatigue, weight_loss, cough, high_fever, breathlessness, sweating, loss_of_appetite, mild_fever, yellowing_of_eyes, swelled_lymph_nodes, malaise, phlegm, chest_pain, blood_in_sputum,
Common Cold, continuous_sneezing, chills, fatigue, cough, high_fever, headache, swelled_lymph_nodes, malaise, phlegm, throat_irritation, redness_of_eyes, sinus_pressure, runny_nose, congestion, chest_pain, loss_of_smell, muscle_pain
Pneumonia, chills, fatigue, cough, high_fever, breathlessness, sweating, malaise, phlegm, chest_pain, fast_heart_rate, rusty_sputum,,,,,,
Dimorphic hemmorhoids(piles), constipation, pain_during_bowel_movements, pain_in_anal_region, bloody_stool, irritation_in_anus,,,,,,,,,,,,
Heart attack, vomiting, breathlessness, sweating, chest_pain,,,,,,,,,,,,,
Varicose veins, fatigue, cramps, bruising, obesity, swollen_legs, swollen_blood_vessels, prominent_veins_on_calf,,,,,,,,,,
Hypothyroidism, fatigue, weight_gain, cold_hands_and_feets, mood_swings, lethargy, dizziness, puffy_face_and_eyes, enlarged_thyroid, brittle_nails, swollen_extremeties, depression, irritability, abnormal_menstruation,,,,
Hyperthyroidism, fatigue, mood_swings, weight_loss, restlessness, sweating, diarrhoea, fast_heart_rate, excessive_hunger, muscle_weakness, irritability, abnormal_menstruation,,,,,,
Hypoglycemia, vomiting, fatigue, anxiety, sweating, headache, nausea, blurred_and_distorted_vision, excessive_hunger, drying_and_tingling_lips, slurred_speech, irritability, palpitations,,,,,
Osteoarthristis, joint_pain, neck_pain, knee_pain, hip_joint_pain, swelling_joints, painful_walking,,,,,,,,,,,
Arthritis, muscle_weakness, stiff_neck, swelling_joints, movement_stiffness, painful_walking,,,,,,,,,,,,
(vertigo) Paroymsal  Positional Vertigo, vomiting, headache, nausea, spinning_movements, loss_of_balance, unsteadiness,,,,,,,,,,,
Acne, skin_rash, pus_filled_pimples, blackheads, scurring,,,,,,,,,,,,,
Urinary tract infection, burning_micturition, bladder_discomfort, foul_smell_of urine, continuous_feel_of_urine,,,,,,,,,,,,,
Psoriasis, skin_rash, joint_pain, skin_peeling, silver_like_dusting, small_dents_in_nails, inflammatory_nails,,,,,,,,,,,
Impetigo, skin_rash, high_fever, blister, red_sore_around_nose, yellow_crust_ooze,,,,,,,,,,,,
Fungal infection,itching, skin_rash, nodal_skin_eruptions, dischromic _patches,,,,,,,,,,,,,
Allergy, continuous_sneezing, shivering, chills, watering_from_eyes,,,,,,,,,,,,,
GERD, stomach_pain, acidity, ulcers_on_tongue, vomiting, cough, chest_pain,,,,,,,,,,,
Chronic cholestasis,itching, vomiting, yellowish_skin, nausea, loss_of_appetite, abdominal_pain, yellowing_of_eyes,,,,,,,,,,
Drug Reaction,itching, skin_rash, stomach_pain, burning_micturition, spotting_ urination,,,,,,,,,,,,
Peptic ulcer diseae, vomiting, indigestion, loss_of_appetite, abdominal_pain, passage_of_gases, internal_itching,,,,,,,,,,,
AIDS, muscle_wasting, patches_in_throat, high_fever, extra_marital_contacts,,,,,,,,,,,,,
Diabetes, fatigue, weight_loss, restlessness, lethargy, irregular_sugar_level, blurred_and_distorted_vision, obesity, excessive_hunger, increased_appetite, polyuria,,,,,,,
Gastroenteritis, vomiting, sunken_eyes, dehydration, diarrhoea,,,,,,,,,,,,,
Bronchial Asthma, fatigue, cough, high_fever, breathlessness, family_history, mucoid_sputum,,,,,,,,,,,
Hypertension, headache, chest_pain, dizziness, loss_of_balance, lack_of_concentration,,,,,,,,,,,,
Migraine, acidity, indigestion, headache, blurred_and_distorted_vision, excessive_hunger, stiff_neck, depression, irritability, visual_disturbances,,,,,,,,
Cervical spondylosis, back_pain, weakness_in_limbs, neck_pain, dizziness, loss_of_balance,,,,,,,,,,,,
Paralysis (brain hemorrhage), vomiting, headache, weakness_of_one_body_side, altered_sensorium,,,,,,,,,,,,,
Jaundice,itching, vomiting, fatigue, weight_loss, high_fever, yellowish_skin, dark_urine, abdominal_pain,,,,,,,,,
Malaria, chills, vomiting, high_fever, sweating, headache, nausea, diarrhoea, muscle_pain,,,,,,,,,
Chicken pox,itching, skin_rash, fatigue, lethargy, high_fever, headache, loss_of_appetite, mild_fever, swelled_lymph_nodes, malaise, red_spots_over_body,,,,,,
Dengue, skin_rash, chills, joint_pain, vomiting, fatigue, high_fever, headache, nausea, loss_of_appetite, pain_behind_the_eyes, back_pain, malaise, muscle_pain, red_spots_over_body,,,
Typhoid, chills, vomiting, fatigue, high_fever, headache, nausea, constipation, abdominal_pain, diarrhoea, toxic_look_(typhos), belly_pain,,,,,,
hepatitis A, joint_pain, vomiting, yellowish_skin, dark_urine, nausea, loss_of_appetite, abdominal_pain, diarrhoea, mild_fever, yellowing_of_eyes, muscle_pain,,,,,,
Hepatitis B,itching, fatigue, lethargy, yellowish_skin, dark_urine, loss_of_appetite, abdominal_pain, yellow_urine, yellowing_of_eyes, malaise, receiving_blood_transfusion, receiving_unsterile_injections,,,,,
Hepatitis C, fatigue, yellowish_skin, nausea, loss_of_appetite, yellowing_of_eyes, family_history,,,,,,,,,,,
Hepatitis D, joint_pain, vomiting, fatigue, yellowish_skin, dark_urine, nausea, loss_of_appetite, abdominal_pain, yellowing_of_eyes,,,,,,,,
Hepatitis E, joint_pain, vomiting, fatigue, high_fever, yellowish_skin, dark_urine, nausea, loss_of_appetite, abdominal_pain, yellowing_of_eyes, acute_liver_failure, coma, stomach_bleeding,,,,
Alcoholic hepatitis, vomiting, yellowish_skin, abdominal_pain, swelling_of_stomach, distention_of_abdomen, history_of_alcohol_consumption, fluid_overload,,,,,,,,,,
Tuberculosis, chills, vomiting, fatigue, weight_loss, cough, high_fever, breathlessness, sweating, loss_of_appetite, mild_fever, yellowing_of_eyes, swelled_lymph_nodes, malaise, phlegm, chest_pain, blood_in_sputum,
Common Cold, continuous_sneezing, chills, fatigue, cough, high_fever, headache, swelled_lymph_nodes, malaise, phlegm, throat_irritation, redness_of_eyes, sinus_pressure, runny_nose, congestion, chest_pain, loss_of_smell, muscle_pain
Pneumonia, chills, fatigue, cough, high_fever, breathlessness, sweating, malaise, phlegm, chest_pain, fast_heart_rate, rusty_sputum,,,,,,
Dimorphic hemmorhoids(piles), constipation, pain_during_bowel_movements, pain_in_anal_region, bloody_stool, irritation_in_anus,,,,,,,,,,,,
Heart attack, vomiting, breathlessness, sweating, chest_pain,,,,,,,,,,,,,
Varicose veins, fatigue, cramps, bruising, obesity, swollen_legs, swollen_blood_vessels, prominent_veins_on_calf,,,,,,,,,,
Hypothyroidism, fatigue, weight_gain, cold_hands_and_feets, mood_swings, lethargy, dizziness, puffy_face_and_eyes, enlarged_thyroid, brittle_nails, swollen_extremeties, depression, irritability, abnormal_menstruation,,,,
Hyperthyroidism, fatigue, mood_swings, weight_loss, restlessness, sweating, diarrhoea, fast_heart_rate, excessive_hunger, muscle_weakness, irritability, abnormal_menstruation,,,,,,
Hypoglycemia, vomiting, fatigue, anxiety, sweating, headache, nausea, blurred_and_distorted_vision, excessive_hunger, drying_and_tingling_lips, slurred_speech, irritability, palpitations,,,,,
Osteoarthristis, joint_pain, neck_pain, knee_pain, hip_joint_pain, swelling_joints, painful_walking,,,,,,,,,,,
Arthritis, muscle_weakness, stiff_neck, swelling_joints, movement_stiffness, painful_walking,,,,,,,,,,,,
(vertigo) Paroymsal  Positional Vertigo, vomiting, headache, nausea, spinning_movements, loss_of_balance, unsteadiness,,,,,,,,,,,
Acne, skin_rash, pus_filled_pimples, blackheads, scurring,,,,,,,,,,,,,
Urinary tract infection, burning_micturition, bladder_discomfort, foul_smell_of urine, continuous_feel_of_urine,,,,,,,,,,,,,
Psoriasis, skin_rash, joint_pain, skin_peeling, silver_like_dusting, small_dents_in_nails, inflammatory_nails,,,,,,,,,,,
Impetigo, skin_rash, high_fever, blister, red_sore_around_nose, yellow_crust_ooze,,,,,,,,,,,,
Fungal infection,itching, skin_rash, nodal_skin_eruptions, dischromic _patches,,,,,,,,,,,,,
Allergy, continuous_sneezing, shivering, chills, watering_from_eyes,,,,,,,,,,,,,
GERD, stomach_pain, acidity, ulcers_on_tongue, vomiting, cough, chest_pain,,,,,,,,,,,
Chronic cholestasis,itching, vomiting, yellowish_skin, nausea, loss_of_appetite, abdominal_pain, yellowing_of_eyes,,,,,,,,,,
Drug Reaction,itching, skin_rash, stomach_pain, burning_micturition, spotting_ urination,,,,,,,,,,,,
Peptic ulcer diseae, vomiting, indigestion, loss_of_appetite, abdominal_pain, passage_of_gases, internal_itching,,,,,,,,,,,
AIDS, muscle_wasting, patches_in_throat, high_fever, extra_marital_contacts,,,,,,,,,,,,,
Diabetes, fatigue, weight_loss, restlessness, lethargy, irregular_sugar_level, blurred_and_distorted_vision, obesity, excessive_hunger, increased_appetite, polyuria,,,,,,,
Gastroenteritis, vomiting, sunken_eyes, dehydration, diarrhoea,,,,,,,,,,,,,
Bronchial Asthma, fatigue, cough, high_fever, breathlessness, family_history, mucoid_sputum,,,,,,,,,,,
Hypertension, headache, chest_pain, dizziness, loss_of_balance, lack_of_concentration,,,,,,,,,,,,
Migraine, acidity, indigestion, headache, blurred_and_distorted_vision, excessive_hunger, stiff_neck, depression, irritability, visual_disturbances,,,,,,,,
Cervical spondylosis, back_pain, weakness_in_limbs, neck_pain, dizziness, loss_of_balance,,,,,,,,,,,,
Paralysis (brain hemorrhage), vomiting, headache, weakness_of_one_body_side, altered_sensorium,,,,,,,,,,,,,
Jaundice,itching, vomiting, fatigue, weight_loss, high_fever, yellowish_skin, dark_urine, abdominal_pain,,,,,,,,,
Malaria, chills, vomiting, high_fever, sweating, headache, nausea, diarrhoea, muscle_pain,,,,,,,,,
Chicken pox,itching, skin_rash, fatigue, lethargy, high_fever, headache, loss_of_appetite, mild_fever, swelled_lymph_nodes, malaise, red_spots_over_body,,,,,,
Dengue, skin_rash, chills, joint_pain, vomiting, fatigue, high_fever, headache, nausea, loss_of_appetite, pain_behind_the_eyes, back_pain, malaise, muscle_pain, red_spots_over_body,,,
Typhoid, chills, vomiting, fatigue, high_fever, headache, nausea, constipation, abdominal_pain, diarrhoea, toxic_look_(typhos), belly_pain,,,,,,
hepatitis A, joint_pain, vomiting, yellowish_skin, dark_urine, nausea, loss_of_appetite, abdominal_pain, diarrhoea, mild_fever, yellowing_of_eyes, muscle_pain,,,,,,
Hepatitis B,itching, fatigue, lethargy, yellowish_skin, dark_urine, loss_of_appetite, abdominal_pain, yellow_urine, yellowing_of_eyes, malaise, receiving_blood_transfusion, receiving_unsterile_injections,,,,,
Hepatitis C, fatigue, yellowish_skin, nausea, loss_of_appetite, yellowing_of_eyes, family_history,,,,,,,,,,,
Hepatitis D, joint_pain, vomiting, fatigue, yellowish_skin, dark_urine, nausea, loss_of_appetite, abdominal_pain, yellowing_of_eyes,,,,,,,,
Hepatitis E, joint_pain, vomiting, fatigue, high_fever, yellowish_skin, dark_urine, nausea, loss_of_appetite, abdominal_pain, yellowing_of_eyes, acute_liver_failure, coma, stomach_bleeding,,,,
Alcoholic hepatitis, vomiting, yellowish_skin, abdominal_pain, swelling_of_stomach, distention_of_abdomen, history_of_alcohol_consumption, fluid_overload,,,,,,,,,,
Tuberculosis, chills, vomiting, fatigue, weight_loss, cough, high_fever, breathlessness, sweating, loss_of_appetite, mild_fever, yellowing_of_eyes, swelled_lymph_nodes, malaise, phlegm, chest_pain, blood_in_sputum,
Common Cold, continuous_sneezing, chills, fatigue, cough, high_fever, headache, swelled_lymph_nodes, malaise, phlegm, throat_irritation, redness_of_eyes, sinus_pressure, runny_nose, congestion, chest_pain, loss_of_smell, muscle_pain
Pneumonia, chills, fatigue, cough, high_fever, breathlessness, sweating, malaise, phlegm, chest_pain, fast_heart_rate, rusty_sputum,,,,,,
Dimorphic hemmorhoids(piles), constipation, pain_during_bowel_movements, pain_in_anal_region, bloody_stool, irritation_in_anus,,,,,,,,,,,,
Heart attack, vomiting, breathlessness, sweating, chest_pain,,,,,,,,,,,,,
Varicose veins, fatigue, cramps, bruising, obesity, swollen_legs, swollen_blood_vessels, prominent_veins_on_calf,,,,,,,,,,
Hypothyroidism, fatigue, weight_gain, cold_hands_and_feets, mood_swings, lethargy, dizziness, puffy_face_and_eyes, enlarged_thyroid, brittle_nails, swollen_extremeties, depression, irritability, abnormal_menstruation,,,,
Hyperthyroidism, fatigue, mood_swings, weight_loss, restlessness, sweating, diarrhoea, fast_heart_rate, excessive_hunger, muscle_weakness, irritability, abnormal_menstruation,,,,,,
Hypoglycemia, vomiting, fatigue, anxiety, sweating, headache, nausea, blurred_and_distorted_vision, excessive_hunger, drying_and_tingling_lips, slurred_speech, irritability, palpitations,,,,,
Osteoarthristis, joint_pain, neck_pain, knee_pain, hip_joint_pain, swelling_joints, painful_walking,,,,,,,,,,,
Arthritis, muscle_weakness, stiff_neck, swelling_joints, movement_stiffness, painful_walking,,,,,,,,,,,,
(vertigo) Paroymsal  Positional Vertigo, vomiting, headache, nausea, spinning_movements, loss_of_balance, unsteadiness,,,,,,,,,,,
Acne, skin_rash, pus_filled_pimples, blackheads, scurring,,,,,,,,,,,,,
Urinary tract infection, burning_micturition, bladder_discomfort, foul_smell_of urine, continuous_feel_of_urine,,,,,,,,,,,,,
Psoriasis, skin_rash, joint_pain, skin_peeling, silver_like_dusting, small_dents_in_nails, inflammatory_nails,,,,,,,,,,,
Impetigo, skin_rash, high_fever, blister, red_sore_around_nose, yellow_crust_ooze,,,,,,,,,,,,
Fungal infection,itching, skin_rash, nodal_skin_eruptions, dischromic _patches,,,,,,,,,,,,,
Allergy, continuous_sneezing, shivering, chills, watering_from_eyes,,,,,,,,,,,,,
GERD, stomach_pain, acidity, ulcers_on_tongue, vomiting, cough, chest_pain,,,,,,,,,,,
Chronic cholestasis,itching, vomiting, yellowish_skin, nausea, loss_of_appetite, abdominal_pain, yellowing_of_eyes,,,,,,,,,,
Drug Reaction,itching, skin_rash, stomach_pain, burning_micturition, spotting_ urination,,,,,,,,,,,,
Peptic ulcer diseae, vomiting, indigestion, loss_of_appetite, abdominal_pain, passage_of_gases, internal_itching,,,,,,,,,,,
AIDS, muscle_wasting, patches_in_throat, high_fever, extra_marital_contacts,,,,,,,,,,,,,
Diabetes, fatigue, weight_loss, restlessness, lethargy, irregular_sugar_level, blurred_and_distorted_vision, obesity, excessive_hunger, increased_appetite, polyuria,,,,,,,
Gastroenteritis, vomiting, sunken_eyes, dehydration, diarrhoea,,,,,,,,,,,,,
Bronchial Asthma, fatigue, cough, high_fever, breathlessness, family_history, mucoid_sputum,,,,,,,,,,,
Hypertension, headache, chest_pain, dizziness, loss_of_balance, lack_of_concentration,,,,,,,,,,,,
Migraine, acidity, indigestion, headache, blurred_and_distorted_vision, excessive_hunger, stiff_neck, depression, irritability, visual_disturbances,,,,,,,,
Cervical spondylosis, back_pain, weakness_in_limbs, neck_pain, dizziness, loss_of_balance,,,,,,,,,,,,
Paralysis (brain hemorrhage), vomiting, headache, weakness_of_one_body_side, altered_sensorium,,,,,,,,,,,,,
Jaundice,itching, vomiting, fatigue, weight_loss, high_fever, yellowish_skin, dark_urine, abdominal_pain,,,,,,,,,
Malaria, chills, vomiting, high_fever, sweating, headache, nausea, diarrhoea, muscle_pain,,,,,,,,,
Chicken pox,itching, skin_rash, fatigue, lethargy, high_fever, headache, loss_of_appetite, mild_fever, swelled_lymph_nodes, malaise, red_spots_over_body,,,,,,
Dengue, skin_rash, chills, joint_pain, vomiting, fatigue, high_fever, headache, nausea, loss_of_appetite, pain_behind_the_eyes, back_pain, malaise, muscle_pain, red_spots_over_body,,,
Typhoid, chills, vomiting, fatigue, high_fever, headache, nausea, constipation, abdominal_pain, diarrhoea, toxic_look_(typhos), belly_pain,,,,,,
hepatitis A, joint_pain, vomiting, yellowish_skin, dark_urine, nausea, loss_of_appetite, abdominal_pain, diarrhoea, mild_fever, yellowing_of_eyes, muscle_pain,,,,,,
Hepatitis B,itching, fatigue, lethargy, yellowish_skin, dark_urine, loss_of_appetite, abdominal_pain, yellow_urine, yellowing_of_eyes, malaise, receiving_blood_transfusion, receiving_unsterile_injections,,,,,
Hepatitis C, fatigue, yellowish_skin, nausea, loss_of_appetite, yellowing_of_eyes, family_history,,,,,,,,,,,
Hepatitis D, joint_pain, vomiting, fatigue, yellowish_skin, dark_urine, nausea, loss_of_appetite, abdominal_pain, yellowing_of_eyes,,,,,,,,
Hepatitis E, joint_pain, vomiting, fatigue, high_fever, yellowish_skin, dark_urine, nausea, loss_of_appetite, abdominal_pain, yellowing_of_eyes, acute_liver_failure, coma, stomach_bleeding,,,,
Alcoholic hepatitis, vomiting, yellowish_skin, abdominal_pain, swelling_of_stomach, distention_of_abdomen, history_of_alcohol_consumption, fluid_overload,,,,,,,,,,
Tuberculosis, chills, vomiting, fatigue, weight_loss, cough, high_fever, breathlessness, sweating, loss_of_appetite, mild_fever, yellowing_of_eyes, swelled_lymph_nodes, malaise, phlegm, chest_pain, blood_in_sputum,
Common Cold, continuous_sneezing, chills, fatigue, cough, high_fever, headache, swelled_lymph_nodes, malaise, phlegm, throat_irritation, redness_of_eyes, sinus_pressure, runny_nose, congestion, chest_pain, loss_of_smell, muscle_pain
Pneumonia, chills, fatigue, cough, high_fever, breathlessness, sweating, malaise, phlegm, chest_pain, fast_heart_rate, rusty_sputum,,,,,,
Dimorphic hemmorhoids(piles), constipation, pain_during_bowel_movements, pain_in_anal_region, bloody_stool, irritation_in_anus,,,,,,,,,,,,
Heart attack, vomiting, breathlessness, sweating, chest_pain,,,,,,,,,,,,,
Varicose veins, fatigue, cramps, bruising, obesity, swollen_legs, swollen_blood_vessels, prominent_veins_on_calf,,,,,,,,,,
Hypothyroidism, fatigue, weight_gain, cold_hands_and_feets, mood_swings, lethargy, dizziness, puffy_face_and_eyes, enlarged_thyroid, brittle_nails, swollen_extremeties, depression, irritability, abnormal_menstruation,,,,
Hyperthyroidism, fatigue, mood_swings, weight_loss, restlessness, sweating, diarrhoea, fast_heart_rate, excessive_hunger, muscle_weakness, irritability, abnormal_menstruation,,,,,,
Hypoglycemia, vomiting, fatigue, anxiety, sweating, headache, nausea, blurred_and_distorted_vision, excessive_hunger, drying_and_tingling_lips, slurred_speech, irritability, palpitations,,,,,
Osteoarthristis, joint_pain, neck_pain, knee_pain, hip_joint_pain, swelling_joints, painful_walking,,,,,,,,,,,
Arthritis, muscle_weakness, stiff_neck, swelling_joints, movement_stiffness, painful_walking,,,,,,,,,,,,
(vertigo) Paroymsal  Positional Vertigo, vomiting, headache, nausea, spinning_movements, loss_of_balance, unsteadiness,,,,,,,,,,,
Acne, skin_rash, pus_filled_pimples, blackheads, scurring,,,,,,,,,,,,,
Urinary tract infection, burning_micturition, bladder_discomfort, foul_smell_of urine, continuous_feel_of_urine,,,,,,,,,,,,,
Psoriasis, skin_rash, joint_pain, skin_peeling, silver_like_dusting, small_dents_in_nails, inflammatory_nails,,,,,,,,,,,
Impetigo, skin_rash, high_fever, blister, red_sore_around_nose, yellow_crust_ooze,,,,,,,,,,,,
Fungal infection,itching, skin_rash, nodal_skin_eruptions, dischromic _patches,,,,,,,,,,,,,
Allergy, continuous_sneezing, shivering, chills, watering_from_eyes,,,,,,,,,,,,,
GERD, stomach_pain, acidity, ulcers_on_tongue, vomiting, cough, chest_pain,,,,,,,,,,,
Chronic cholestasis,itching, vomiting, yellowish_skin, nausea, loss_of_appetite, abdominal_pain, yellowing_of_eyes,,,,,,,,,,
Drug Reaction,itching, skin_rash, stomach_pain, burning_micturition, spotting_ urination,,,,,,,,,,,,
Peptic ulcer diseae, vomiting, indigestion, loss_of_appetite, abdominal_pain, passage_of_gases, internal_itching,,,,,,,,,,,
AIDS, muscle_wasting, patches_in_throat, high_fever, extra_marital_contacts,,,,,,,,,,,,,
Diabetes, fatigue, weight_loss, restlessness, lethargy, irregular_sugar_level, blurred_and_distorted_vision, obesity, excessive_hunger, increased_appetite, polyuria,,,,,,,
Gastroenteritis, vomiting, sunken_eyes, dehydration, diarrhoea,,,,,,,,,,,,,
Bronchial Asthma, fatigue, cough, high_fever, breathlessness, family_history, mucoid_sputum,,,,,,,,,,,
Hypertension, headache, chest_pain, dizziness, loss_of_balance, lack_of_concentration,,,,,,,,,,,,
Migraine, acidity, indigestion, headache, blurred_and_distorted_vision, excessive_hunger, stiff_neck, depression, irritability, visual_disturbances,,,,,,,,
Cervical spondylosis, back_pain, weakness_in_limbs, neck_pain, dizziness, loss_of_balance,,,,,,,,,,,,
Paralysis (brain hemorrhage), vomiting, headache, weakness_of_one_body_side, altered_sensorium,,,,,,,,,,,,,
Jaundice,itching, vomiting, fatigue, weight_loss, high_fever, yellowish_skin, dark_urine, abdominal_pain,,,,,,,,,
Malaria, chills, vomiting, high_fever, sweating, headache, nausea, diarrhoea, muscle_pain,,,,,,,,,
Chicken pox,itching, skin_rash, fatigue, lethargy, high_fever, headache, loss_of_appetite, mild_fever, swelled_lymph_nodes, malaise, red_spots_over_body,,,,,,
Dengue, skin_rash, chills, joint_pain, vomiting, fatigue, high_fever, headache, nausea, loss_of_appetite, pain_behind_the_eyes, back_pain, malaise, muscle_pain, red_spots_over_body,,,
Typhoid, chills, vomiting, fatigue, high_fever, headache, nausea, constipation, abdominal_pain, diarrhoea, toxic_look_(typhos), belly_pain,,,,,,
hepatitis A, joint_pain, vomiting, yellowish_skin, dark_urine, nausea, loss_of_appetite, abdominal_pain, diarrhoea, mild_fever, yellowing_of_eyes, muscle_pain,,,,,,
Hepatitis B,itching, fatigue, lethargy, yellowish_skin, dark_urine, loss_of_appetite, abdominal_pain, yellow_urine, yellowing_of_eyes, malaise, receiving_blood_transfusion, receiving_unsterile_injections,,,,,
Hepatitis C, fatigue, yellowish_skin, nausea, loss_of_appetite, yellowing_of_eyes, family_history,,,,,,,,,,,
Hepatitis D, joint_pain, vomiting, fatigue, yellowish_skin, dark_urine, nausea, loss_of_appetite, abdominal_pain, yellowing_of_eyes,,,,,,,,
Hepatitis E, joint_pain, vomiting, fatigue, high_fever, yellowish_skin, dark_urine, nausea, loss_of_appetite, abdominal_pain, yellowing_of_eyes, acute_liver_failure, coma, stomach_bleeding,,,,
Alcoholic hepatitis, vomiting, yellowish_skin, abdominal_pain, swelling_of_stomach, distention_of_abdomen, history_of_alcohol_consumption, fluid_overload,,,,,,,,,,
Tuberculosis, chills, vomiting, fatigue, weight_loss, cough, high_fever, breathlessness, sweating, loss_of_appetite, mild_fever, yellowing_of_eyes, swelled_lymph_nodes, malaise, phlegm, chest_pain, blood_in_sputum,
Common Cold, continuous_sneezing, chills, fatigue, cough, high_fever, headache, swelled_lymph_nodes, malaise, phlegm, throat_irritation, redness_of_eyes, sinus_pressure, runny_nose, congestion, chest_pain, loss_of_smell, muscle_pain
Pneumonia, chills, fatigue, cough, high_fever, breathlessness, sweating, malaise, phlegm, chest_pain, fast_heart_rate, rusty_sputum,,,,,,
Dimorphic hemmorhoids(piles), constipation, pain_during_bowel_movements, pain_in_anal_region, bloody_stool, irritation_in_anus,,,,,,,,,,,,
Heart attack, vomiting, breathlessness, sweating, chest_pain,,,,,,,,,,,,,
Varicose veins, fatigue, cramps, bruising, obesity, swollen_legs, swollen_blood_vessels, prominent_veins_on_calf,,,,,,,,,,
Hypothyroidism, fatigue, weight_gain, cold_hands_and_feets, mood_swings, lethargy, dizziness, puffy_face_and_eyes, enlarged_thyroid, brittle_nails, swollen_extremeties, depression, irritability, abnormal_menstruation,,,,
Hyperthyroidism, fatigue, mood_swings, weight_loss, restlessness, sweating, diarrhoea, fast_heart_rate, excessive_hunger, muscle_weakness, irritability, abnormal_menstruation,,,,,,
Hypoglycemia, vomiting, fatigue, anxiety, sweating, headache, nausea, blurred_and_distorted_vision, excessive_hunger, drying_and_tingling_lips, slurred_speech, irritability, palpitations,,,,,
Osteoarthristis, joint_pain, neck_pain, knee_pain, hip_joint_pain, swelling_joints, painful_walking,,,,,,,,,,,
Arthritis, muscle_weakness, stiff_neck, swelling_joints, movement_stiffness, painful_walking,,,,,,,,,,,,
(vertigo) Paroymsal  Positional Vertigo, vomiting, headache, nausea, spinning_movements, loss_of_balance, unsteadiness,,,,,,,,,,,
Acne, skin_rash, pus_filled_pimples, blackheads, scurring,,,,,,,,,,,,,
Urinary tract infection, burning_micturition, bladder_discomfort, foul_smell_of urine, continuous_feel_of_urine,,,,,,,,,,,,,
Psoriasis, skin_rash, joint_pain, skin_peeling, silver_like_dusting, small_dents_in_nails, inflammatory_nails,,,,,,,,,,,
Impetigo, skin_rash, high_fever, blister, red_sore_around_nose, yellow_crust_ooze,,,,,,,,,,,,
Fungal infection,itching, skin_rash, nodal_skin_eruptions, dischromic _patches,,,,,,,,,,,,,
Allergy, continuous_sneezing, shivering, chills, watering_from_eyes,,,,,,,,,,,,,
GERD, stomach_pain, acidity, ulcers_on_tongue, vomiting, cough, chest_pain,,,,,,,,,,,
Chronic cholestasis,itching, vomiting, yellowish_skin, nausea, loss_of_appetite, abdominal_pain, yellowing_of_eyes,,,,,,,,,,
Drug Reaction,itching, skin_rash, stomach_pain, burning_micturition, spotting_ urination,,,,,,,,,,,,
Peptic ulcer diseae, vomiting, indigestion, loss_of_appetite, abdominal_pain, passage_of_gases, internal_itching,,,,,,,,,,,
AIDS, muscle_wasting, patches_in_throat, high_fever, extra_marital_contacts,,,,,,,,,,,,,
Diabetes, fatigue, weight_loss, restlessness, lethargy, irregular_sugar_level, blurred_and_distorted_vision, obesity, excessive_hunger, increased_appetite, polyuria,,,,,,,
Gastroenteritis, vomiting, sunken_eyes, dehydration, diarrhoea,,,,,,,,,,,,,
Bronchial Asthma, fatigue, cough, high_fever, breathlessness, family_history, mucoid_sputum,,,,,,,,,,,
Hypertension, headache, chest_pain, dizziness, loss_of_balance, lack_of_concentration,,,,,,,,,,,,
Migraine, acidity, indigestion, headache, blurred_and_distorted_vision, excessive_hunger, stiff_neck, depression, irritability, visual_disturbances,,,,,,,,
Cervical spondylosis, back_pain, weakness_in_limbs, neck_pain, dizziness, loss_of_balance,,,,,,,,,,,,
Paralysis (brain hemorrhage), vomiting, headache, weakness_of_one_body_side, altered_sensorium,,,,,,,,,,,,,
Jaundice,itching, vomiting, fatigue, weight_loss, high_fever, yellowish_skin, dark_urine, abdominal_pain,,,,,,,,,
Malaria, chills, vomiting, high_fever, sweating, headache, nausea, diarrhoea, muscle_pain,,,,,,,,,
Chicken pox,itching, skin_rash, fatigue, lethargy, high_fever, headache, loss_of_appetite, mild_fever, swelled_lymph_nodes, malaise, red_spots_over_body,,,,,,
Dengue, skin_rash, chills, joint_pain, vomiting, fatigue, high_fever, headache, nausea, loss_of_appetite, pain_behind_the_eyes, back_pain, malaise, muscle_pain, red_spots_over_body,,,
Typhoid, chills, vomiting, fatigue, high_fever, headache, nausea, constipation, abdominal_pain, diarrhoea, toxic_look_(typhos), belly_pain,,,,,,
hepatitis A, joint_pain, vomiting, yellowish_skin, dark_urine, nausea, loss_of_appetite, abdominal_pain, diarrhoea, mild_fever, yellowing_of_eyes, muscle_pain,,,,,,
Hepatitis B,itching, fatigue, lethargy, yellowish_skin, dark_urine, loss_of_appetite, abdominal_pain, yellow_urine, yellowing_of_eyes, malaise, receiving_blood_transfusion, receiving_unsterile_injections,,,,,
Hepatitis C, fatigue, yellowish_skin, nausea, loss_of_appetite, yellowing_of_eyes, family_history,,,,,,,,,,,
Hepatitis D, joint_pain, vomiting, fatigue, yellowish_skin, dark_urine, nausea, loss_of_appetite, abdominal_pain, yellowing_of_eyes,,,,,,,,
Hepatitis E, joint_pain, vomiting, fatigue, high_fever, yellowish_skin, dark_urine, nausea, loss_of_appetite, abdominal_pain, yellowing_of_eyes, acute_liver_failure, coma, stomach_bleeding,,,,
Alcoholic hepatitis, vomiting, yellowish_skin, abdominal_pain, swelling_of_stomach, distention_of_abdomen, history_of_alcohol_consumption, fluid_overload,,,,,,,,,,
Tuberculosis, chills, vomiting, fatigue, weight_loss, cough, high_fever, breathlessness, sweating, loss_of_appetite, mild_fever, yellowing_of_eyes, swelled_lymph_nodes, malaise, phlegm, chest_pain, blood_in_sputum,
Common Cold, continuous_sneezing, chills, fatigue, cough, high_fever, headache, swelled_lymph_nodes, malaise, phlegm, throat_irritation, redness_of_eyes, sinus_pressure, runny_nose, congestion, chest_pain, loss_of_smell, muscle_pain
Pneumonia, chills, fatigue, cough, high_fever, breathlessness, sweating, malaise, phlegm, chest_pain, fast_heart_rate, rusty_sputum,,,,,,
Dimorphic hemmorhoids(piles), constipation, pain_during_bowel_movements, pain_in_anal_region, bloody_stool, irritation_in_anus,,,,,,,,,,,,
Heart attack, vomiting, breathlessness, sweating, chest_pain,,,,,,,,,,,,,
Varicose veins, fatigue, cramps, bruising, obesity, swollen_legs, swollen_blood_vessels, prominent_veins_on_calf,,,,,,,,,,
Hypothyroidism, fatigue, weight_gain, cold_hands_and_feets, mood_swings, lethargy, dizziness, puffy_face_and_eyes, enlarged_thyroid, brittle_nails, swollen_extremeties, depression, irritability, abnormal_menstruation,,,,
Hyperthyroidism, fatigue, mood_swings, weight_loss, restlessness, sweating, diarrhoea, fast_heart_rate, excessive_hunger, muscle_weakness, irritability, abnormal_menstruation,,,,,,
Hypoglycemia, vomiting, fatigue, anxiety, sweating, headache, nausea, blurred_and_distorted_vision, excessive_hunger, drying_and_tingling_lips, slurred_speech, irritability, palpitations,,,,,
Osteoarthristis, joint_pain, neck_pain, knee_pain, hip_joint_pain, swelling_joints, painful_walking,,,,,,,,,,,
Arthritis, muscle_weakness, stiff_neck, swelling_joints, movement_stiffness, painful_walking,,,,,,,,,,,,
(vertigo) Paroymsal  Positional Vertigo, vomiting, headache, nausea, spinning_movements, loss_of_balance, unsteadiness,,,,,,,,,,,
Acne, skin_rash, pus_filled_pimples, blackheads, scurring,,,,,,,,,,,,,
Urinary tract infection, burning_micturition, bladder_discomfort, foul_smell_of urine, continuous_feel_of_urine,,,,,,,,,,,,,
Psoriasis, skin_rash, joint_pain, skin_peeling, silver_like_dusting, small_dents_in_nails, inflammatory_nails,,,,,,,,,,,
Impetigo, skin_rash, high_fever, blister, red_sore_around_nose, yellow_crust_ooze,,,,,,,,,,,,
Fungal infection,itching, skin_rash, nodal_skin_eruptions, dischromic _patches,,,,,,,,,,,,,
Allergy, continuous_sneezing, shivering, chills, watering_from_eyes,,,,,,,,,,,,,
GERD, stomach_pain, acidity, ulcers_on_tongue, vomiting, cough, chest_pain,,,,,,,,,,,
Chronic cholestasis,itching, vomiting, yellowish_skin, nausea, loss_of_appetite, abdominal_pain, yellowing_of_eyes,,,,,,,,,,
Drug Reaction,itching, skin_rash, stomach_pain, burning_micturition, spotting_ urination,,,,,,,,,,,,
Peptic ulcer diseae, vomiting, indigestion, loss_of_appetite, abdominal_pain, passage_of_gases, internal_itching,,,,,,,,,,,
AIDS, muscle_wasting, patches_in_throat, high_fever, extra_marital_contacts,,,,,,,,,,,,,
Diabetes, fatigue, weight_loss, restlessness, lethargy, irregular_sugar_level, blurred_and_distorted_vision, obesity, excessive_hunger, increased_appetite, polyuria,,,,,,,
Gastroenteritis, vomiting, sunken_eyes, dehydration, diarrhoea,,,,,,,,,,,,,
Bronchial Asthma, fatigue, cough, high_fever, breathlessness, family_history, mucoid_sputum,,,,,,,,,,,
Hypertension, headache, chest_pain, dizziness, loss_of_balance, lack_of_concentration,,,,,,,,,,,,
Migraine, acidity, indigestion, headache, blurred_and_distorted_vision, excessive_hunger, stiff_neck, depression, irritability, visual_disturbances,,,,,,,,
Cervical spondylosis, back_pain, weakness_in_limbs, neck_pain, dizziness, loss_of_balance,,,,,,,,,,,,
Paralysis (brain hemorrhage), vomiting, headache, weakness_of_one_body_side, altered_sensorium,,,,,,,,,,,,,
Jaundice,itching, vomiting, fatigue, weight_loss, high_fever, yellowish_skin, dark_urine, abdominal_pain,,,,,,,,,
Malaria, chills, vomiting, high_fever, sweating, headache, nausea, diarrhoea, muscle_pain,,,,,,,,,
Chicken pox,itching, skin_rash, fatigue, lethargy, high_fever, headache, loss_of_appetite, mild_fever, swelled_lymph_nodes, malaise, red_spots_over_body,,,,,,
Dengue, skin_rash, chills, joint_pain, vomiting, fatigue, high_fever, headache, nausea, loss_of_appetite, pain_behind_the_eyes, back_pain, malaise, muscle_pain, red_spots_over_body,,,
Typhoid, chills, vomiting, fatigue, high_fever, headache, nausea, constipation, abdominal_pain, diarrhoea, toxic_look_(typhos), belly_pain,,,,,,
hepatitis A, joint_pain, vomiting, yellowish_skin, dark_urine, nausea, loss_of_appetite, abdominal_pain, diarrhoea, mild_fever, yellowing_of_eyes, muscle_pain,,,,,,
Hepatitis B,itching, fatigue, lethargy, yellowish_skin, dark_urine, loss_of_appetite, abdominal_pain, yellow_urine, yellowing_of_eyes, malaise, receiving_blood_transfusion, receiving_unsterile_injections,,,,,
Hepatitis C, fatigue, yellowish_skin, nausea, loss_of_appetite, yellowing_of_eyes, family_history,,,,,,,,,,,
Hepatitis D, joint_pain, vomiting, fatigue, yellowish_skin, dark_urine, nausea, loss_of_appetite, abdominal_pain, yellowing_of_eyes,,,,,,,,
Hepatitis E, joint_pain, vomiting, fatigue, high_fever, yellowish_skin, dark_urine, nausea, loss_of_appetite, abdominal_pain, yellowing_of_eyes, acute_liver_failure, coma, stomach_bleeding,,,,
Alcoholic hepatitis, vomiting, yellowish_skin, abdominal_pain, swelling_of_stomach, distention_of_abdomen, history_of_alcohol_consumption, fluid_overload,,,,,,,,,,
Tuberculosis, chills, vomiting, fatigue, weight_loss, cough, high_fever, breathlessness, sweating, loss_of_appetite, mild_fever, yellowing_of_eyes, swelled_lymph_nodes, malaise, phlegm, chest_pain, blood_in_sputum,
Common Cold, continuous_sneezing, chills, fatigue, cough, high_fever, headache, swelled_lymph_nodes, malaise, phlegm, throat_irritation, redness_of_eyes, sinus_pressure, runny_nose, congestion, chest_pain, loss_of_smell, muscle_pain
Pneumonia, chills, fatigue, cough, high_fever, breathlessness, sweating, malaise, phlegm, chest_pain, fast_heart_rate, rusty_sputum,,,,,,
Dimorphic hemmorhoids(piles), constipation, pain_during_bowel_movements, pain_in_anal_region, bloody_stool, irritation_in_anus,,,,,,,,,,,,
Heart attack, vomiting, breathlessness, sweating, chest_pain,,,,,,,,,,,,,
Varicose veins, fatigue, cramps, bruising, obesity, swollen_legs, swollen_blood_vessels, prominent_veins_on_calf,,,,,,,,,,
Hypothyroidism, fatigue, weight_gain, cold_hands_and_feets, mood_swings, lethargy, dizziness, puffy_face_and_eyes, enlarged_thyroid, brittle_nails, swollen_extremeties, depression, irritability, abnormal_menstruation,,,,
Hyperthyroidism, fatigue, mood_swings, weight_loss, restlessness, sweating, diarrhoea, fast_heart_rate, excessive_hunger, muscle_weakness, irritability, abnormal_menstruation,,,,,,
Hypoglycemia, vomiting, fatigue, anxiety, sweating, headache, nausea, blurred_and_distorted_vision, excessive_hunger, drying_and_tingling_lips, slurred_speech, irritability, palpitations,,,,,
Osteoarthristis, joint_pain, neck_pain, knee_pain, hip_joint_pain, swelling_joints, painful_walking,,,,,,,,,,,
Arthritis, muscle_weakness, stiff_neck, swelling_joints, movement_stiffness, painful_walking,,,,,,,,,,,,
(vertigo) Paroymsal  Positional Vertigo, vomiting, headache, nausea, spinning_movements, loss_of_balance, unsteadiness,,,,,,,,,,,
Acne, skin_rash, pus_filled_pimples, blackheads, scurring,,,,,,,,,,,,,
Urinary tract infection, burning_micturition, bladder_discomfort, foul_smell_of urine, continuous_feel_of_urine,,,,,,,,,,,,,
Psoriasis, skin_rash, joint_pain, skin_peeling, silver_like_dusting, small_dents_in_nails, inflammatory_nails,,,,,,,,,,,
Impetigo, skin_rash, high_fever, blister, red_sore_around_nose, yellow_crust_ooze,,,,,,,,,,,,
Fungal infection,itching, skin_rash, nodal_skin_eruptions, dischromic _patches,,,,,,,,,,,,,
Allergy, continuous_sneezing, shivering, chills, watering_from_eyes,,,,,,,,,,,,,
GERD, stomach_pain, acidity, ulcers_on_tongue, vomiting, cough, chest_pain,,,,,,,,,,,
Chronic cholestasis,itching, vomiting, yellowish_skin, nausea, loss_of_appetite, abdominal_pain, yellowing_of_eyes,,,,,,,,,,
Drug Reaction,itching, skin_rash, stomach_pain, burning_micturition, spotting_ urination,,,,,,,,,,,,
Peptic ulcer diseae, vomiting, indigestion, loss_of_appetite, abdominal_pain, passage_of_gases, internal_itching,,,,,,,,,,,
AIDS, muscle_wasting, patches_in_throat, high_fever, extra_marital_contacts,,,,,,,,,,,,,
Diabetes, fatigue, weight_loss, restlessness, lethargy, irregular_sugar_level, blurred_and_distorted_vision, obesity, excessive_hunger, increased_appetite, polyuria,,,,,,,
Gastroenteritis, vomiting, sunken_eyes, dehydration, diarrhoea,,,,,,,,,,,,,
Bronchial Asthma, fatigue, cough, high_fever, breathlessness, family_history, mucoid_sputum,,,,,,,,,,,
Hypertension, headache, chest_pain, dizziness, loss_of_balance, lack_of_concentration,,,,,,,,,,,,
Migraine, acidity, indigestion, headache, blurred_and_distorted_vision, excessive_hunger, stiff_neck, depression, irritability, visual_disturbances,,,,,,,,
Cervical spondylosis, back_pain, weakness_in_limbs, neck_pain, dizziness, loss_of_balance,,,,,,,,,,,,
Paralysis (brain hemorrhage), vomiting, headache, weakness_of_one_body_side, altered_sensorium,,,,,,,,,,,,,
Jaundice,itching, vomiting, fatigue, weight_loss, high_fever, yellowish_skin, dark_urine, abdominal_pain,,,,,,,,,
Malaria, chills, vomiting, high_fever, sweating, headache, nausea, diarrhoea, muscle_pain,,,,,,,,,
Chicken pox,itching, skin_rash, fatigue, lethargy, high_fever, headache, loss_of_appetite, mild_fever, swelled_lymph_nodes, malaise, red_spots_over_body,,,,,,
Dengue, skin_rash, chills, joint_pain, vomiting, fatigue, high_fever, headache, nausea, loss_of_appetite, pain_behind_the_eyes, back_pain, malaise, muscle_pain, red_spots_over_body,,,
Typhoid, chills, vomiting, fatigue, high_fever, headache, nausea, constipation, abdominal_pain, diarrhoea, toxic_look_(typhos), belly_pain,,,,,,
hepatitis A, joint_pain, vomiting, yellowish_skin, dark_urine, nausea, loss_of_appetite, abdominal_pain, diarrhoea, mild_fever, yellowing_of_eyes, muscle_pain,,,,,,
Hepatitis B,itching, fatigue, lethargy, yellowish_skin, dark_urine, loss_of_appetite, abdominal_pain, yellow_urine, yellowing_of_eyes, malaise, receiving_blood_transfusion, receiving_unsterile_injections,,,,,
Hepatitis C, fatigue, yellowish_skin, nausea, loss_of_appetite, yellowing_of_eyes, family_history,,,,,,,,,,,
Hepatitis D, joint_pain, vomiting, fatigue, yellowish_skin, dark_urine, nausea, loss_of_appetite, abdominal_pain, yellowing_of_eyes,,,,,,,,
Hepatitis E, joint_pain, vomiting, fatigue, high_fever, yellowish_skin, dark_urine, nausea, loss_of_appetite, abdominal_pain, yellowing_of_eyes, acute_liver_failure, coma, stomach_bleeding,,,,
Alcoholic hepatitis, vomiting, yellowish_skin, abdominal_pain, swelling_of_stomach, distention_of_abdomen, history_of_alcohol_consumption, fluid_overload,,,,,,,,,,
Tuberculosis, chills, vomiting, fatigue, weight_loss, cough, high_fever, breathlessness, sweating, loss_of_appetite, mild_fever, yellowing_of_eyes, swelled_lymph_nodes, malaise, phlegm, chest_pain, blood_in_sputum,
Common Cold, continuous_sneezing, chills, fatigue, cough, high_fever, headache, swelled_lymph_nodes, malaise, phlegm, throat_irritation, redness_of_eyes, sinus_pressure, runny_nose, congestion, chest_pain, loss_of_smell, muscle_pain
Pneumonia, chills, fatigue, cough, high_fever, breathlessness, sweating, malaise, phlegm, chest_pain, fast_heart_rate, rusty_sputum,,,,,,
Dimorphic hemmorhoids(piles), constipation, pain_during_bowel_movements, pain_in_anal_region, bloody_stool, irritation_in_anus,,,,,,,,,,,,
Heart attack, vomiting, breathlessness, sweating, chest_pain,,,,,,,,,,,,,
Varicose veins, fatigue, cramps, bruising, obesity, swollen_legs, swollen_blood_vessels, prominent_veins_on_calf,,,,,,,,,,
Hypothyroidism, fatigue, weight_gain, cold_hands_and_feets, mood_swings, lethargy, dizziness, puffy_face_and_eyes, enlarged_thyroid, brittle_nails, swollen_extremeties, depression, irritability, abnormal_menstruation,,,,
Hyperthyroidism, fatigue, mood_swings, weight_loss, restlessness, sweating, diarrhoea, fast_heart_rate, excessive_hunger, muscle_weakness, irritability, abnormal_menstruation,,,,,,
Hypoglycemia, vomiting, fatigue, anxiety, sweating, headache, nausea, blurred_and_distorted_vision, excessive_hunger, drying_and_tingling_lips, slurred_speech, irritability, palpitations,,,,,
Osteoarthristis, joint_pain, neck_pain, knee_pain, hip_joint_pain, swelling_joints, painful_walking,,,,,,,,,,,
Arthritis, muscle_weakness, stiff_neck, swelling_joints, movement_stiffness, painful_walking,,,,,,,,,,,,
(vertigo) Paroymsal  Positional Vertigo, vomiting, headache, nausea, spinning_movements, loss_of_balance, unsteadiness,,,,,,,,,,,
Acne, skin_rash, pus_filled_pimples, blackheads, scurring,,,,,,,,,,,,,
Urinary tract infection, burning_micturition, bladder_discomfort, foul_smell_of urine, continuous_feel_of_urine,,,,,,,,,,,,,
Psoriasis, skin_rash, joint_pain, skin_peeling, silver_like_dusting, small_dents_in_nails, inflammatory_nails,,,,,,,,,,,
Impetigo, skin_rash, high_fever, blister, red_sore_around_nose, yellow_crust_ooze,,,,,,,,,,,,
Fungal infection,itching, skin_rash, nodal_skin_eruptions, dischromic _patches,,,,,,,,,,,,,
Allergy, continuous_sneezing, shivering, chills, watering_from_eyes,,,,,,,,,,,,,
GERD, stomach_pain, acidity, ulcers_on_tongue, vomiting, cough, chest_pain,,,,,,,,,,,
Chronic cholestasis,itching, vomiting, yellowish_skin, nausea, loss_of_appetite, abdominal_pain, yellowing_of_eyes,,,,,,,,,,
Drug Reaction,itching, skin_rash, stomach_pain, burning_micturition, spotting_ urination,,,,,,,,,,,,
Peptic ulcer diseae, vomiting, indigestion, loss_of_appetite, abdominal_pain, passage_of_gases, internal_itching,,,,,,,,,,,
AIDS, muscle_wasting, patches_in_throat, high_fever, extra_marital_contacts,,,,,,,,,,,,,
Diabetes, fatigue, weight_loss, restlessness, lethargy, irregular_sugar_level, blurred_and_distorted_vision, obesity, excessive_hunger, increased_appetite, polyuria,,,,,,,
Gastroenteritis, vomiting, sunken_eyes, dehydration, diarrhoea,,,,,,,,,,,,,
Bronchial Asthma, fatigue, cough, high_fever, breathlessness, family_history, mucoid_sputum,,,,,,,,,,,
Hypertension, headache, chest_pain, dizziness, loss_of_balance, lack_of_concentration,,,,,,,,,,,,
Migraine, acidity, indigestion, headache, blurred_and_distorted_vision, excessive_hunger, stiff_neck, depression, irritability, visual_disturbances,,,,,,,,
Cervical spondylosis, back_pain, weakness_in_limbs, neck_pain, dizziness, loss_of_balance,,,,,,,,,,,,
Paralysis (brain hemorrhage), vomiting, headache, weakness_of_one_body_side, altered_sensorium,,,,,,,,,,,,,
Jaundice,itching, vomiting, fatigue, weight_loss, high_fever, yellowish_skin, dark_urine, abdominal_pain,,,,,,,,,
Malaria, chills, vomiting, high_fever, sweating, headache, nausea, diarrhoea, muscle_pain,,,,,,,,,
Chicken pox,itching, skin_rash, fatigue, lethargy, high_fever, headache, loss_of_appetite, mild_fever, swelled_lymph_nodes, malaise, red_spots_over_body,,,,,,
Dengue, skin_rash, chills, joint_pain, vomiting, fatigue, high_fever, headache, nausea, loss_of_appetite, pain_behind_the_eyes, back_pain, malaise, muscle_pain, red_spots_over_body,,,
Typhoid, chills, vomiting, fatigue, high_fever, headache, nausea, constipation, abdominal_pain, diarrhoea, toxic_look_(typhos), belly_pain,,,,,,
hepatitis A, joint_pain, vomiting, yellowish_skin, dark_urine, nausea, loss_of_appetite, abdominal_pain, diarrhoea, mild_fever, yellowing_of_eyes, muscle_pain,,,,,,
Hepatitis B,itching, fatigue, lethargy, yellowish_skin, dark_urine, loss_of_appetite, abdominal_pain, yellow_urine, yellowing_of_eyes, malaise, receiving_blood_transfusion, receiving_unsterile_injections,,,,,
Hepatitis C, fatigue, yellowish_skin, nausea, loss_of_appetite, yellowing_of_eyes, family_history,,,,,,,,,,,
Hepatitis D, joint_pain, vomiting, fatigue, yellowish_skin, dark_urine, nausea, loss_of_appetite, abdominal_pain, yellowing_of_eyes,,,,,,,,
Hepatitis E, joint_pain, vomiting, fatigue, high_fever, yellowish_skin, dark_urine, nausea, loss_of_appetite, abdominal_pain, yellowing_of_eyes, acute_liver_failure, coma, stomach_bleeding,,,,
Alcoholic hepatitis, vomiting, yellowish_skin, abdominal_pain, swelling_of_stomach, distention_of_abdomen, history_of_alcohol_consumption, fluid_overload,,,,,,,,,,
Tuberculosis, chills, vomiting, fatigue, weight_loss, cough, high_fever, breathlessness, sweating, loss_of_appetite, mild_fever, yellowing_of_eyes, swelled_lymph_nodes, malaise, phlegm, chest_pain, blood_in_sputum,
Common Cold, continuous_sneezing, chills, fatigue, cough, high_fever, headache, swelled_lymph_nodes, malaise, phlegm, throat_irritation, redness_of_eyes, sinus_pressure, runny_nose, congestion, chest_pain, loss_of_smell, muscle_pain
Pneumonia, chills, fatigue, cough, high_fever, breathlessness, sweating, malaise, phlegm, chest_pain, fast_heart_rate, rusty_sputum,,,,,,
Dimorphic hemmorhoids(piles), constipation, pain_during_bowel_movements, pain_in_anal_region, bloody_stool, irritation_in_anus,,,,,,,,,,,,
Heart attack, vomiting, breathlessness, sweating, chest_pain,,,,,,,,,,,,,
Varicose veins, fatigue, cramps, bruising, obesity, swollen_legs, swollen_blood_vessels, prominent_veins_on_calf,,,,,,,,,,
Hypothyroidism, fatigue, weight_gain, cold_hands_and_feets, mood_swings, lethargy, dizziness, puffy_face_and_eyes, enlarged_thyroid, brittle_nails, swollen_extremeties, depression, irritability, abnormal_menstruation,,,,
Hyperthyroidism, fatigue, mood_swings, weight_loss, restlessness, sweating, diarrhoea, fast_heart_rate, excessive_hunger, muscle_weakness, irritability, abnormal_menstruation,,,,,,
Hypoglycemia, vomiting, fatigue, anxiety, sweating, headache, nausea, blurred_and_distorted_vision, excessive_hunger, drying_and_tingling_lips, slurred_speech, irritability, palpitations,,,,,
Osteoarthristis, joint_pain, neck_pain, knee_pain, hip_joint_pain, swelling_joints, painful_walking,,,,,,,,,,,
Arthritis, muscle_weakness, stiff_neck, swelling_joints, movement_stiffness, painful_walking,,,,,,,,,,,,
(vertigo) Paroymsal  Positional Vertigo, vomiting, headache, nausea, spinning_movements, loss_of_balance, unsteadiness,,,,,,,,,,,
Acne, skin_rash, pus_filled_pimples, blackheads, scurring,,,,,,,,,,,,,
Urinary tract infection, burning_micturition, bladder_discomfort, foul_smell_of urine, continuous_feel_of_urine,,,,,,,,,,,,,
Psoriasis, skin_rash, joint_pain, skin_peeling, silver_like_dusting, small_dents_in_nails, inflammatory_nails,,,,,,,,,,,
Impetigo, skin_rash, high_fever, blister, red_sore_around_nose, yellow_crust_ooze,,,,,,,,,,,,
Fungal infection,itching, skin_rash, nodal_skin_eruptions, dischromic _patches,,,,,,,,,,,,,
Allergy, continuous_sneezing, shivering, chills, watering_from_eyes,,,,,,,,,,,,,
GERD, stomach_pain, acidity, ulcers_on_tongue, vomiting, cough, chest_pain,,,,,,,,,,,
Chronic cholestasis,itching, vomiting, yellowish_skin, nausea, loss_of_appetite, abdominal_pain, yellowing_of_eyes,,,,,,,,,,
Drug Reaction,itching, skin_rash, stomach_pain, burning_micturition, spotting_ urination,,,,,,,,,,,,
Peptic ulcer diseae, vomiting, indigestion, loss_of_appetite, abdominal_pain, passage_of_gases, internal_itching,,,,,,,,,,,
AIDS, muscle_wasting, patches_in_throat, high_fever, extra_marital_contacts,,,,,,,,,,,,,
Diabetes, fatigue, weight_loss, restlessness, lethargy, irregular_sugar_level, blurred_and_distorted_vision, obesity, excessive_hunger, increased_appetite, polyuria,,,,,,,
Gastroenteritis, vomiting, sunken_eyes, dehydration, diarrhoea,,,,,,,,,,,,,
Bronchial Asthma, fatigue, cough, high_fever, breathlessness, family_history, mucoid_sputum,,,,,,,,,,,
Hypertension, headache, chest_pain, dizziness, loss_of_balance, lack_of_concentration,,,,,,,,,,,,
Migraine, acidity, indigestion, headache, blurred_and_distorted_vision, excessive_hunger, stiff_neck, depression, irritability, visual_disturbances,,,,,,,,
Cervical spondylosis, back_pain, weakness_in_limbs, neck_pain, dizziness, loss_of_balance,,,,,,,,,,,,
Paralysis (brain hemorrhage), vomiting, headache, weakness_of_one_body_side, altered_sensorium,,,,,,,,,,,,,
Jaundice,itching, vomiting, fatigue, weight_loss, high_fever, yellowish_skin, dark_urine, abdominal_pain,,,,,,,,,
Malaria, chills, vomiting, high_fever, sweating, headache, nausea, diarrhoea, muscle_pain,,,,,,,,,
Chicken pox,itching, skin_rash, fatigue, lethargy, high_fever, headache, loss_of_appetite, mild_fever, swelled_lymph_nodes, malaise, red_spots_over_body,,,,,,
Dengue, skin_rash, chills, joint_pain, vomiting, fatigue, high_fever, headache, nausea, loss_of_appetite, pain_behind_the_eyes, back_pain, malaise, muscle_pain, red_spots_over_body,,,
Typhoid, chills, vomiting, fatigue, high_fever, headache, nausea, constipation, abdominal_pain, diarrhoea, toxic_look_(typhos), belly_pain,,,,,,
hepatitis A, joint_pain, vomiting, yellowish_skin, dark_urine, nausea, loss_of_appetite, abdominal_pain, diarrhoea, mild_fever, yellowing_of_eyes, muscle_pain,,,,,,
Hepatitis B,itching, fatigue, lethargy, yellowish_skin, dark_urine, loss_of_appetite, abdominal_pain, yellow_urine, yellowing_of_eyes, malaise, receiving_blood_transfusion, receiving_unsterile_injections,,,,,
Hepatitis C, fatigue, yellowish_skin, nausea, loss_of_appetite, yellowing_of_eyes, family_history,,,,,,,,,,,
Hepatitis D, joint_pain, vomiting, fatigue, yellowish_skin, dark_urine, nausea, loss_of_appetite, abdominal_pain, yellowing_of_eyes,,,,,,,,
Hepatitis E, joint_pain, vomiting, fatigue, high_fever, yellowish_skin, dark_urine, nausea, loss_of_appetite, abdominal_pain, yellowing_of_eyes, acute_liver_failure, coma, stomach_bleeding,,,,
Alcoholic hepatitis, vomiting, yellowish_skin, abdominal_pain, swelling_of_stomach, distention_of_abdomen, history_of_alcohol_consumption, fluid_overload,,,,,,,,,,
Tuberculosis, chills, vomiting, fatigue, weight_loss, cough, high_fever, breathlessness, sweating, loss_of_appetite, mild_fever, yellowing_of_eyes, swelled_lymph_nodes, malaise, phlegm, chest_pain, blood_in_sputum,
Common Cold, continuous_sneezing, chills, fatigue, cough, high_fever, headache, swelled_lymph_nodes, malaise, phlegm, throat_irritation, redness_of_eyes, sinus_pressure, runny_nose, congestion, chest_pain, loss_of_smell, muscle_pain
Pneumonia, chills, fatigue, cough, high_fever, breathlessness, sweating, malaise, phlegm, chest_pain, fast_heart_rate, rusty_sputum,,,,,,
Dimorphic hemmorhoids(piles), constipation, pain_during_bowel_movements, pain_in_anal_region, bloody_stool, irritation_in_anus,,,,,,,,,,,,
Heart attack, vomiting, breathlessness, sweating, chest_pain,,,,,,,,,,,,,
Varicose veins, fatigue, cramps, bruising, obesity, swollen_legs, swollen_blood_vessels, prominent_veins_on_calf,,,,,,,,,,
Hypothyroidism, fatigue, weight_gain, cold_hands_and_feets, mood_swings, lethargy, dizziness, puffy_face_and_eyes, enlarged_thyroid, brittle_nails, swollen_extremeties, depression, irritability, abnormal_menstruation,,,,
Hyperthyroidism, fatigue, mood_swings, weight_loss, restlessness, sweating, diarrhoea, fast_heart_rate, excessive_hunger, muscle_weakness, irritability, abnormal_menstruation,,,,,,
Hypoglycemia, vomiting, fatigue, anxiety, sweating, headache, nausea, blurred_and_distorted_vision, excessive_hunger, drying_and_tingling_lips, slurred_speech, irritability, palpitations,,,,,
Osteoarthristis, joint_pain, neck_pain, knee_pain, hip_joint_pain, swelling_joints, painful_walking,,,,,,,,,,,
Arthritis, muscle_weakness, stiff_neck, swelling_joints, movement_stiffness, painful_walking,,,,,,,,,,,,
(vertigo) Paroymsal  Positional Vertigo, vomiting, headache, nausea, spinning_movements, loss_of_balance, unsteadiness,,,,,,,,,,,
Acne, skin_rash, pus_filled_pimples, blackheads, scurring,,,,,,,,,,,,,
Urinary tract infection, burning_micturition, bladder_discomfort, foul_smell_of urine, continuous_feel_of_urine,,,,,,,,,,,,,
Psoriasis, skin_rash, joint_pain, skin_peeling, silver_like_dusting, small_dents_in_nails, inflammatory_nails,,,,,,,,,,,
Impetigo, skin_rash, high_fever, blister, red_sore_around_nose, yellow_crust_ooze,,,,,,,,,,,,
Fungal infection,itching, skin_rash, nodal_skin_eruptions, dischromic _patches,,,,,,,,,,,,,
Allergy, continuous_sneezing, shivering, chills, watering_from_eyes,,,,,,,,,,,,,
GERD, stomach_pain, acidity, ulcers_on_tongue, vomiting, cough, chest_pain,,,,,,,,,,,
Chronic cholestasis,itching, vomiting, yellowish_skin, nausea, loss_of_appetite, abdominal_pain, yellowing_of_eyes,,,,,,,,,,
Drug Reaction,itching, skin_rash, stomach_pain, burning_micturition, spotting_ urination,,,,,,,,,,,,
Peptic ulcer diseae, vomiting, indigestion, loss_of_appetite, abdominal_pain, passage_of_gases, internal_itching,,,,,,,,,,,
AIDS, muscle_wasting, patches_in_throat, high_fever, extra_marital_contacts,,,,,,,,,,,,,
Diabetes, fatigue, weight_loss, restlessness, lethargy, irregular_sugar_level, blurred_and_distorted_vision, obesity, excessive_hunger, increased_appetite, polyuria,,,,,,,
Gastroenteritis, vomiting, sunken_eyes, dehydration, diarrhoea,,,,,,,,,,,,,
Bronchial Asthma, fatigue, cough, high_fever, breathlessness, family_history, mucoid_sputum,,,,,,,,,,,
Hypertension, headache, chest_pain, dizziness, loss_of_balance, lack_of_concentration,,,,,,,,,,,,
Migraine, acidity, indigestion, headache, blurred_and_distorted_vision, excessive_hunger, stiff_neck, depression, irritability, visual_disturbances,,,,,,,,
Cervical spondylosis, back_pain, weakness_in_limbs, neck_pain, dizziness, loss_of_balance,,,,,,,,,,,,
Paralysis (brain hemorrhage), vomiting, headache, weakness_of_one_body_side, altered_sensorium,,,,,,,,,,,,,
Jaundice,itching, vomiting, fatigue, weight_loss, high_fever, yellowish_skin, dark_urine, abdominal_pain,,,,,,,,,
Malaria, chills, vomiting, high_fever, sweating, headache, nausea, diarrhoea, muscle_pain,,,,,,,,,
Chicken pox,itching, skin_rash, fatigue, lethargy, high_fever, headache, loss_of_appetite, mild_fever, swelled_lymph_nodes, malaise, red_spots_over_body,,,,,,
Dengue, skin_rash, chills, joint_pain, vomiting, fatigue, high_fever, headache, nausea, loss_of_appetite, pain_behind_the_eyes, back_pain, malaise, muscle_pain, red_spots_over_body,,,
Typhoid, chills, vomiting, fatigue, high_fever, headache, nausea, constipation, abdominal_pain, diarrhoea, toxic_look_(typhos), belly_pain,,,,,,
hepatitis A, joint_pain, vomiting, yellowish_skin, dark_urine, nausea, loss_of_appetite, abdominal_pain, diarrhoea, mild_fever, yellowing_of_eyes, muscle_pain,,,,,,
Hepatitis B,itching, fatigue, lethargy, yellowish_skin, dark_urine, loss_of_appetite, abdominal_pain, yellow_urine, yellowing_of_eyes, malaise, receiving_blood_transfusion, receiving_unsterile_injections,,,,,
Hepatitis C, fatigue, yellowish_skin, nausea, loss_of_appetite, yellowing_of_eyes, family_history,,,,,,,,,,,
Hepatitis D, joint_pain, vomiting, fatigue, yellowish_skin, dark_urine, nausea, loss_of_appetite, abdominal_pain, yellowing_of_eyes,,,,,,,,
Hepatitis E, joint_pain, vomiting, fatigue, high_fever, yellowish_skin, dark_urine, nausea, loss_of_appetite, abdominal_pain, yellowing_of_eyes, acute_liver_failure, coma, stomach_bleeding,,,,
Alcoholic hepatitis, vomiting, yellowish_skin, abdominal_pain, swelling_of_stomach, distention_of_abdomen, history_of_alcohol_consumption, fluid_overload,,,,,,,,,,
Tuberculosis, chills, vomiting, fatigue, weight_loss, cough, high_fever, breathlessness, sweating, loss_of_appetite, mild_fever, yellowing_of_eyes, swelled_lymph_nodes, malaise, phlegm, chest_pain, blood_in_sputum,
Common Cold, continuous_sneezing, chills, fatigue, cough, high_fever, headache, swelled_lymph_nodes, malaise, phlegm, throat_irritation, redness_of_eyes, sinus_pressure, runny_nose, congestion, chest_pain, loss_of_smell, muscle_pain
Pneumonia, chills, fatigue, cough, high_fever, breathlessness, sweating, malaise, phlegm, chest_pain, fast_heart_rate, rusty_sputum,,,,,,
Dimorphic hemmorhoids(piles), constipation, pain_during_bowel_movements, pain_in_anal_region, bloody_stool, irritation_in_anus,,,,,,,,,,,,
Heart attack, vomiting, breathlessness, sweating, chest_pain,,,,,,,,,,,,,
Varicose veins, fatigue, cramps, bruising, obesity, swollen_legs, swollen_blood_vessels, prominent_veins_on_calf,,,,,,,,,,
Hypothyroidism, fatigue, weight_gain, cold_hands_and_feets, mood_swings, lethargy, dizziness, puffy_face_and_eyes, enlarged_thyroid, brittle_nails, swollen_extremeties, depression, irritability, abnormal_menstruation,,,,
Hyperthyroidism, fatigue, mood_swings, weight_loss, restlessness, sweating, diarrhoea, fast_heart_rate, excessive_hunger, muscle_weakness, irritability, abnormal_menstruation,,,,,,
Hypoglycemia, vomiting, fatigue, anxiety, sweating, headache, nausea, blurred_and_distorted_vision, excessive_hunger, drying_and_tingling_lips, slurred_speech, irritability, palpitations,,,,,
Osteoarthristis, joint_pain, neck_pain, knee_pain, hip_joint_pain, swelling_joints, painful_walking,,,,,,,,,,,
Arthritis, muscle_weakness, stiff_neck, swelling_joints, movement_stiffness, painful_walking,,,,,,,,,,,,
(vertigo) Paroymsal  Positional Vertigo, vomiting, headache, nausea, spinning_movements, loss_of_balance, unsteadiness,,,,,,,,,,,
Acne, skin_rash, pus_filled_pimples, blackheads, scurring,,,,,,,,,,,,,
Urinary tract infection, burning_micturition, bladder_discomfort, foul_smell_of urine, continuous_feel_of_urine,,,,,,,,,,,,,
Psoriasis, skin_rash, joint_pain, skin_peeling, silver_like_dusting, small_dents_in_nails, inflammatory_nails,,,,,,,,,,,
Impetigo, skin_rash, high_fever, blister, red_sore_around_nose, yellow_crust_ooze,,,,,,,,,,,,
Fungal infection,itching, skin_rash, nodal_skin_eruptions, dischromic _patches,,,,,,,,,,,,,
Allergy, continuous_sneezing, shivering, chills, watering_from_eyes,,,,,,,,,,,,,
GERD, stomach_pain, acidity, ulcers_on_tongue, vomiting, cough, chest_pain,,,,,,,,,,,
Chronic cholestasis,itching, vomiting, yellowish_skin, nausea, loss_of_appetite, abdominal_pain, yellowing_of_eyes,,,,,,,,,,
Drug Reaction,itching, skin_rash, stomach_pain, burning_micturition, spotting_ urination,,,,,,,,,,,,
Peptic ulcer diseae, vomiting, indigestion, loss_of_appetite, abdominal_pain, passage_of_gases, internal_itching,,,,,,,,,,,
AIDS, muscle_wasting, patches_in_throat, high_fever, extra_marital_contacts,,,,,,,,,,,,,
Diabetes, fatigue, weight_loss, restlessness, lethargy, irregular_sugar_level, blurred_and_distorted_vision, obesity, excessive_hunger, increased_appetite, polyuria,,,,,,,
Gastroenteritis, vomiting, sunken_eyes, dehydration, diarrhoea,,,,,,,,,,,,,
Bronchial Asthma, fatigue, cough, high_fever, breathlessness, family_history, mucoid_sputum,,,,,,,,,,,
Hypertension, headache, chest_pain, dizziness, loss_of_balance, lack_of_concentration,,,,,,,,,,,,
Migraine, acidity, indigestion, headache, blurred_and_distorted_vision, excessive_hunger, stiff_neck, depression, irritability, visual_disturbances,,,,,,,,
Cervical spondylosis, back_pain, weakness_in_limbs, neck_pain, dizziness, loss_of_balance,,,,,,,,,,,,
Paralysis (brain hemorrhage), vomiting, headache, weakness_of_one_body_side, altered_sensorium,,,,,,,,,,,,,
Jaundice,itching, vomiting, fatigue, weight_loss, high_fever, yellowish_skin, dark_urine, abdominal_pain,,,,,,,,,
Malaria, chills, vomiting, high_fever, sweating, headache, nausea, diarrhoea, muscle_pain,,,,,,,,,
Chicken pox,itching, skin_rash, fatigue, lethargy, high_fever, headache, loss_of_appetite, mild_fever, swelled_lymph_nodes, malaise, red_spots_over_body,,,,,,
Dengue, skin_rash, chills, joint_pain, vomiting, fatigue, high_fever, headache, nausea, loss_of_appetite, pain_behind_the_eyes, back_pain, malaise, muscle_pain, red_spots_over_body,,,
Typhoid, chills, vomiting, fatigue, high_fever, headache, nausea, constipation, abdominal_pain, diarrhoea, toxic_look_(typhos), belly_pain,,,,,,
hepatitis A, joint_pain, vomiting, yellowish_skin, dark_urine, nausea, loss_of_appetite, abdominal_pain, diarrhoea, mild_fever, yellowing_of_eyes, muscle_pain,,,,,,
Hepatitis B,itching, fatigue, lethargy, yellowish_skin, dark_urine, loss_of_appetite, abdominal_pain, yellow_urine, yellowing_of_eyes, malaise, receiving_blood_transfusion, receiving_unsterile_injections,,,,,
Hepatitis C, fatigue, yellowish_skin, nausea, loss_of_appetite, yellowing_of_eyes, family_history,,,,,,,,,,,
Hepatitis D, joint_pain, vomiting, fatigue, yellowish_skin, dark_urine, nausea, loss_of_appetite, abdominal_pain, yellowing_of_eyes,,,,,,,,
Hepatitis E, joint_pain, vomiting, fatigue, high_fever, yellowish_skin, dark_urine, nausea, loss_of_appetite, abdominal_pain, yellowing_of_eyes, acute_liver_failure, coma, stomach_bleeding,,,,
Alcoholic hepatitis, vomiting, yellowish_skin, abdominal_pain, swelling_of_stomach, distention_of_abdomen, history_of_alcohol_consumption, fluid_overload,,,,,,,,,,
Tuberculosis, chills, vomiting, fatigue, weight_loss, cough, high_fever, breathlessness, sweating, loss_of_appetite, mild_fever, yellowing_of_eyes, swelled_lymph_nodes, malaise, phlegm, chest_pain, blood_in_sputum,
Common Cold, continuous_sneezing, chills, fatigue, cough, high_fever, headache, swelled_lymph_nodes, malaise, phlegm, throat_irritation, redness_of_eyes, sinus_pressure, runny_nose, congestion, chest_pain, loss_of_smell, muscle_pain
Pneumonia, chills, fatigue, cough, high_fever, breathlessness, sweating, malaise, phlegm, chest_pain, fast_heart_rate, rusty_sputum,,,,,,
Dimorphic hemmorhoids(piles), constipation, pain_during_bowel_movements, pain_in_anal_region, bloody_stool, irritation_in_anus,,,,,,,,,,,,
Heart attack, vomiting, breathlessness, sweating, chest_pain,,,,,,,,,,,,,
Varicose veins, fatigue, cramps, bruising, obesity, swollen_legs, swollen_blood_vessels, prominent_veins_on_calf,,,,,,,,,,
Hypothyroidism, fatigue, weight_gain, cold_hands_and_feets, mood_swings, lethargy, dizziness, puffy_face_and_eyes, enlarged_thyroid, brittle_nails, swollen_extremeties, depression, irritability, abnormal_menstruation,,,,
Hyperthyroidism, fatigue, mood_swings, weight_loss, restlessness, sweating, diarrhoea, fast_heart_rate, excessive_hunger, muscle_weakness, irritability, abnormal_menstruation,,,,,,
Hypoglycemia, vomiting, fatigue, anxiety, sweating, headache, nausea, blurred_and_distorted_vision, excessive_hunger, drying_and_tingling_lips, slurred_speech, irritability, palpitations,,,,,
Osteoarthristis, joint_pain, neck_pain, knee_pain, hip_joint_pain, swelling_joints, painful_walking,,,,,,,,,,,
Arthritis, muscle_weakness, stiff_neck, swelling_joints, movement_stiffness, painful_walking,,,,,,,,,,,,
(vertigo) Paroymsal  Positional Vertigo, vomiting, headache, nausea, spinning_movements, loss_of_balance, unsteadiness,,,,,,,,,,,
Acne, skin_rash, pus_filled_pimples, blackheads, scurring,,,,,,,,,,,,,
Urinary tract infection, burning_micturition, bladder_discomfort, foul_smell_of urine, continuous_feel_of_urine,,,,,,,,,,,,,
Psoriasis, skin_rash, joint_pain, skin_peeling, silver_like_dusting, small_dents_in_nails, inflammatory_nails,,,,,,,,,,,
Impetigo, skin_rash, high_fever, blister, red_sore_around_nose, yellow_crust_ooze,,,,,,,,,,,,
Fungal infection,itching, skin_rash, nodal_skin_eruptions, dischromic _patches,,,,,,,,,,,,,
Allergy, continuous_sneezing, shivering, chills, watering_from_eyes,,,,,,,,,,,,,
GERD, stomach_pain, acidity, ulcers_on_tongue, vomiting, cough, chest_pain,,,,,,,,,,,
Chronic cholestasis,itching, vomiting, yellowish_skin, nausea, loss_of_appetite, abdominal_pain, yellowing_of_eyes,,,,,,,,,,
Drug Reaction,itching, skin_rash, stomach_pain, burning_micturition, spotting_ urination,,,,,,,,,,,,
Peptic ulcer diseae, vomiting, indigestion, loss_of_appetite, abdominal_pain, passage_of_gases, internal_itching,,,,,,,,,,,
AIDS, muscle_wasting, patches_in_throat, high_fever, extra_marital_contacts,,,,,,,,,,,,,
Diabetes, fatigue, weight_loss, restlessness, lethargy, irregular_sugar_level, blurred_and_distorted_vision, obesity, excessive_hunger, increased_appetite, polyuria,,,,,,,
Gastroenteritis, vomiting, sunken_eyes, dehydration, diarrhoea,,,,,,,,,,,,,
Bronchial Asthma, fatigue, cough, high_fever, breathlessness, family_history, mucoid_sputum,,,,,,,,,,,
Hypertension, headache, chest_pain, dizziness, loss_of_balance, lack_of_concentration,,,,,,,,,,,,
Migraine, acidity, indigestion, headache, blurred_and_distorted_vision, excessive_hunger, stiff_neck, depression, irritability, visual_disturbances,,,,,,,,
Cervical spondylosis, back_pain, weakness_in_limbs, neck_pain, dizziness, loss_of_balance,,,,,,,,,,,,
Paralysis (brain hemorrhage), vomiting, headache, weakness_of_one_body_side, altered_sensorium,,,,,,,,,,,,,
Jaundice,itching, vomiting, fatigue, weight_loss, high_fever, yellowish_skin, dark_urine, abdominal_pain,,,,,,,,,
Malaria, chills, vomiting, high_fever, sweating, headache, nausea, diarrhoea, muscle_pain,,,,,,,,,
Chicken pox,itching, skin_rash, fatigue, lethargy, high_fever, headache, loss_of_appetite, mild_fever, swelled_lymph_nodes, malaise, red_spots_over_body,,,,,,
Dengue, skin_rash, chills, joint_pain, vomiting, fatigue, high_fever, headache, nausea, loss_of_appetite, pain_behind_the_eyes, back_pain, malaise, muscle_pain, red_spots_over_body,,,
Typhoid, chills, vomiting, fatigue, high_fever, headache, nausea, constipation, abdominal_pain, diarrhoea, toxic_look_(typhos), belly_pain,,,,,,
hepatitis A, joint_pain, vomiting, yellowish_skin, dark_urine, nausea, loss_of_appetite, abdominal_pain, diarrhoea, mild_fever, yellowing_of_eyes, muscle_pain,,,,,,
Hepatitis B,itching, fatigue, lethargy, yellowish_skin, dark_urine, loss_of_appetite, abdominal_pain, yellow_urine, yellowing_of_eyes, malaise, receiving_blood_transfusion, receiving_unsterile_injections,,,,,
Hepatitis C, fatigue, yellowish_skin, nausea, loss_of_appetite, yellowing_of_eyes, family_history,,,,,,,,,,,
Hepatitis D, joint_pain, vomiting, fatigue, yellowish_skin, dark_urine, nausea, loss_of_appetite, abdominal_pain, yellowing_of_eyes,,,,,,,,
Hepatitis E, joint_pain, vomiting, fatigue, high_fever, yellowish_skin, dark_urine, nausea, loss_of_appetite, abdominal_pain, yellowing_of_eyes, acute_liver_failure, coma, stomach_bleeding,,,,
Alcoholic hepatitis, vomiting, yellowish_skin, abdominal_pain, swelling_of_stomach, distention_of_abdomen, history_of_alcohol_consumption, fluid_overload,,,,,,,,,,
Tuberculosis, chills, vomiting, fatigue, weight_loss, cough, high_fever, breathlessness, sweating, loss_of_appetite, mild_fever, yellowing_of_eyes, swelled_lymph_nodes, malaise, phlegm, chest_pain, blood_in_sputum,
Common Cold, continuous_sneezing, chills, fatigue, cough, high_fever, headache, swelled_lymph_nodes, malaise, phlegm, throat_irritation, redness_of_eyes, sinus_pressure, runny_nose, congestion, chest_pain, loss_of_smell, muscle_pain
Pneumonia, chills, fatigue, cough, high_fever, breathlessness, sweating, malaise, phlegm, chest_pain, fast_heart_rate, rusty_sputum,,,,,,
Dimorphic hemmorhoids(piles), constipation, pain_during_bowel_movements, pain_in_anal_region, bloody_stool, irritation_in_anus,,,,,,,,,,,,
Heart attack, vomiting, breathlessness, sweating, chest_pain,,,,,,,,,,,,,
Varicose veins, fatigue, cramps, bruising, obesity, swollen_legs, swollen_blood_vessels, prominent_veins_on_calf,,,,,,,,,,
Hypothyroidism, fatigue, weight_gain, cold_hands_and_feets, mood_swings, lethargy, dizziness, puffy_face_and_eyes, enlarged_thyroid, brittle_nails, swollen_extremeties, depression, irritability, abnormal_menstruation,,,,
Hyperthyroidism, fatigue, mood_swings, weight_loss, restlessness, sweating, diarrhoea, fast_heart_rate, excessive_hunger, muscle_weakness, irritability, abnormal_menstruation,,,,,,
Hypoglycemia, vomiting, fatigue, anxiety, sweating, headache, nausea, blurred_and_distorted_vision, excessive_hunger, drying_and_tingling_lips, slurred_speech, irritability, palpitations,,,,,
Osteoarthristis, joint_pain, neck_pain, knee_pain, hip_joint_pain, swelling_joints, painful_walking,,,,,,,,,,,
Arthritis, muscle_weakness, stiff_neck, swelling_joints, movement_stiffness, painful_walking,,,,,,,,,,,,
(vertigo) Paroymsal  Positional Vertigo, vomiting, headache, nausea, spinning_movements, loss_of_balance, unsteadiness,,,,,,,,,,,
Acne, skin_rash, pus_filled_pimples, blackheads, scurring,,,,,,,,,,,,,
Urinary tract infection, burning_micturition, bladder_discomfort, foul_smell_of urine, continuous_feel_of_urine,,,,,,,,,,,,,
Psoriasis, skin_rash, joint_pain, skin_peeling, silver_like_dusting, small_dents_in_nails, inflammatory_nails,,,,,,,,,,,
Impetigo, skin_rash, high_fever, blister, red_sore_around_nose, yellow_crust_ooze,,,,,,,,,,,,
Fungal infection,itching, skin_rash, nodal_skin_eruptions, dischromic _patches,,,,,,,,,,,,,
Allergy, continuous_sneezing, shivering, chills, watering_from_eyes,,,,,,,,,,,,,
GERD, stomach_pain, acidity, ulcers_on_tongue, vomiting, cough, chest_pain,,,,,,,,,,,
Chronic cholestasis,itching, vomiting, yellowish_skin, nausea, loss_of_appetite, abdominal_pain, yellowing_of_eyes,,,,,,,,,,
Drug Reaction,itching, skin_rash, stomach_pain, burning_micturition, spotting_ urination,,,,,,,,,,,,
Peptic ulcer diseae, vomiting, indigestion, loss_of_appetite, abdominal_pain, passage_of_gases, internal_itching,,,,,,,,,,,
AIDS, muscle_wasting, patches_in_throat, high_fever, extra_marital_contacts,,,,,,,,,,,,,
Diabetes, fatigue, weight_loss, restlessness, lethargy, irregular_sugar_level, blurred_and_distorted_vision, obesity, excessive_hunger, increased_appetite, polyuria,,,,,,,
Gastroenteritis, vomiting, sunken_eyes, dehydration, diarrhoea,,,,,,,,,,,,,
Bronchial Asthma, fatigue, cough, high_fever, breathlessness, family_history, mucoid_sputum,,,,,,,,,,,
Hypertension, headache, chest_pain, dizziness, loss_of_balance, lack_of_concentration,,,,,,,,,,,,
Migraine, acidity, indigestion, headache, blurred_and_distorted_vision, excessive_hunger, stiff_neck, depression, irritability, visual_disturbances,,,,,,,,
Cervical spondylosis, back_pain, weakness_in_limbs, neck_pain, dizziness, loss_of_balance,,,,,,,,,,,,
Paralysis (brain hemorrhage), vomiting, headache, weakness_of_one_body_side, altered_sensorium,,,,,,,,,,,,,
Jaundice,itching, vomiting, fatigue, weight_loss, high_fever, yellowish_skin, dark_urine, abdominal_pain,,,,,,,,,
Malaria, chills, vomiting, high_fever, sweating, headache, nausea, diarrhoea, muscle_pain,,,,,,,,,
Chicken pox,itching, skin_rash, fatigue, lethargy, high_fever, headache, loss_of_appetite, mild_fever, swelled_lymph_nodes, malaise, red_spots_over_body,,,,,,
Dengue, skin_rash, chills, joint_pain, vomiting, fatigue, high_fever, headache, nausea, loss_of_appetite, pain_behind_the_eyes, back_pain, malaise, muscle_pain, red_spots_over_body,,,
Typhoid, chills, vomiting, fatigue, high_fever, headache, nausea, constipation, abdominal_pain, diarrhoea, toxic_look_(typhos), belly_pain,,,,,,
hepatitis A, joint_pain, vomiting, yellowish_skin, dark_urine, nausea, loss_of_appetite, abdominal_pain, diarrhoea, mild_fever, yellowing_of_eyes, muscle_pain,,,,,,
Hepatitis B,itching, fatigue, lethargy, yellowish_skin, dark_urine, loss_of_appetite, abdominal_pain, yellow_urine, yellowing_of_eyes, malaise, receiving_blood_transfusion, receiving_unsterile_injections,,,,,
Hepatitis C, fatigue, yellowish_skin, nausea, loss_of_appetite, yellowing_of_eyes, family_history,,,,,,,,,,,
Hepatitis D, joint_pain, vomiting, fatigue, yellowish_skin, dark_urine, nausea, loss_of_appetite, abdominal_pain, yellowing_of_eyes,,,,,,,,
Hepatitis E, joint_pain, vomiting, fatigue, high_fever, yellowish_skin, dark_urine, nausea, loss_of_appetite, abdominal_pain, yellowing_of_eyes, acute_liver_failure, coma, stomach_bleeding,,,,
Alcoholic hepatitis, vomiting, yellowish_skin, abdominal_pain, swelling_of_stomach, distention_of_abdomen, history_of_alcohol_consumption, fluid_overload,,,,,,,,,,
Tuberculosis, chills, vomiting, fatigue, weight_loss, cough, high_fever, breathlessness, sweating, loss_of_appetite, mild_fever, yellowing_of_eyes, swelled_lymph_nodes, malaise, phlegm, chest_pain, blood_in_sputum,
Common Cold, continuous_sneezing, chills, fatigue, cough, high_fever, headache, swelled_lymph_nodes, malaise, phlegm, throat_irritation, redness_of_eyes, sinus_pressure, runny_nose, congestion, chest_pain, loss_of_smell, muscle_pain
Pneumonia, chills, fatigue, cough, high_fever, breathlessness, sweating, malaise, phlegm, chest_pain, fast_heart_rate, rusty_sputum,,,,,,
Dimorphic hemmorhoids(piles), constipation, pain_during_bowel_movements, pain_in_anal_region, bloody_stool, irritation_in_anus,,,,,,,,,,,,
Heart attack, vomiting, breathlessness, sweating, chest_pain,,,,,,,,,,,,,
Varicose veins, fatigue, cramps, bruising, obesity, swollen_legs, swollen_blood_vessels, prominent_veins_on_calf,,,,,,,,,,
Hypothyroidism, fatigue, weight_gain, cold_hands_and_feets, mood_swings, lethargy, dizziness, puffy_face_and_eyes, enlarged_thyroid, brittle_nails, swollen_extremeties, depression, irritability, abnormal_menstruation,,,,
Hyperthyroidism, fatigue, mood_swings, weight_loss, restlessness, sweating, diarrhoea, fast_heart_rate, excessive_hunger, muscle_weakness, irritability, abnormal_menstruation,,,,,,
Hypoglycemia, vomiting, fatigue, anxiety, sweating, headache, nausea, blurred_and_distorted_vision, excessive_hunger, drying_and_tingling_lips, slurred_speech, irritability, palpitations,,,,,
Osteoarthristis, joint_pain, neck_pain, knee_pain, hip_joint_pain, swelling_joints, painful_walking,,,,,,,,,,,
Arthritis, muscle_weakness, stiff_neck, swelling_joints, movement_stiffness, painful_walking,,,,,,,,,,,,
(vertigo) Paroymsal  Positional Vertigo, vomiting, headache, nausea, spinning_movements, loss_of_balance, unsteadiness,,,,,,,,,,,
Acne, skin_rash, pus_filled_pimples, blackheads, scurring,,,,,,,,,,,,,
Urinary tract infection, burning_micturition, bladder_discomfort, foul_smell_of urine, continuous_feel_of_urine,,,,,,,,,,,,,
Psoriasis, skin_rash, joint_pain, skin_peeling, silver_like_dusting, small_dents_in_nails, inflammatory_nails,,,,,,,,,,,
Impetigo, skin_rash, high_fever, blister, red_sore_around_nose, yellow_crust_ooze,,,,,,,,,,,,
Fungal infection,itching, skin_rash, nodal_skin_eruptions, dischromic _patches,,,,,,,,,,,,,
Allergy, continuous_sneezing, shivering, chills, watering_from_eyes,,,,,,,,,,,,,
GERD, stomach_pain, acidity, ulcers_on_tongue, vomiting, cough, chest_pain,,,,,,,,,,,
Chronic cholestasis,itching, vomiting, yellowish_skin, nausea, loss_of_appetite, abdominal_pain, yellowing_of_eyes,,,,,,,,,,
Drug Reaction,itching, skin_rash, stomach_pain, burning_micturition, spotting_ urination,,,,,,,,,,,,
Peptic ulcer diseae, vomiting, indigestion, loss_of_appetite, abdominal_pain, passage_of_gases, internal_itching,,,,,,,,,,,
AIDS, muscle_wasting, patches_in_throat, high_fever, extra_marital_contacts,,,,,,,,,,,,,
Diabetes, fatigue, weight_loss, restlessness, lethargy, irregular_sugar_level, blurred_and_distorted_vision, obesity, excessive_hunger, increased_appetite, polyuria,,,,,,,
Gastroenteritis, vomiting, sunken_eyes, dehydration, diarrhoea,,,,,,,,,,,,,
Bronchial Asthma, fatigue, cough, high_fever, breathlessness, family_history, mucoid_sputum,,,,,,,,,,,
Hypertension, headache, chest_pain, dizziness, loss_of_balance, lack_of_concentration,,,,,,,,,,,,
Migraine, acidity, indigestion, headache, blurred_and_distorted_vision, excessive_hunger, stiff_neck, depression, irritability, visual_disturbances,,,,,,,,
Cervical spondylosis, back_pain, weakness_in_limbs, neck_pain, dizziness, loss_of_balance,,,,,,,,,,,,
Paralysis (brain hemorrhage), vomiting, headache, weakness_of_one_body_side, altered_sensorium,,,,,,,,,,,,,
Jaundice,itching, vomiting, fatigue, weight_loss, high_fever, yellowish_skin, dark_urine, abdominal_pain,,,,,,,,,
Malaria, chills, vomiting, high_fever, sweating, headache, nausea, diarrhoea, muscle_pain,,,,,,,,,
Chicken pox,itching, skin_rash, fatigue, lethargy, high_fever, headache, loss_of_appetite, mild_fever, swelled_lymph_nodes, malaise, red_spots_over_body,,,,,,
Dengue, skin_rash, chills, joint_pain, vomiting, fatigue, high_fever, headache, nausea, loss_of_appetite, pain_behind_the_eyes, back_pain, malaise, muscle_pain, red_spots_over_body,,,
Typhoid, chills, vomiting, fatigue, high_fever, headache, nausea, constipation, abdominal_pain, diarrhoea, toxic_look_(typhos), belly_pain,,,,,,
hepatitis A, joint_pain, vomiting, yellowish_skin, dark_urine, nausea, loss_of_appetite, abdominal_pain, diarrhoea, mild_fever, yellowing_of_eyes, muscle_pain,,,,,,
Hepatitis B,itching, fatigue, lethargy, yellowish_skin, dark_urine, loss_of_appetite, abdominal_pain, yellow_urine, yellowing_of_eyes, malaise, receiving_blood_transfusion, receiving_unsterile_injections,,,,,
Hepatitis C, fatigue, yellowish_skin, nausea, loss_of_appetite, yellowing_of_eyes, family_history,,,,,,,,,,,
Hepatitis D, joint_pain, vomiting, fatigue, yellowish_skin, dark_urine, nausea, loss_of_appetite, abdominal_pain, yellowing_of_eyes,,,,,,,,
Hepatitis E, joint_pain, vomiting, fatigue, high_fever, yellowish_skin, dark_urine, nausea, loss_of_appetite, abdominal_pain, yellowing_of_eyes, acute_liver_failure, coma, stomach_bleeding,,,,
Alcoholic hepatitis, vomiting, yellowish_skin, abdominal_pain, swelling_of_stomach, distention_of_abdomen, history_of_alcohol_consumption, fluid_overload,,,,,,,,,,
Tuberculosis, chills, vomiting, fatigue, weight_loss, cough, high_fever, breathlessness, sweating, loss_of_appetite, mild_fever, yellowing_of_eyes, swelled_lymph_nodes, malaise, phlegm, chest_pain, blood_in_sputum,
Common Cold, continuous_sneezing, chills, fatigue, cough, high_fever, headache, swelled_lymph_nodes, malaise, phlegm, throat_irritation, redness_of_eyes, sinus_pressure, runny_nose, congestion, chest_pain, loss_of_smell, muscle_pain
Pneumonia, chills, fatigue, cough, high_fever, breathlessness, sweating, malaise, phlegm, chest_pain, fast_heart_rate, rusty_sputum,,,,,,
Dimorphic hemmorhoids(piles), constipation, pain_during_bowel_movements, pain_in_anal_region, bloody_stool, irritation_in_anus,,,,,,,,,,,,
Heart attack, vomiting, breathlessness, sweating, chest_pain,,,,,,,,,,,,,
Varicose veins, fatigue, cramps, bruising, obesity, swollen_legs, swollen_blood_vessels, prominent_veins_on_calf,,,,,,,,,,
Hypothyroidism, fatigue, weight_gain, cold_hands_and_feets, mood_swings, lethargy, dizziness, puffy_face_and_eyes, enlarged_thyroid, brittle_nails, swollen_extremeties, depression, irritability, abnormal_menstruation,,,,
Hyperthyroidism, fatigue, mood_swings, weight_loss, restlessness, sweating, diarrhoea, fast_heart_rate, excessive_hunger, muscle_weakness, irritability, abnormal_menstruation,,,,,,
Hypoglycemia, vomiting, fatigue, anxiety, sweating, headache, nausea, blurred_and_distorted_vision, excessive_hunger, drying_and_tingling_lips, slurred_speech, irritability, palpitations,,,,,
Osteoarthristis, joint_pain, neck_pain, knee_pain, hip_joint_pain, swelling_joints, painful_walking,,,,,,,,,,,
Arthritis, muscle_weakness, stiff_neck, swelling_joints, movement_stiffness, painful_walking,,,,,,,,,,,,
(vertigo) Paroymsal  Positional Vertigo, vomiting, headache, nausea, spinning_movements, loss_of_balance, unsteadiness,,,,,,,,,,,
Acne, skin_rash, pus_filled_pimples, blackheads, scurring,,,,,,,,,,,,,
Urinary tract infection, burning_micturition, bladder_discomfort, foul_smell_of urine, continuous_feel_of_urine,,,,,,,,,,,,,
Psoriasis, skin_rash, joint_pain, skin_peeling, silver_like_dusting, small_dents_in_nails, inflammatory_nails,,,,,,,,,,,
Impetigo, skin_rash, high_fever, blister, red_sore_around_nose, yellow_crust_ooze,,,,,,,,,,,,
Fungal infection,itching, skin_rash, nodal_skin_eruptions, dischromic _patches,,,,,,,,,,,,,
Allergy, continuous_sneezing, shivering, chills, watering_from_eyes,,,,,,,,,,,,,
GERD, stomach_pain, acidity, ulcers_on_tongue, vomiting, cough, chest_pain,,,,,,,,,,,
Chronic cholestasis,itching, vomiting, yellowish_skin, nausea, loss_of_appetite, abdominal_pain, yellowing_of_eyes,,,,,,,,,,
Drug Reaction,itching, skin_rash, stomach_pain, burning_micturition, spotting_ urination,,,,,,,,,,,,
Peptic ulcer diseae, vomiting, indigestion, loss_of_appetite, abdominal_pain, passage_of_gases, internal_itching,,,,,,,,,,,
AIDS, muscle_wasting, patches_in_throat, high_fever, extra_marital_contacts,,,,,,,,,,,,,
Diabetes, fatigue, weight_loss, restlessness, lethargy, irregular_sugar_level, blurred_and_distorted_vision, obesity, excessive_hunger, increased_appetite, polyuria,,,,,,,
Gastroenteritis, vomiting, sunken_eyes, dehydration, diarrhoea,,,,,,,,,,,,,
Bronchial Asthma, fatigue, cough, high_fever, breathlessness, family_history, mucoid_sputum,,,,,,,,,,,
Hypertension, headache, chest_pain, dizziness, loss_of_balance, lack_of_concentration,,,,,,,,,,,,
Migraine, acidity, indigestion, headache, blurred_and_distorted_vision, excessive_hunger, stiff_neck, depression, irritability, visual_disturbances,,,,,,,,
Cervical spondylosis, back_pain, weakness_in_limbs, neck_pain, dizziness, loss_of_balance,,,,,,,,,,,,
Paralysis (brain hemorrhage), vomiting, headache, weakness_of_one_body_side, altered_sensorium,,,,,,,,,,,,,
Jaundice,itching, vomiting, fatigue, weight_loss, high_fever, yellowish_skin, dark_urine, abdominal_pain,,,,,,,,,
Malaria, chills, vomiting, high_fever, sweating, headache, nausea, diarrhoea, muscle_pain,,,,,,,,,
Chicken pox,itching, skin_rash, fatigue, lethargy, high_fever, headache, loss_of_appetite, mild_fever, swelled_lymph_nodes, malaise, red_spots_over_body,,,,,,
Dengue, skin_rash, chills, joint_pain, vomiting, fatigue, high_fever, headache, nausea, loss_of_appetite, pain_behind_the_eyes, back_pain, malaise, muscle_pain, red_spots_over_body,,,
Typhoid, chills, vomiting, fatigue, high_fever, headache, nausea, constipation, abdominal_pain, diarrhoea, toxic_look_(typhos), belly_pain,,,,,,
hepatitis A, joint_pain, vomiting, yellowish_skin, dark_urine, nausea, loss_of_appetite, abdominal_pain, diarrhoea, mild_fever, yellowing_of_eyes, muscle_pain,,,,,,
Hepatitis B,itching, fatigue, lethargy, yellowish_skin, dark_urine, loss_of_appetite, abdominal_pain, yellow_urine, yellowing_of_eyes, malaise, receiving_blood_transfusion, receiving_unsterile_injections,,,,,
Hepatitis C, fatigue, yellowish_skin, nausea, loss_of_appetite, yellowing_of_eyes, family_history,,,,,,,,,,,
Hepatitis D, joint_pain, vomiting, fatigue, yellowish_skin, dark_urine, nausea, loss_of_appetite, abdominal_pain, yellowing_of_eyes,,,,,,,,
Hepatitis E, joint_pain, vomiting, fatigue, high_fever, yellowish_skin, dark_urine, nausea, loss_of_appetite, abdominal_pain, yellowing_of_eyes, acute_liver_failure, coma, stomach_bleeding,,,,
Alcoholic hepatitis, vomiting, yellowish_skin, abdominal_pain, swelling_of_stomach, distention_of_abdomen, history_of_alcohol_consumption, fluid_overload,,,,,,,,,,
Tuberculosis, chills, vomiting, fatigue, weight_loss, cough, high_fever, breathlessness, sweating, loss_of_appetite, mild_fever, yellowing_of_eyes, swelled_lymph_nodes, malaise, phlegm, chest_pain, blood_in_sputum,
Common Cold, continuous_sneezing, chills, fatigue, cough, high_fever, headache, swelled_lymph_nodes, malaise, phlegm, throat_irritation, redness_of_eyes, sinus_pressure, runny_nose, congestion, chest_pain, loss_of_smell, muscle_pain
Pneumonia, chills, fatigue, cough, high_fever, breathlessness, sweating, malaise, phlegm, chest_pain, fast_heart_rate, rusty_sputum,,,,,,
Dimorphic hemmorhoids(piles), constipation, pain_during_bowel_movements, pain_in_anal_region, bloody_stool, irritation_in_anus,,,,,,,,,,,,
Heart attack, vomiting, breathlessness, sweating, chest_pain,,,,,,,,,,,,,
Varicose veins, fatigue, cramps, bruising, obesity, swollen_legs, swollen_blood_vessels, prominent_veins_on_calf,,,,,,,,,,
Hypothyroidism, fatigue, weight_gain, cold_hands_and_feets, mood_swings, lethargy, dizziness, puffy_face_and_eyes, enlarged_thyroid, brittle_nails, swollen_extremeties, depression, irritability, abnormal_menstruation,,,,
Hyperthyroidism, fatigue, mood_swings, weight_loss, restlessness, sweating, diarrhoea, fast_heart_rate, excessive_hunger, muscle_weakness, irritability, abnormal_menstruation,,,,,,
Hypoglycemia, vomiting, fatigue, anxiety, sweating, headache, nausea, blurred_and_distorted_vision, excessive_hunger, drying_and_tingling_lips, slurred_speech, irritability, palpitations,,,,,
Osteoarthristis, joint_pain, neck_pain, knee_pain, hip_joint_pain, swelling_joints, painful_walking,,,,,,,,,,,
Arthritis, muscle_weakness, stiff_neck, swelling_joints, movement_stiffness, painful_walking,,,,,,,,,,,,
(vertigo) Paroymsal  Positional Vertigo, vomiting, headache, nausea, spinning_movements, loss_of_balance, unsteadiness,,,,,,,,,,,
Acne, skin_rash, pus_filled_pimples, blackheads, scurring,,,,,,,,,,,,,
Urinary tract infection, burning_micturition, bladder_discomfort, foul_smell_of urine, continuous_feel_of_urine,,,,,,,,,,,,,
Psoriasis, skin_rash, joint_pain, skin_peeling, silver_like_dusting, small_dents_in_nails, inflammatory_nails,,,,,,,,,,,
Impetigo, skin_rash, high_fever, blister, red_sore_around_nose, yellow_crust_ooze,,,,,,,,,,,,
Fungal infection,itching, skin_rash, nodal_skin_eruptions, dischromic _patches,,,,,,,,,,,,,
Allergy, continuous_sneezing, shivering, chills, watering_from_eyes,,,,,,,,,,,,,
GERD, stomach_pain, acidity, ulcers_on_tongue, vomiting, cough, chest_pain,,,,,,,,,,,
Chronic cholestasis,itching, vomiting, yellowish_skin, nausea, loss_of_appetite, abdominal_pain, yellowing_of_eyes,,,,,,,,,,
Drug Reaction,itching, skin_rash, stomach_pain, burning_micturition, spotting_ urination,,,,,,,,,,,,
Peptic ulcer diseae, vomiting, indigestion, loss_of_appetite, abdominal_pain, passage_of_gases, internal_itching,,,,,,,,,,,
AIDS, muscle_wasting, patches_in_throat, high_fever, extra_marital_contacts,,,,,,,,,,,,,
Diabetes, fatigue, weight_loss, restlessness, lethargy, irregular_sugar_level, blurred_and_distorted_vision, obesity, excessive_hunger, increased_appetite, polyuria,,,,,,,
Gastroenteritis, vomiting, sunken_eyes, dehydration, diarrhoea,,,,,,,,,,,,,
Bronchial Asthma, fatigue, cough, high_fever, breathlessness, family_history, mucoid_sputum,,,,,,,,,,,
Hypertension, headache, chest_pain, dizziness, loss_of_balance, lack_of_concentration,,,,,,,,,,,,
Migraine, acidity, indigestion, headache, blurred_and_distorted_vision, excessive_hunger, stiff_neck, depression, irritability, visual_disturbances,,,,,,,,
Cervical spondylosis, back_pain, weakness_in_limbs, neck_pain, dizziness, loss_of_balance,,,,,,,,,,,,
Paralysis (brain hemorrhage), vomiting, headache, weakness_of_one_body_side, altered_sensorium,,,,,,,,,,,,,
Jaundice,itching, vomiting, fatigue, weight_loss, high_fever, yellowish_skin, dark_urine, abdominal_pain,,,,,,,,,
Malaria, chills, vomiting, high_fever, sweating, headache, nausea, diarrhoea, muscle_pain,,,,,,,,,
Chicken pox,itching, skin_rash, fatigue, lethargy, high_fever, headache, loss_of_appetite, mild_fever, swelled_lymph_nodes, malaise, red_spots_over_body,,,,,,
Dengue, skin_rash, chills, joint_pain, vomiting, fatigue, high_fever, headache, nausea, loss_of_appetite, pain_behind_the_eyes, back_pain, malaise, muscle_pain, red_spots_over_body,,,
Typhoid, chills, vomiting, fatigue, high_fever, headache, nausea, constipation, abdominal_pain, diarrhoea, toxic_look_(typhos), belly_pain,,,,,,
hepatitis A, joint_pain, vomiting, yellowish_skin, dark_urine, nausea, loss_of_appetite, abdominal_pain, diarrhoea, mild_fever, yellowing_of_eyes, muscle_pain,,,,,,
Hepatitis B,itching, fatigue, lethargy, yellowish_skin, dark_urine, loss_of_appetite, abdominal_pain, yellow_urine, yellowing_of_eyes, malaise, receiving_blood_transfusion, receiving_unsterile_injections,,,,,
Hepatitis C, fatigue, yellowish_skin, nausea, loss_of_appetite, yellowing_of_eyes, family_history,,,,,,,,,,,
Hepatitis D, joint_pain, vomiting, fatigue, yellowish_skin, dark_urine, nausea, loss_of_appetite, abdominal_pain, yellowing_of_eyes,,,,,,,,
Hepatitis E, joint_pain, vomiting, fatigue, high_fever, yellowish_skin, dark_urine, nausea, loss_of_appetite, abdominal_pain, yellowing_of_eyes, acute_liver_failure, coma, stomach_bleeding,,,,
Alcoholic hepatitis, vomiting, yellowish_skin, abdominal_pain, swelling_of_stomach, distention_of_abdomen, history_of_alcohol_consumption, fluid_overload,,,,,,,,,,
Tuberculosis, chills, vomiting, fatigue, weight_loss, cough, high_fever, breathlessness, sweating, loss_of_appetite, mild_fever, yellowing_of_eyes, swelled_lymph_nodes, malaise, phlegm, chest_pain, blood_in_sputum,
Common Cold, continuous_sneezing, chills, fatigue, cough, high_fever, headache, swelled_lymph_nodes, malaise, phlegm, throat_irritation, redness_of_eyes, sinus_pressure, runny_nose, congestion, chest_pain, loss_of_smell, muscle_pain
Pneumonia, chills, fatigue, cough, high_fever, breathlessness, sweating, malaise, phlegm, chest_pain, fast_heart_rate, rusty_sputum,,,,,,
Dimorphic hemmorhoids(piles), constipation, pain_during_bowel_movements, pain_in_anal_region, bloody_stool, irritation_in_anus,,,,,,,,,,,,
Heart attack, vomiting, breathlessness, sweating, chest_pain,,,,,,,,,,,,,
Varicose veins, fatigue, cramps, bruising, obesity, swollen_legs, swollen_blood_vessels, prominent_veins_on_calf,,,,,,,,,,
Hypothyroidism, fatigue, weight_gain, cold_hands_and_feets, mood_swings, lethargy, dizziness, puffy_face_and_eyes, enlarged_thyroid, brittle_nails, swollen_extremeties, depression, irritability, abnormal_menstruation,,,,
Hyperthyroidism, fatigue, mood_swings, weight_loss, restlessness, sweating, diarrhoea, fast_heart_rate, excessive_hunger, muscle_weakness, irritability, abnormal_menstruation,,,,,,
Hypoglycemia, vomiting, fatigue, anxiety, sweating, headache, nausea, blurred_and_distorted_vision, excessive_hunger, drying_and_tingling_lips, slurred_speech, irritability, palpitations,,,,,
Osteoarthristis, joint_pain, neck_pain, knee_pain, hip_joint_pain, swelling_joints, painful_walking,,,,,,,,,,,
Arthritis, muscle_weakness, stiff_neck, swelling_joints, movement_stiffness, painful_walking,,,,,,,,,,,,
(vertigo) Paroymsal  Positional Vertigo, vomiting, headache, nausea, spinning_movements, loss_of_balance, unsteadiness,,,,,,,,,,,
Acne, skin_rash, pus_filled_pimples, blackheads, scurring,,,,,,,,,,,,,
Urinary tract infection, burning_micturition, bladder_discomfort, foul_smell_of urine, continuous_feel_of_urine,,,,,,,,,,,,,
Psoriasis, skin_rash, joint_pain, skin_peeling, silver_like_dusting, small_dents_in_nails, inflammatory_nails,,,,,,,,,,,
Impetigo, skin_rash, high_fever, blister, red_sore_around_nose, yellow_crust_ooze,,,,,,,,,,,,
Fungal infection,itching, skin_rash, nodal_skin_eruptions, dischromic _patches,,,,,,,,,,,,,
Allergy, continuous_sneezing, shivering, chills, watering_from_eyes,,,,,,,,,,,,,
GERD, stomach_pain, acidity, ulcers_on_tongue, vomiting, cough, chest_pain,,,,,,,,,,,
Chronic cholestasis,itching, vomiting, yellowish_skin, nausea, loss_of_appetite, abdominal_pain, yellowing_of_eyes,,,,,,,,,,
Drug Reaction,itching, skin_rash, stomach_pain, burning_micturition, spotting_ urination,,,,,,,,,,,,
Peptic ulcer diseae, vomiting, indigestion, loss_of_appetite, abdominal_pain, passage_of_gases, internal_itching,,,,,,,,,,,
AIDS, muscle_wasting, patches_in_throat, high_fever, extra_marital_contacts,,,,,,,,,,,,,
Diabetes, fatigue, weight_loss, restlessness, lethargy, irregular_sugar_level, blurred_and_distorted_vision, obesity, excessive_hunger, increased_appetite, polyuria,,,,,,,
Gastroenteritis, vomiting, sunken_eyes, dehydration, diarrhoea,,,,,,,,,,,,,
Bronchial Asthma, fatigue, cough, high_fever, breathlessness, family_history, mucoid_sputum,,,,,,,,,,,
Hypertension, headache, chest_pain, dizziness, loss_of_balance, lack_of_concentration,,,,,,,,,,,,
Migraine, acidity, indigestion, headache, blurred_and_distorted_vision, excessive_hunger, stiff_neck, depression, irritability, visual_disturbances,,,,,,,,
Cervical spondylosis, back_pain, weakness_in_limbs, neck_pain, dizziness, loss_of_balance,,,,,,,,,,,,
Paralysis (brain hemorrhage), vomiting, headache, weakness_of_one_body_side, altered_sensorium,,,,,,,,,,,,,
Jaundice,itching, vomiting, fatigue, weight_loss, high_fever, yellowish_skin, dark_urine, abdominal_pain,,,,,,,,,
Malaria, chills, vomiting, high_fever, sweating, headache, nausea, diarrhoea, muscle_pain,,,,,,,,,
Chicken pox,itching, skin_rash, fatigue, lethargy, high_fever, headache, loss_of_appetite, mild_fever, swelled_lymph_nodes, malaise, red_spots_over_body,,,,,,
Dengue, skin_rash, chills, joint_pain, vomiting, fatigue, high_fever, headache, nausea, loss_of_appetite, pain_behind_the_eyes, back_pain, malaise, muscle_pain, red_spots_over_body,,,
Typhoid, chills, vomiting, fatigue, high_fever, headache, nausea, constipation, abdominal_pain, diarrhoea, toxic_look_(typhos), belly_pain,,,,,,
hepatitis A, joint_pain, vomiting, yellowish_skin, dark_urine, nausea, loss_of_appetite, abdominal_pain, diarrhoea, mild_fever, yellowing_of_eyes, muscle_pain,,,,,,
Hepatitis B,itching, fatigue, lethargy, yellowish_skin, dark_urine, loss_of_appetite, abdominal_pain, yellow_urine, yellowing_of_eyes, malaise, receiving_blood_transfusion, receiving_unsterile_injections,,,,,
Hepatitis C, fatigue, yellowish_skin, nausea, loss_of_appetite, yellowing_of_eyes, family_history,,,,,,,,,,,
Hepatitis D, joint_pain, vomiting, fatigue, yellowish_skin, dark_urine, nausea, loss_of_appetite, abdominal_pain, yellowing_of_eyes,,,,,,,,
Hepatitis E, joint_pain, vomiting, fatigue, high_fever, yellowish_skin, dark_urine, nausea, loss_of_appetite, abdominal_pain, yellowing_of_eyes, acute_liver_failure, coma, stomach_bleeding,,,,
Alcoholic hepatitis, vomiting, yellowish_skin, abdominal_pain, swelling_of_stomach, distention_of_abdomen, history_of_alcohol_consumption, fluid_overload,,,,,,,,,,
Tuberculosis, chills, vomiting, fatigue, weight_loss, cough, high_fever, breathlessness, sweating, loss_of_appetite, mild_fever, yellowing_of_eyes, swelled_lymph_nodes, malaise, phlegm, chest_pain, blood_in_sputum,
Common Cold, continuous_sneezing, chills, fatigue, cough, high_fever, headache, swelled_lymph_nodes, malaise, phlegm, throat_irritation, redness_of_eyes, sinus_pressure, runny_nose, congestion, chest_pain, loss_of_smell, muscle_pain
Pneumonia, chills, fatigue, cough, high_fever, breathlessness, sweating, malaise, phlegm, chest_pain, fast_heart_rate, rusty_sputum,,,,,,
Dimorphic hemmorhoids(piles), constipation, pain_during_bowel_movements, pain_in_anal_region, bloody_stool, irritation_in_anus,,,,,,,,,,,,
Heart attack, vomiting, breathlessness, sweating, chest_pain,,,,,,,,,,,,,
Varicose veins, fatigue, cramps, bruising, obesity, swollen_legs, swollen_blood_vessels, prominent_veins_on_calf,,,,,,,,,,
Hypothyroidism, fatigue, weight_gain, cold_hands_and_feets, mood_swings, lethargy, dizziness, puffy_face_and_eyes, enlarged_thyroid, brittle_nails, swollen_extremeties, depression, irritability, abnormal_menstruation,,,,
Hyperthyroidism, fatigue, mood_swings, weight_loss, restlessness, sweating, diarrhoea, fast_heart_rate, excessive_hunger, muscle_weakness, irritability, abnormal_menstruation,,,,,,
Hypoglycemia, vomiting, fatigue, anxiety, sweating, headache, nausea, blurred_and_distorted_vision, excessive_hunger, drying_and_tingling_lips, slurred_speech, irritability, palpitations,,,,,
Osteoarthristis, joint_pain, neck_pain, knee_pain, hip_joint_pain, swelling_joints, painful_walking,,,,,,,,,,,
Arthritis, muscle_weakness, stiff_neck, swelling_joints, movement_stiffness, painful_walking,,,,,,,,,,,,
(vertigo) Paroymsal  Positional Vertigo, vomiting, headache, nausea, spinning_movements, loss_of_balance, unsteadiness,,,,,,,,,,,
Acne, skin_rash, pus_filled_pimples, blackheads, scurring,,,,,,,,,,,,,
Urinary tract infection, burning_micturition, bladder_discomfort, foul_smell_of urine, continuous_feel_of_urine,,,,,,,,,,,,,
Psoriasis, skin_rash, joint_pain, skin_peeling, silver_like_dusting, small_dents_in_nails, inflammatory_nails,,,,,,,,,,,
Impetigo, skin_rash, high_fever, blister, red_sore_around_nose, yellow_crust_ooze,,,,,,,,,,,,
Fungal infection,itching, skin_rash, nodal_skin_eruptions, dischromic _patches,,,,,,,,,,,,,
Allergy, continuous_sneezing, shivering, chills, watering_from_eyes,,,,,,,,,,,,,
GERD, stomach_pain, acidity, ulcers_on_tongue, vomiting, cough, chest_pain,,,,,,,,,,,
Chronic cholestasis,itching, vomiting, yellowish_skin, nausea, loss_of_appetite, abdominal_pain, yellowing_of_eyes,,,,,,,,,,
Drug Reaction,itching, skin_rash, stomach_pain, burning_micturition, spotting_ urination,,,,,,,,,,,,
Peptic ulcer diseae, vomiting, indigestion, loss_of_appetite, abdominal_pain, passage_of_gases, internal_itching,,,,,,,,,,,
AIDS, muscle_wasting, patches_in_throat, high_fever, extra_marital_contacts,,,,,,,,,,,,,
Diabetes, fatigue, weight_loss, restlessness, lethargy, irregular_sugar_level, blurred_and_distorted_vision, obesity, excessive_hunger, increased_appetite, polyuria,,,,,,,
Gastroenteritis, vomiting, sunken_eyes, dehydration, diarrhoea,,,,,,,,,,,,,
Bronchial Asthma, fatigue, cough, high_fever, breathlessness, family_history, mucoid_sputum,,,,,,,,,,,
Hypertension, headache, chest_pain, dizziness, loss_of_balance, lack_of_concentration,,,,,,,,,,,,
Migraine, acidity, indigestion, headache, blurred_and_distorted_vision, excessive_hunger, stiff_neck, depression, irritability, visual_disturbances,,,,,,,,
Cervical spondylosis, back_pain, weakness_in_limbs, neck_pain, dizziness, loss_of_balance,,,,,,,,,,,,
Paralysis (brain hemorrhage), vomiting, headache, weakness_of_one_body_side, altered_sensorium,,,,,,,,,,,,,
Jaundice,itching, vomiting, fatigue, weight_loss, high_fever, yellowish_skin, dark_urine, abdominal_pain,,,,,,,,,
Malaria, chills, vomiting, high_fever, sweating, headache, nausea, diarrhoea, muscle_pain,,,,,,,,,
Chicken pox,itching, skin_rash, fatigue, lethargy, high_fever, headache, loss_of_appetite, mild_fever, swelled_lymph_nodes, malaise, red_spots_over_body,,,,,,
Dengue, skin_rash, chills, joint_pain, vomiting, fatigue, high_fever, headache, nausea, loss_of_appetite, pain_behind_the_eyes, back_pain, malaise, muscle_pain, red_spots_over_body,,,
Typhoid, chills, vomiting, fatigue, high_fever, headache, nausea, constipation, abdominal_pain, diarrhoea, toxic_look_(typhos), belly_pain,,,,,,
hepatitis A, joint_pain, vomiting, yellowish_skin, dark_urine, nausea, loss_of_appetite, abdominal_pain, diarrhoea, mild_fever, yellowing_of_eyes, muscle_pain,,,,,,
Hepatitis B,itching, fatigue, lethargy, yellowish_skin, dark_urine, loss_of_appetite, abdominal_pain, yellow_urine, yellowing_of_eyes, malaise, receiving_blood_transfusion, receiving_unsterile_injections,,,,,
Hepatitis C, fatigue, yellowish_skin, nausea, loss_of_appetite, yellowing_of_eyes, family_history,,,,,,,,,,,
Hepatitis D, joint_pain, vomiting, fatigue, yellowish_skin, dark_urine, nausea, loss_of_appetite, abdominal_pain, yellowing_of_eyes,,,,,,,,
Hepatitis E, joint_pain, vomiting, fatigue, high_fever, yellowish_skin, dark_urine, nausea, loss_of_appetite, abdominal_pain, yellowing_of_eyes, acute_liver_failure, coma, stomach_bleeding,,,,
Alcoholic hepatitis, vomiting, yellowish_skin, abdominal_pain, swelling_of_stomach, distention_of_abdomen, history_of_alcohol_consumption, fluid_overload,,,,,,,,,,
Tuberculosis, chills, vomiting, fatigue, weight_loss, cough, high_fever, breathlessness, sweating, loss_of_appetite, mild_fever, yellowing_of_eyes, swelled_lymph_nodes, malaise, phlegm, chest_pain, blood_in_sputum,
Common Cold, continuous_sneezing, chills, fatigue, cough, high_fever, headache, swelled_lymph_nodes, malaise, phlegm, throat_irritation, redness_of_eyes, sinus_pressure, runny_nose, congestion, chest_pain, loss_of_smell, muscle_pain
Pneumonia, chills, fatigue, cough, high_fever, breathlessness, sweating, malaise, phlegm, chest_pain, fast_heart_rate, rusty_sputum,,,,,,
Dimorphic hemmorhoids(piles), constipation, pain_during_bowel_movements, pain_in_anal_region, bloody_stool, irritation_in_anus,,,,,,,,,,,,
Heart attack, vomiting, breathlessness, sweating, chest_pain,,,,,,,,,,,,,
Varicose veins, fatigue, cramps, bruising, obesity, swollen_legs, swollen_blood_vessels, prominent_veins_on_calf,,,,,,,,,,
Hypothyroidism, fatigue, weight_gain, cold_hands_and_feets, mood_swings, lethargy, dizziness, puffy_face_and_eyes, enlarged_thyroid, brittle_nails, swollen_extremeties, depression, irritability, abnormal_menstruation,,,,
Hyperthyroidism, fatigue, mood_swings, weight_loss, restlessness, sweating, diarrhoea, fast_heart_rate, excessive_hunger, muscle_weakness, irritability, abnormal_menstruation,,,,,,
Hypoglycemia, vomiting, fatigue, anxiety, sweating, headache, nausea, blurred_and_distorted_vision, excessive_hunger, drying_and_tingling_lips, slurred_speech, irritability, palpitations,,,,,
Osteoarthristis, joint_pain, neck_pain, knee_pain, hip_joint_pain, swelling_joints, painful_walking,,,,,,,,,,,
Arthritis, muscle_weakness, stiff_neck, swelling_joints, movement_stiffness, painful_walking,,,,,,,,,,,,
(vertigo) Paroymsal  Positional Vertigo, vomiting, headache, nausea, spinning_movements, loss_of_balance, unsteadiness,,,,,,,,,,,
Acne, skin_rash, pus_filled_pimples, blackheads, scurring,,,,,,,,,,,,,
Urinary tract infection, burning_micturition, bladder_discomfort, foul_smell_of urine, continuous_feel_of_urine,,,,,,,,,,,,,
Psoriasis, skin_rash, joint_pain, skin_peeling, silver_like_dusting, small_dents_in_nails, inflammatory_nails,,,,,,,,,,,
Impetigo, skin_rash, high_fever, blister, red_sore_around_nose, yellow_crust_ooze,,,,,,,,,,,,
Fungal infection,itching, skin_rash, nodal_skin_eruptions, dischromic _patches,,,,,,,,,,,,,
Allergy, continuous_sneezing, shivering, chills, watering_from_eyes,,,,,,,,,,,,,
GERD, stomach_pain, acidity, ulcers_on_tongue, vomiting, cough, chest_pain,,,,,,,,,,,
Chronic cholestasis,itching, vomiting, yellowish_skin, nausea, loss_of_appetite, abdominal_pain, yellowing_of_eyes,,,,,,,,,,
Drug Reaction,itching, skin_rash, stomach_pain, burning_micturition, spotting_ urination,,,,,,,,,,,,
Peptic ulcer diseae, vomiting, indigestion, loss_of_appetite, abdominal_pain, passage_of_gases, internal_itching,,,,,,,,,,,
AIDS, muscle_wasting, patches_in_throat, high_fever, extra_marital_contacts,,,,,,,,,,,,,
Diabetes, fatigue, weight_loss, restlessness, lethargy, irregular_sugar_level, blurred_and_distorted_vision, obesity, excessive_hunger, increased_appetite, polyuria,,,,,,,
Gastroenteritis, vomiting, sunken_eyes, dehydration, diarrhoea,,,,,,,,,,,,,
Bronchial Asthma, fatigue, cough, high_fever, breathlessness, family_history, mucoid_sputum,,,,,,,,,,,
Hypertension, headache, chest_pain, dizziness, loss_of_balance, lack_of_concentration,,,,,,,,,,,,
Migraine, acidity, indigestion, headache, blurred_and_distorted_vision, excessive_hunger, stiff_neck, depression, irritability, visual_disturbances,,,,,,,,
Cervical spondylosis, back_pain, weakness_in_limbs, neck_pain, dizziness, loss_of_balance,,,,,,,,,,,,
Paralysis (brain hemorrhage), vomiting, headache, weakness_of_one_body_side, altered_sensorium,,,,,,,,,,,,,
Jaundice,itching, vomiting, fatigue, weight_loss, high_fever, yellowish_skin, dark_urine, abdominal_pain,,,,,,,,,
Malaria, chills, vomiting, high_fever, sweating, headache, nausea, diarrhoea, muscle_pain,,,,,,,,,
Chicken pox,itching, skin_rash, fatigue, lethargy, high_fever, headache, loss_of_appetite, mild_fever, swelled_lymph_nodes, malaise, red_spots_over_body,,,,,,
Dengue, skin_rash, chills, joint_pain, vomiting, fatigue, high_fever, headache, nausea, loss_of_appetite, pain_behind_the_eyes, back_pain, malaise, muscle_pain, red_spots_over_body,,,
Typhoid, chills, vomiting, fatigue, high_fever, headache, nausea, constipation, abdominal_pain, diarrhoea, toxic_look_(typhos), belly_pain,,,,,,
hepatitis A, joint_pain, vomiting, yellowish_skin, dark_urine, nausea, loss_of_appetite, abdominal_pain, diarrhoea, mild_fever, yellowing_of_eyes, muscle_pain,,,,,,
Hepatitis B,itching, fatigue, lethargy, yellowish_skin, dark_urine, loss_of_appetite, abdominal_pain, yellow_urine, yellowing_of_eyes, malaise, receiving_blood_transfusion, receiving_unsterile_injections,,,,,
Hepatitis C, fatigue, yellowish_skin, nausea, loss_of_appetite, yellowing_of_eyes, family_history,,,,,,,,,,,
Hepatitis D, joint_pain, vomiting, fatigue, yellowish_skin, dark_urine, nausea, loss_of_appetite, abdominal_pain, yellowing_of_eyes,,,,,,,,
Hepatitis E, joint_pain, vomiting, fatigue, high_fever, yellowish_skin, dark_urine, nausea, loss_of_appetite, abdominal_pain, yellowing_of_eyes, acute_liver_failure, coma, stomach_bleeding,,,,
Alcoholic hepatitis, vomiting, yellowish_skin, abdominal_pain, swelling_of_stomach, distention_of_abdomen, history_of_alcohol_consumption, fluid_overload,,,,,,,,,,
Tuberculosis, chills, vomiting, fatigue, weight_loss, cough, high_fever, breathlessness, sweating, loss_of_appetite, mild_fever, yellowing_of_eyes, swelled_lymph_nodes, malaise, phlegm, chest_pain, blood_in_sputum,
Common Cold, continuous_sneezing, chills, fatigue, cough, high_fever, headache, swelled_lymph_nodes, malaise, phlegm, throat_irritation, redness_of_eyes, sinus_pressure, runny_nose, congestion, chest_pain, loss_of_smell, muscle_pain
Pneumonia, chills, fatigue, cough, high_fever, breathlessness, sweating, malaise, phlegm, chest_pain, fast_heart_rate, rusty_sputum,,,,,,
Dimorphic hemmorhoids(piles), constipation, pain_during_bowel_movements, pain_in_anal_region, bloody_stool, irritation_in_anus,,,,,,,,,,,,
Heart attack, vomiting, breathlessness, sweating, chest_pain,,,,,,,,,,,,,
Varicose veins, fatigue, cramps, bruising, obesity, swollen_legs, swollen_blood_vessels, prominent_veins_on_calf,,,,,,,,,,
Hypothyroidism, fatigue, weight_gain, cold_hands_and_feets, mood_swings, lethargy, dizziness, puffy_face_and_eyes, enlarged_thyroid, brittle_nails, swollen_extremeties, depression, irritability, abnormal_menstruation,,,,
Hyperthyroidism, fatigue, mood_swings, weight_loss, restlessness, sweating, diarrhoea, fast_heart_rate, excessive_hunger, muscle_weakness, irritability, abnormal_menstruation,,,,,,
Hypoglycemia, vomiting, fatigue, anxiety, sweating, headache, nausea, blurred_and_distorted_vision, excessive_hunger, drying_and_tingling_lips, slurred_speech, irritability, palpitations,,,,,
Osteoarthristis, joint_pain, neck_pain, knee_pain, hip_joint_pain, swelling_joints, painful_walking,,,,,,,,,,,
Arthritis, muscle_weakness, stiff_neck, swelling_joints, movement_stiffness, painful_walking,,,,,,,,,,,,
(vertigo) Paroymsal  Positional Vertigo, vomiting, headache, nausea, spinning_movements, loss_of_balance, unsteadiness,,,,,,,,,,,
Acne, skin_rash, pus_filled_pimples, blackheads, scurring,,,,,,,,,,,,,
Urinary tract infection, burning_micturition, bladder_discomfort, foul_smell_of urine, continuous_feel_of_urine,,,,,,,,,,,,,
Psoriasis, skin_rash, joint_pain, skin_peeling, silver_like_dusting, small_dents_in_nails, inflammatory_nails,,,,,,,,,,,
Impetigo, skin_rash, high_fever, blister, red_sore_around_nose, yellow_crust_ooze,,,,,,,,,,,,
Anemia,dizziness,pale_skin,weakness,fatigue,,,,,,,,,,,,,
Anemia,weakness,fatigue,headache,cold_hands_and_feets,,,,,,,,,,,,,
Anemia,breathlessness,fatigue,dizziness,pale_skin,,,,,,,,,,,,,
Anemia,breathlessness,pale_skin,chest_pain,fatigue,,,,,,,,,,,,,
Anemia,cold_hands_and_feets,fatigue,weakness,pale_skin,,,,,,,,,,,,,
Anemia,dizziness,pale_skin,fatigue,weakness,,,,,,,,,,,,,
Anemia,fatigue,weakness,dizziness,pale_skin,,,,,,,,,,,,,
Anemia,loss_of_appetite,dizziness,pale_skin,weakness,,,,,,,,,,,,,
Anemia,pale_skin,dizziness,breathlessness,fatigue,,,,,,,,,,,,,
Anemia,fatigue,breathlessness,chest_pain,pale_skin,,,,,,,,,,,,,
Anemia,fatigue,breathlessness,weakness,headache,,,,,,,,,,,,,
Anemia,headache,fatigue,breathlessness,irritability,,,,,,,,,,,,,
Anemia,weakness,pale_skin,cold_hands_and_feets,fatigue,,,,,,,,,,,,,
Anemia,fatigue,pale_skin,chest_pain,breathlessness,,,,,,,,,,,,,
Anemia,pale_skin,breathlessness,dizziness,fatigue,,,,,,,,,,,,,
Anemia,breathlessness,dizziness,pale_skin,fatigue,,,,,,,,,,,,,
Anemia,dizziness,fatigue,breathlessness,pale_skin,,,,,,,,,,,,,
Anemia,weakness,cold_hands_and_feets,headache,fatigue,,,,,,,,,,,,,
Anemia,headache,breathlessness,fatigue,irritability,,,,,,,,,,,,,
Anemia,pale_skin,breathlessness,fatigue,chest_pain,,,,,,,,,,,,,
Anemia,fatigue,headache,weakness,breathlessness,,,,,,,,,,,,,
Anemia,dizziness,fatigue,breathlessness,pale_skin,,,,,,,,,,,,,
Anemia,pale_skin,dizziness,weakness,loss_of_appetite,,,,,,,,,,,,,
Anemia,headache,breathlessness,fatigue,weakness,,,,,,,,,,,,,
Anemia,breathlessness,pale_skin,chest_pain,fatigue,,,,,,,,,,,,,
Anemia,weakness,loss_of_appetite,dizziness,pale_skin,,,,,,,,,,,,,
Anemia,irritability,fatigue,breathlessness,headache,,,,,,,,,,,,,
Anemia,pale_skin,dizziness,loss_of_appetite,weakness,,,,,,,,,,,,,
Anemia,dizziness,loss_of_appetite,weakness,pale_skin,,,,,,,,,,,,,
Anemia,breathlessness,headache,fatigue,irritability,,,,,,,,,,,,,
Anemia,pale_skin,weakness,loss_of_appetite,dizziness,,,,,,,,,,,,,
Anemia,weakness,fatigue,headache,breathlessness,,,,,,,,,,,,,
Anemia,fatigue,pale_skin,cold_hands_and_feets,weakness,,,,,,,,,,,,,
Anemia,dizziness,loss_of_appetite,pale_skin,weakness,,,,,,,,,,,,,
Anemia,fatigue,weakness,dizziness,pale_skin,,,,,,,,,,,,,
Anemia,fatigue,breathlessness,headache,weakness,,,,,,,,,,,,,
Anemia,breathlessness,fatigue,dizziness,pale_skin,,,,,,,,,,,,,
Anemia,pale_skin,weakness,loss_of_appetite,dizziness,,,,,,,,,,,,,
Anemia,fatigue,breathlessness,headache,weakness,,,,,,,,,,,,,
Anemia,weakness,pale_skin,cold_hands_and_feets,fatigue,,,,,,,,,,,,,
Anemia,weakness,dizziness,pale_skin,fatigue,,,,,,,,,,,,,
Anemia,loss_of_appetite,pale_skin,weakness,dizziness,,,,,,,,,,,,,
Anemia,cold_hands_and_feets,pale_skin,weakness,fatigue,,,,,,,,,,,,,
Anemia,weakness,fatigue,cold_hands_and_feets,headache,,,,,,,,,,,,,
Anemia,weakness,headache,cold_hands_and_feets,fatigue,,,,,,,,,,,,,
Anemia,headache,cold_hands_and_feets,fatigue,weakness,,,,,,,,,,,,,
Anemia,breathlessness,fatigue,headache,irritability,,,,,,,,,,,,,
Anemia,breathlessness,fatigue,chest_pain,pale_skin,,,,,,,,,,,,,
Anemia,dizziness,breathlessness,pale_skin,fatigue,,,,,,,,,,,,,
Anemia,dizziness,pale_skin,fatigue,breathlessness,,,,,,,,,,,,,
Anemia,weakness,pale_skin,loss_of_appetite,dizziness,,,,,,,,,,,,,
Anemia,pale_skin,dizziness,weakness,fatigue,,,,,,,,,,,,,
Anemia,chest_pain,fatigue,pale_skin,breathlessness,,,,,,,,,,,,,
Anemia,cold_hands_and_feets,headache,weakness,fatigue,,,,,,,,,,,,,
Anemia,headache,weakness,breathlessness,fatigue,,,,,,,,,,,,,
Anemia,headache,weakness,fatigue,cold_hands_and_feets,,,,,,,,,,,,,
Anemia,weakness,fatigue,dizziness,pale_skin,,,,,,,,,,,,,
Anemia,pale_skin,cold_hands_and_feets,weakness,fatigue,,,,,,,,,,,,,
Anemia,pale_skin,fatigue,dizziness,breathlessness,,,,,,,,,,,,,
Anemia,fatigue,pale_skin,dizziness,weakness,,,,,,,,,,,,,
Anemia,breathlessness,fatigue,headache,irritability,,,,,,,,,,,,,
Anemia,irritability,headache,breathlessness,fatigue,,,,,,,,,,,,,
Anemia,loss_of_appetite,weakness,dizziness,pale_skin,,,,,,,,,,,,,
Anemia,loss_of_appetite,dizziness,weakness,pale_skin,,,,,,,,,,,,,
Anemia,breathlessness,fatigue,headache,weakness,,,,,,,,,,,,,
Anemia,breathlessness,pale_skin,chest_pain,fatigue,,,,,,,,,,,,,
Anemia,dizziness,loss_of_appetite,weakness,pale_skin,,,,,,,,,,,,,
Anemia,pale_skin,cold_hands_and_feets,weakness,fatigue,,,,,,,,,,,,,
Anemia,fatigue,headache,breathlessness,irritability,,,,,,,,,,,,,
Anemia,cold_hands_and_feets,weakness,fatigue,pale_skin,,,,,,,,,,,,,
Anemia,irritability,breathlessness,headache,fatigue,,,,,,,,,,,,,
Anemia,cold_hands_and_feets,headache,weakness,fatigue,,,,,,,,,,,,,
Anemia,cold_hands_and_feets,fatigue,weakness,pale_skin,,,,,,,,,,,,,
Anemia,headache,fatigue,irritability,breathlessness,,,,,,,,,,,,,
Anemia,irritability,headache,fatigue,breathlessness,,,,,,,,,,,,,
Anemia,dizziness,weakness,fatigue,pale_skin,,,,,,,,,,,,,
Anemia,headache,cold_hands_and_feets,fatigue,weakness,,,,,,,,,,,,,
Anemia,breathlessness,fatigue,dizziness,pale_skin,,,,,,,,,,,,,
Anemia,weakness,pale_skin,fatigue,cold_hands_and_feets,,,,,,,,,,,,,
Anemia,dizziness,weakness,pale_skin,loss_of_appetite,,,,,,,,,,,,,
Anemia,fatigue,dizziness,pale_skin,weakness,,,,,,,,,,,,,
Anemia,cold_hands_and_feets,weakness,fatigue,headache,,,,,,,,,,,,,
Anemia,cold_hands_and_feets,headache,fatigue,weakness,,,,,,,,,,,,,
Anemia,breathlessness,fatigue,pale_skin,chest_pain,,,,,,,,,,,,,
Anemia,breathlessness,chest_pain,fatigue,pale_skin,,,,,,,,,,,,,
Anemia,fatigue,breathlessness,pale_skin,dizziness,,,,,,,,,,,,,
Anemia,headache,breathlessness,irritability,fatigue,,,,,,,,,,,,,
Anemia,weakness,cold_hands_and_feets,fatigue,pale_skin,,,,,,,,,,,,,
Anemia,breathlessness,irritability,headache,fatigue,,,,,,,,,,,,,
Anemia,pale_skin,dizziness,weakness,fatigue,,,,,,,,,,,,,
Anemia,cold_hands_and_feets,weakness,headache,fatigue,,,,,,,,,,,,,
Anemia,fatigue,irritability,headache,breathlessness,,,,,,,,,,,,,
Anemia,pale_skin,fatigue,chest_pain,breathlessness,,,,,,,,,,,,,
Anemia,weakness,fatigue,cold_hands_and_feets,headache,,,,,,,,,,,,,
Anemia,dizziness,fatigue,pale_skin,weakness,,,,,,,,,,,,,
Anemia,dizziness,loss_of_appetite,pale_skin,weakness,,,,,,,,,,,,,
Anemia,dizziness,fatigue,pale_skin,breathlessness,,,,,,,,,,,,,
Anemia,fatigue,headache,weakness,breathlessness,,,,,,,,,,,,,
Anemia,breathlessness,pale_skin,chest_pain,fatigue,,,,,,,,,,,,,
Anemia,pale_skin,fatigue,dizziness,weakness,,,,,,,,,,,,,
Anemia,fatigue,headache,irritability,breathlessness,,,,,,,,,,,,,
Anemia,breathlessness,weakness,fatigue,headache,,,,,,,,,,,,,
Anemia,fatigue,pale_skin,weakness,dizziness,,,,,,,,,,,,,
Anemia,breathlessness,fatigue,pale_skin,chest_pain,,,,,,,,,,,,,
Anemia,dizziness,fatigue,pale_skin,breathlessness,,,,,,,,,,,,,
Anemia,fatigue,weakness,cold_hands_and_feets,headache,,,,,,,,,,,,,
Anemia,fatigue,breathlessness,headache,weakness,,,,,,,,,,,,,
Anemia,weakness,pale_skin,fatigue,cold_hands_and_feets,,,,,,,,,,,,,
Anemia,dizziness,fatigue,breathlessness,pale_skin,,,,,,,,,,,,,
Anemia,fatigue,pale_skin,breathlessness,chest_pain,,,,,,,,,,,,,
Anemia,weakness,fatigue,dizziness,pale_skin,,,,,,,,,,,,,
Anemia,dizziness,weakness,pale_skin,fatigue,,,,,,,,,,,,,
Anemia,pale_skin,chest_pain,breathlessness,fatigue,,,,,,,,,,,,,
Anemia,headache,fatigue,breathlessness,weakness,,,,,,,,,,,,,
Anemia,fatigue,weakness,cold_hands_and_feets,pale_skin,,,,,,,,,,,,,
Anemia,fatigue,breathlessness,irritability,headache,,,,,,,,,,,,,
Anemia,breathlessness,chest_pain,fatigue,pale_skin,,,,,,,,,,,,,
Anemia,weakness,dizziness,fatigue,pale_skin,,,,,,,,,,,,,
Anemia,pale_skin,dizziness,weakness,fatigue,,,,,,,,,,,,,
Anemia,cold_hands_and_feets,pale_skin,fatigue,weakness,,,,,,,,,,,,,
Sinusitis,nasal_congestion,headache,loss_of_smell,continuous_sneezing,,,,,,,,,,,,,
Sinusitis,loss_of_smell,headache,nasal_congestion,continuous_sneezing,,,,,,,,,,,,,
Sinusitis,fatigue,headache,nasal_congestion,continuous_sneezing,,,,,,,,,,,,,
Sinusitis,cough,headache,loss_of_smell,nasal_congestion,,,,,,,,,,,,,
Sinusitis,nasal_congestion,headache,continuous_sneezing,fever,,,,,,,,,,,,,
Sinusitis,nasal_congestion,cough,headache,fever,,,,,,,,,,,,,
Sinusitis,nasal_congestion,headache,loss_of_smell,cough,,,,,,,,,,,,,
Sinusitis,loss_of_smell,nasal_congestion,headache,continuous_sneezing,,,,,,,,,,,,,
Sinusitis,fever,continuous_sneezing,nasal_congestion,headache,,,,,,,,,,,,,
Sinusitis,nasal_congestion,headache,cough,loss_of_smell,,,,,,,,,,,,,
Sinusitis,fever,cough,headache,nasal_congestion,,,,,,,,,,,,,
Sinusitis,fever,nasal_congestion,headache,continuous_sneezing,,,,,,,,,,,,,
Sinusitis,continuous_sneezing,fatigue,cough,headache,,,,,,,,,,,,,
Sinusitis,facial_pain,fatigue,nasal_congestion,headache,,,,,,,,,,,,,
Sinusitis,headache,loss_of_smell,continuous_sneezing,nasal_congestion,,,,,,,,,,,,,
Sinusitis,nasal_congestion,continuous_sneezing,fatigue,headache,,,,,,,,,,,,,
Sinusitis,loss_of_smell,nasal_congestion,headache,cough,,,,,,,,,,,,,
Sinusitis,headache,nasal_congestion,continuous_sneezing,fever,,,,,,,,,,,,,
Sinusitis,continuous_sneezing,nasal_congestion,headache,fatigue,,,,,,,,,,,,,
Sinusitis,cough,headache,continuous_sneezing,fatigue,,,,,,,,,,,,,
Sinusitis,continuous_sneezing,fatigue,cough,headache,,,,,,,,,,,,,
Sinusitis,continuous_sneezing,headache,fatigue,cough,,,,,,,,,,,,,
Sinusitis,facial_pain,nasal_congestion,headache,fatigue,,,,,,,,,,,,,
Sinusitis,headache,cough,fever,nasal_congestion,,,,,,,,,,,,,
Sinusitis,facial_pain,fatigue,nasal_congestion,headache,,,,,,,,,,,,,
Sinusitis,fatigue,headache,continuous_sneezing,nasal_congestion,,,,,,,,,,,,,
Sinusitis,cough,fever,headache,nasal_congestion,,,,,,,,,,,,,
Sinusitis,headache,fatigue,facial_pain,nasal_congestion,,,,,,,,,,,,,
Sinusitis,nasal_congestion,loss_of_smell,cough,headache,,,,,,,,,,,,,
Sinusitis,headache,nasal_congestion,fatigue,facial_pain,,,,,,,,,,,,,
Sinusitis,nasal_congestion,headache,fever,cough,,,,,,,,,,,,,
Sinusitis,headache,loss_of_smell,nasal_congestion,continuous_sneezing,,,,,,,,,,,,,
Sinusitis,loss_of_smell,cough,nasal_congestion,headache,,,,,,,,,,,,,
Sinusitis,continuous_sneezing,headache,fatigue,nasal_congestion,,,,,,,,,,,,,
Sinusitis,loss_of_smell,headache,nasal_congestion,cough,,,,,,,,,,,,,
Sinusitis,continuous_sneezing,fatigue,nasal_congestion,headache,,,,,,,,,,,,,
Sinusitis,continuous_sneezing,nasal_congestion,headache,loss_of_smell,,,,,,,,,,,,,
Sinusitis,cough,headache,loss_of_smell,nasal_congestion,,,,,,,,,,,,,
Sinusitis,continuous_sneezing,headache,loss_of_smell,nasal_congestion,,,,,,,,,,,,,
Sinusitis,loss_of_smell,headache,nasal_congestion,cough,,,,,,,,,,,,,
Sinusitis,headache,fatigue,continuous_sneezing,nasal_congestion,,,,,,,,,,,,,
Sinusitis,nasal_congestion,headache,fatigue,facial_pain,,,,,,,,,,,,,
Sinusitis,loss_of_smell,nasal_congestion,headache,cough,,,,,,,,,,,,,
Sinusitis,headache,nasal_congestion,continuous_sneezing,fatigue,,,,,,,,,,,,,
Sinusitis,continuous_sneezing,headache,cough,fatigue,,,,,,,,,,,,,
Sinusitis,headache,continuous_sneezing,cough,fatigue,,,,,,,,,,,,,
Sinusitis,headache,continuous_sneezing,loss_of_smell,nasal_congestion,,,,,,,,,,,,,
Sinusitis,nasal_congestion,facial_pain,fatigue,headache,,,,,,,,,,,,,
Sinusitis,loss_of_smell,continuous_sneezing,nasal_congestion,headache,,,,,,,,,,,,,
Sinusitis,nasal_congestion,headache,fatigue,continuous_sneezing,,,,,,,,,,,,,
Sinusitis,continuous_sneezing,fatigue,headache,cough,,,,,,,,,,,,,
Sinusitis,nasal_congestion,fever,headache,continuous_sneezing,,,,,,,,,,,,,
Sinusitis,nasal_congestion,headache,loss_of_smell,continuous_sneezing,,,,,,,,,,,,,
Sinusitis,continuous_sneezing,nasal_congestion,headache,fatigue,,,,,,,,,,,,,
Sinusitis,headache,nasal_congestion,loss_of_smell,continuous_sneezing,,,,,,,,,,,,,
Sinusitis,nasal_congestion,continuous_sneezing,headache,fever,,,,,,,,,,,,,
Sinusitis,headache,continuous_sneezing,fatigue,nasal_congestion,,,,,,,,,,,,,
Sinusitis,continuous_sneezing,nasal_congestion,fatigue,headache,,,,,,,,,,,,,
Sinusitis,headache,continuous_sneezing,fatigue,nasal_congestion,,,,,,,,,,,,,
Sinusitis,headache,nasal_congestion,continuous_sneezing,fatigue,,,,,,,,,,,,,
Sinusitis,headache,cough,fever,nasal_congestion,,,,,,,,,,,,,
Sinusitis,continuous_sneezing,headache,cough,fatigue,,,,,,,,,,,,,
Sinusitis,headache,fatigue,continuous_sneezing,cough,,,,,,,,,,,,,
Sinusitis,continuous_sneezing,nasal_congestion,headache,fatigue,,,,,,,,,,,,,
Sinusitis,nasal_congestion,fatigue,continuous_sneezing,headache,,,,,,,,,,,,,
Sinusitis,cough,continuous_sneezing,fatigue,headache,,,,,,,,,,,,,
Sinusitis,nasal_congestion,continuous_sneezing,fatigue,headache,,,,,,,,,,,,,
Sinusitis,continuous_sneezing,fatigue,cough,headache,,,,,,,,,,,,,
Sinusitis,loss_of_smell,headache,nasal_congestion,continuous_sneezing,,,,,,,,,,,,,
Sinusitis,nasal_congestion,continuous_sneezing,headache,fatigue,,,,,,,,,,,,,
Sinusitis,continuous_sneezing,fatigue,nasal_congestion,headache,,,,,,,,,,,,,
Sinusitis,headache,continuous_sneezing,cough,fatigue,,,,,,,,,,,,,
Sinusitis,headache,nasal_congestion,fever,cough,,,,,,,,,,,,,
Sinusitis,nasal_congestion,headache,loss_of_smell,cough,,,,,,,,,,,,,
Sinusitis,nasal_congestion,fatigue,continuous_sneezing,headache,,,,,,,,,,,,,
Sinusitis,facial_pain,fatigue,nasal_congestion,headache,,,,,,,,,,,,,
Sinusitis,nasal_congestion,fever,cough,headache,,,,,,,,,,,,,
Sinusitis,headache,facial_pain,nasal_congestion,fatigue,,,,,,,,,,,,,
Sinusitis,continuous_sneezing,cough,fatigue,headache,,,,,,,,,,,,,
Sinusitis,headache,continuous_sneezing,nasal_congestion,fatigue,,,,,,,,,,,,,
Sinusitis,nasal_congestion,continuous_sneezing,fatigue,headache,,,,,,,,,,,,,
Sinusitis,headache,continuous_sneezing,fever,nasal_congestion,,,,,,,,,,,,,
Sinusitis,nasal_congestion,headache,facial_pain,fatigue,,,,,,,,,,,,,
Sinusitis,fatigue,facial_pain,headache,nasal_congestion,,,,,,,,,,,,,
Sinusitis,continuous_sneezing,headache,fatigue,nasal_congestion,,,,,,,,,,,,,
Sinusitis,nasal_congestion,headache,facial_pain,fatigue,,,,,,,,,,,,,
Sinusitis,nasal_congestion,fever,cough,headache,,,,,,,,,,,,,
Sinusitis,nasal_congestion,continuous_sneezing,loss_of_smell,headache,,,,,,,,,,,,,
Sinusitis,headache,fever,nasal_congestion,continuous_sneezing,,,,,,,,,,,,,
Sinusitis,headache,nasal_congestion,facial_pain,fatigue,,,,,,,,,,,,,
Sinusitis,fatigue,continuous_sneezing,cough,headache,,,,,,,,,,,,,
Sinusitis,headache,cough,nasal_congestion,loss_of_smell,,,,,,,,,,,,,
Sinusitis,headache,continuous_sneezing,nasal_congestion,fever,,,,,,,,,,,,,
Sinusitis,cough,fatigue,headache,continuous_sneezing,,,,,,,,,,,,,
Sinusitis,headache,loss_of_smell,nasal_congestion,cough,,,,,,,,,,,,,
Sinusitis,continuous_sneezing,fatigue,headache,cough,,,,,,,,,,,,,
Sinusitis,headache,continuous_sneezing,nasal_congestion,fever,,,,,,,,,,,,,
Sinusitis,fatigue,headache,nasal_congestion,continuous_sneezing,,,,,,,,,,,,,
Sinusitis,continuous_sneezing,headache,nasal_congestion,loss_of_smell,,,,,,,,,,,,,
Sinusitis,fever,continuous_sneezing,nasal_congestion,headache,,,,,,,,,,,,,
Sinusitis,nasal_congestion,headache,continuous_sneezing,fatigue,,,,,,,,,,,,,
Sinusitis,cough,nasal_congestion,headache,fever,,,,,,,,,,,,,
Sinusitis,fatigue,continuous_sneezing,headache,nasal_congestion,,,,,,,,,,,,,
Sinusitis,cough,headache,fatigue,continuous_sneezing,,,,,,,,,,,,,
Sinusitis,nasal_congestion,fatigue,headache,continuous_sneezing,,,,,,,,,,,,,
Sinusitis,cough,headache,nasal_congestion,fever,,,,,,,,,,,,,
Sinusitis,fatigue,headache,nasal_congestion,continuous_sneezing,,,,,,,,,,,,,
Sinusitis,headache,cough,fever,nasal_congestion,,,,,,,,,,,,,
Sinusitis,fever,nasal_congestion,cough,headache,,,,,,,,,,,,,
Sinusitis,headache,nasal_congestion,fever,continuous_sneezing,,,,,,,,,,,,,
Sinusitis,nasal_congestion,fatigue,headache,facial_pain,,,,,,,,,,,,,
Sinusitis,headache,fever,nasal_congestion,cough,,,,,,,,,,,,,
Sinusitis,fever,headache,nasal_congestion,cough,,,,,,,,,,,,,
Sinusitis,headache,continuous_sneezing,nasal_congestion,loss_of_smell,,,,,,,,,,,,,
Sinusitis,continuous_sneezing,headache,nasal_congestion,loss_of_smell,,,,,,,,,,,,,
Sinusitis,headache,nasal_congestion,fatigue,facial_pain,,,,,,,,,,,,,
Sinusitis,cough,headache,loss_of_smell,nasal_congestion,,,,,,,,,,,,,
Sinusitis,fever,headache,cough,nasal_congestion,,,,,,,,,,,,,
Sinusitis,nasal_congestion,cough,headache,loss_of_smell,,,,,,,,,,,,,
Sinusitis,fever,continuous_sneezing,headache,nasal_congestion,,,,,,,,,,,,,
Kidney Stones,flank_pain,nausea,severe_pain,blood_in_urine,,,,,,,,,,,,,
Kidney Stones,fever,severe_pain,burning_micturition,vomiting,,,,,,,,,,,,,
Kidney Stones,burning_micturition,vomiting,fever,severe_pain,,,,,,,,,,,,,
Kidney Stones,severe_pain,flank_pain,blood_in_urine,nausea,,,,,,,,,,,,,
Kidney Stones,flank_pain,burning_micturition,vomiting,chills,,,,,,,,,,,,,
Kidney Stones,frequent_urination,blood_in_urine,nausea,severe_pain,,,,,,,,,,,,,
Kidney Stones,blood_in_urine,nausea,severe_pain,burning_micturition,,,,,,,,,,,,,
Kidney Stones,nausea,frequent_urination,blood_in_urine,severe_pain,,,,,,,,,,,,,
Kidney Stones,blood_in_urine,nausea,frequent_urination,severe_pain,,,,,,,,,,,,,
Kidney Stones,nausea,blood_in_urine,severe_pain,burning_micturition,,,,,,,,,,,,,
Kidney Stones,nausea,frequent_urination,blood_in_urine,severe_pain,,,,,,,,,,,,,
Kidney Stones,blood_in_urine,frequent_urination,severe_pain,nausea,,,,,,,,,,,,,
Kidney Stones,nausea,severe_pain,blood_in_urine,burning_micturition,,,,,,,,,,,,,
Kidney Stones,nausea,blood_in_urine,flank_pain,severe_pain,,,,,,,,,,,,,
Kidney Stones,severe_pain,fever,burning_micturition,vomiting,,,,,,,,,,,,,
Kidney Stones,back_pain,burning_micturition,nausea,severe_pain,,,,,,,,,,,,,
Kidney Stones,blood_in_urine,nausea,flank_pain,severe_pain,,,,,,,,,,,,,
Kidney Stones,vomiting,severe_pain,fever,burning_micturition,,,,,,,,,,,,,
Kidney Stones,chills,burning_micturition,vomiting,flank_pain,,,,,,,,,,,,,
Kidney Stones,burning_micturition,fever,vomiting,back_pain,,,,,,,,,,,,,
Kidney Stones,severe_pain,blood_in_urine,nausea,frequent_urination,,,,,,,,,,,,,
Kidney Stones,chills,vomiting,burning_micturition,flank_pain,,,,,,,,,,,,,
Kidney Stones,chills,nausea,blood_in_urine,back_pain,,,,,,,,,,,,,
Kidney Stones,nausea,back_pain,blood_in_urine,chills,,,,,,,,,,,,,
Kidney Stones,nausea,blood_in_urine,burning_micturition,severe_pain,,,,,,,,,,,,,
Kidney Stones,burning_micturition,severe_pain,blood_in_urine,nausea,,,,,,,,,,,,,
Kidney Stones,flank_pain,nausea,severe_pain,blood_in_urine,,,,,,,,,,,,,
Kidney Stones,blood_in_urine,nausea,frequent_urination,severe_pain,,,,,,,,,,,,,
Kidney Stones,nausea,burning_micturition,severe_pain,back_pain,,,,,,,,,,,,,
Kidney Stones,severe_pain,back_pain,nausea,burning_micturition,,,,,,,,,,,,,
Kidney Stones,flank_pain,nausea,severe_pain,blood_in_urine,,,,,,,,,,,,,
Kidney Stones,back_pain,burning_micturition,vomiting,fever,,,,,,,,,,,,,
Kidney Stones,nausea,blood_in_urine,severe_pain,flank_pain,,,,,,,,,,,,,
Kidney Stones,severe_pain,blood_in_urine,frequent_urination,nausea,,,,,,,,,,,,,
Kidney Stones,burning_micturition,vomiting,fever,severe_pain,,,,,,,,,,,,,
Kidney Stones,back_pain,vomiting,burning_micturition,fever,,,,,,,,,,,,,
Kidney Stones,chills,blood_in_urine,nausea,back_pain,,,,,,,,,,,,,
Kidney Stones,burning_micturition,severe_pain,fever,vomiting,,,,,,,,,,,,,
Kidney Stones,vomiting,burning_micturition,flank_pain,chills,,,,,,,,,,,,,
Kidney Stones,back_pain,burning_micturition,nausea,severe_pain,,,,,,,,,,,,,
Kidney Stones,severe_pain,blood_in_urine,nausea,flank_pain,,,,,,,,,,,,,
Kidney Stones,burning_micturition,fever,back_pain,vomiting,,,,,,,,,,,,,
Kidney Stones,severe_pain,burning_micturition,fever,vomiting,,,,,,,,,,,,,
Kidney Stones,flank_pain,severe_pain,nausea,blood_in_urine,,,,,,,,,,,,,
Kidney Stones,fever,vomiting,burning_micturition,back_pain,,,,,,,,,,,,,
Kidney Stones,burning_micturition,vomiting,flank_pain,chills,,,,,,,,,,,,,
Kidney Stones,severe_pain,nausea,blood_in_urine,burning_micturition,,,,,,,,,,,,,
Kidney Stones,burning_micturition,nausea,severe_pain,back_pain,,,,,,,,,,,,,
Kidney Stones,chills,nausea,back_pain,blood_in_urine,,,,,,,,,,,,,
Kidney Stones,severe_pain,flank_pain,blood_in_urine,nausea,,,,,,,,,,,,,
Kidney Stones,burning_micturition,nausea,severe_pain,blood_in_urine,,,,,,,,,,,,,
Kidney Stones,flank_pain,burning_micturition,vomiting,chills,,,,,,,,,,,,,
Kidney Stones,vomiting,flank_pain,burning_micturition,chills,,,,,,,,,,,,,
Kidney Stones,blood_in_urine,chills,back_pain,nausea,,,,,,,,,,,,,
Kidney Stones,nausea,severe_pain,blood_in_urine,flank_pain,,,,,,,,,,,,,
Kidney Stones,severe_pain,fever,vomiting,burning_micturition,,,,,,,,,,,,,
Kidney Stones,flank_pain,severe_pain,nausea,blood_in_urine,,,,,,,,,,,,,
Kidney Stones,frequent_urination,nausea,severe_pain,blood_in_urine,,,,,,,,,,,,,
Kidney Stones,severe_pain,burning_micturition,nausea,blood_in_urine,,,,,,,,,,,,,
Kidney Stones,burning_micturition,vomiting,fever,back_pain,,,,,,,,,,,,,
Kidney Stones,fever,burning_micturition,vomiting,severe_pain,,,,,,,,,,,,,
Kidney Stones,frequent_urination,blood_in_urine,nausea,severe_pain,,,,,,,,,,,,,
Kidney Stones,back_pain,vomiting,burning_micturition,fever,,,,,,,,,,,,,
Kidney Stones,vomiting,burning_micturition,severe_pain,fever,,,,,,,,,,,,,
Kidney Stones,vomiting,chills,burning_micturition,flank_pain,,,,,,,,,,,,,
Kidney Stones,chills,blood_in_urine,nausea,back_pain,,,,,,,,,,,,,
Kidney Stones,severe_pain,fever,burning_micturition,vomiting,,,,,,,,,,,,,
Kidney Stones,burning_micturition,back_pain,vomiting,fever,,,,,,,,,,,,,
Kidney Stones,blood_in_urine,nausea,chills,back_pain,,,,,,,,,,,,,
Kidney Stones,blood_in_urine,frequent_urination,severe_pain,nausea,,,,,,,,,,,,,
Kidney Stones,fever,back_pain,burning_micturition,vomiting,,,,,,,,,,,,,
Kidney Stones,vomiting,chills,burning_micturition,flank_pain,,,,,,,,,,,,,
Kidney Stones,burning_micturition,nausea,severe_pain,back_pain,,,,,,,,,,,,,
Kidney Stones,back_pain,chills,blood_in_urine,nausea,,,,,,,,,,,,,
Kidney Stones,burning_micturition,nausea,back_pain,severe_pain,,,,,,,,,,,,,
Kidney Stones,vomiting,burning_micturition,back_pain,fever,,,,,,,,,,,,,
Kidney Stones,fever,vomiting,severe_pain,burning_micturition,,,,,,,,,,,,,
Kidney Stones,back_pain,nausea,blood_in_urine,chills,,,,,,,,,,,,,
Kidney Stones,fever,burning_micturition,back_pain,vomiting,,,,,,,,,,,,,
Kidney Stones,blood_in_urine,chills,nausea,back_pain,,,,,,,,,,,,,
Kidney Stones,flank_pain,burning_micturition,chills,vomiting,,,,,,,,,,,,,
Kidney Stones,blood_in_urine,nausea,burning_micturition,severe_pain,,,,,,,,,,,,,
Kidney Stones,burning_micturition,vomiting,fever,severe_pain,,,,,,,,,,,,,
Kidney Stones,frequent_urination,blood_in_urine,nausea,severe_pain,,,,,,,,,,,,,
Kidney Stones,nausea,back_pain,severe_pain,burning_micturition,,,,,,,,,,,,,
Kidney Stones,nausea,blood_in_urine,severe_pain,burning_micturition,,,,,,,,,,,,,
Kidney Stones,flank_pain,severe_pain,blood_in_urine,nausea,,,,,,,,,,,,,
Kidney Stones,chills,blood_in_urine,back_pain,nausea,,,,,,,,,,,,,
Kidney Stones,blood_in_urine,severe_pain,frequent_urination,nausea,,,,,,,,,,,,,
Kidney Stones,nausea,severe_pain,blood_in_urine,burning_micturition,,,,,,,,,,,,,
Kidney Stones,burning_micturition,back_pain,nausea,severe_pain,,,,,,,,,,,,,
Kidney Stones,severe_pain,burning_micturition,blood_in_urine,nausea,,,,,,,,,,,,,
Kidney Stones,back_pain,burning_micturition,fever,vomiting,,,,,,,,,,,,,
Kidney Stones,blood_in_urine,severe_pain,nausea,burning_micturition,,,,,,,,,,,,,
Kidney Stones,severe_pain,blood_in_urine,nausea,frequent_urination,,,,,,,,,,,,,
Kidney Stones,back_pain,severe_pain,nausea,burning_micturition,,,,,,,,,,,,,
Kidney Stones,severe_pain,burning_micturition,fever,vomiting,,,,,,,,,,,,,
Kidney Stones,severe_pain,nausea,burning_micturition,blood_in_urine,,,,,,,,,,,,,
Kidney Stones,severe_pain,nausea,blood_in_urine,flank_pain,,,,,,,,,,,,,
Kidney Stones,burning_micturition,nausea,severe_pain,blood_in_urine,,,,,,,,,,,,,
Kidney Stones,vomiting,back_pain,burning_micturition,fever,,,,,,,,,,,,,
Kidney Stones,back_pain,severe_pain,burning_micturition,nausea,,,,,,,,,,,,,
Kidney Stones,back_pain,nausea,chills,blood_in_urine,,,,,,,,,,,,,
Kidney Stones,blood_in_urine,chills,back_pain,nausea,,,,,,,,,,,,,
Kidney Stones,blood_in_urine,nausea,burning_micturition,severe_pain,,,,,,,,,,,,,
Kidney Stones,chills,blood_in_urine,back_pain,nausea,,,,,,,,,,,,,
Kidney Stones,vomiting,burning_micturition,severe_pain,fever,,,,,,,,,,,,,
Kidney Stones,flank_pain,vomiting,burning_micturition,chills,,,,,,,,,,,,,
Kidney Stones,back_pain,vomiting,burning_micturition,fever,,,,,,,,,,,,,
Kidney Stones,nausea,back_pain,burning_micturition,severe_pain,,,,,,,,,,,,,
Kidney Stones,severe_pain,blood_in_urine,nausea,flank_pain,,,,,,,,,,,,,
Kidney Stones,severe_pain,blood_in_urine,nausea,frequent_urination,,,,,,,,,,,,,
Kidney Stones,severe_pain,flank_pain,blood_in_urine,nausea,,,,,,,,,,,,,
Kidney Stones,burning_micturition,vomiting,fever,severe_pain,,,,,,,,,,,,,
Kidney Stones,nausea,severe_pain,flank_pain,blood_in_urine,,,,,,,,,,,,,
Kidney Stones,flank_pain,burning_micturition,vomiting,chills,,,,,,,,,,,,,
Kidney Stones,nausea,blood_in_urine,flank_pain,severe_pain,,,,,,,,,,,,,
Kidney Stones,burning_micturition,severe_pain,vomiting,fever,,,,,,,,,,,,,
Kidney Stones,nausea,blood_in_urine,burning_micturition,severe_pain,,,,,,,,,,,,,
Kidney Stones,vomiting,fever,back_pain,burning_micturition,,,,,,,,,,,,,
Eczema,redness,dryness,itching,skin_rash,,,,,,,,,,,,,
Eczema,itching,redness,skin_rash,dryness,,,,,,,,,,,,,
Eczema,skin_rash,dryness,swelling,itching,,,,,,,,,,,,,
Eczema,skin_rash,itching,dryness,redness,,,,,,,,,,,,,
Eczema,dryness,redness,itching,skin_rash,,,,,,,,,,,,,
Eczema,dryness,itching,skin_rash,redness,,,,,,,,,,,,,
Eczema,redness,dryness,skin_rash,itching,,,,,,,,,,,,,
Eczema,scaly_skin,skin_rash,redness,itching,,,,,,,,,,,,,
Eczema,itching,redness,skin_rash,scaly_skin,,,,,,,,,,,,,
Eczema,redness,scaly_skin,itching,skin_rash,,,,,,,,,,,,,
Eczema,scaly_skin,itching,redness,skin_rash,,,,,,,,,,,,,
Eczema,dryness,itching,skin_rash,redness,,,,,,,,,,,,,
Eczema,itching,dryness,skin_rash,redness,,,,,,,,,,,,,
Eczema,skin_rash,itching,dryness,redness,,,,,,,,,,,,,
Eczema,itching,redness,dryness,skin_rash,,,,,,,,,,,,,
Eczema,itching,skin_rash,dryness,redness,,,,,,,,,,,,,
Eczema,dryness,itching,swelling,skin_rash,,,,,,,,,,,,,
Eczema,scaly_skin,swelling,skin_rash,itching,,,,,,,,,,,,,
Eczema,swelling,dryness,skin_rash,itching,,,,,,,,,,,,,
Eczema,irritability,skin_rash,dryness,itching,,,,,,,,,,,,,
Eczema,itching,irritability,dryness,skin_rash,,,,,,,,,,,,,
Eczema,dryness,swelling,itching,skin_rash,,,,,,,,,,,,,
Eczema,scaly_skin,itching,redness,skin_rash,,,,,,,,,,,,,
Eczema,skin_rash,dryness,redness,itching,,,,,,,,,,,,,
Eczema,redness,itching,scaly_skin,skin_rash,,,,,,,,,,,,,
Eczema,swelling,skin_rash,itching,dryness,,,,,,,,,,,,,
Eczema,dryness,itching,irritability,skin_rash,,,,,,,,,,,,,
Eczema,skin_rash,redness,scaly_skin,itching,,,,,,,,,,,,,
Eczema,dryness,itching,redness,skin_rash,,,,,,,,,,,,,
Eczema,itching,irritability,skin_rash,dryness,,,,,,,,,,,,,
Eczema,dryness,itching,skin_rash,redness,,,,,,,,,,,,,
Eczema,skin_rash,dryness,swelling,itching,,,,,,,,,,,,,
Eczema,skin_rash,dryness,itching,swelling,,,,,,,,,,,,,
Eczema,skin_rash,dryness,redness,itching,,,,,,,,,,,,,
Eczema,itching,swelling,skin_rash,scaly_skin,,,,,,,,,,,,,
Eczema,dryness,redness,skin_rash,itching,,,,,,,,,,,,,
Eczema,dryness,redness,itching,skin_rash,,,,,,,,,,,,,
Eczema,dryness,skin_rash,itching,swelling,,,,,,,,,,,,,
Eczema,swelling,itching,skin_rash,dryness,,,,,,,,,,,,,
Eczema,itching,skin_rash,dryness,swelling,,,,,,,,,,,,,
Eczema,itching,dryness,skin_rash,redness,,,,,,,,,,,,,
Eczema,skin_rash,irritability,itching,dryness,,,,,,,,,,,,,
Eczema,itching,irritability,skin_rash,dryness,,,,,,,,,,,,,
Eczema,scaly_skin,redness,skin_rash,itching,,,,,,,,,,,,,
Eczema,skin_rash,itching,swelling,scaly_skin,,,,,,,,,,,,,
Eczema,dryness,skin_rash,itching,swelling,,,,,,,,,,,,,
Eczema,skin_rash,itching,irritability,dryness,,,,,,,,,,,,,
Eczema,dryness,itching,redness,skin_rash,,,,,,,,,,,,,
Eczema,itching,skin_rash,redness,dryness,,,,,,,,,,,,,
Eczema,itching,dryness,irritability,skin_rash,,,,,,,,,,,,,
Eczema,dryness,skin_rash,itching,redness,,,,,,,,,,,,,
Eczema,swelling,itching,dryness,skin_rash,,,,,,,,,,,,,
Eczema,itching,dryness,skin_rash,irritability,,,,,,,,,,,,,
Eczema,skin_rash,itching,redness,scaly_skin,,,,,,,,,,,,,
Eczema,skin_rash,itching,scaly_skin,redness,,,,,,,,,,,,,
Eczema,itching,redness,skin_rash,dryness,,,,,,,,,,,,,
Eczema,dryness,itching,redness,skin_rash,,,,,,,,,,,,,
Eczema,itching,dryness,swelling,skin_rash,,,,,,,,,,,,,
Eczema,dryness,redness,itching,skin_rash,,,,,,,,,,,,,
Eczema,itching,redness,skin_rash,dryness,,,,,,,,,,,,,
Eczema,skin_rash,itching,swelling,scaly_skin,,,,,,,,,,,,,
Eczema,dryness,skin_rash,swelling,itching,,,,,,,,,,,,,
Eczema,skin_rash,irritability,dryness,itching,,,,,,,,,,,,,
Eczema,redness,itching,skin_rash,dryness,,,,,,,,,,,,,
Eczema,itching,redness,dryness,skin_rash,,,,,,,,,,,,,
Eczema,redness,dryness,itching,skin_rash,,,,,,,,,,,,,
Eczema,dryness,itching,redness,skin_rash,,,,,,,,,,,,,
Eczema,redness,itching,dryness,skin_rash,,,,,,,,,,,,,
Eczema,dryness,swelling,itching,skin_rash,,,,,,,,,,,,,
Eczema,dryness,redness,skin_rash,itching,,,,,,,,,,,,,
Eczema,swelling,dryness,skin_rash,itching,,,,,,,,,,,,,
Eczema,itching,redness,skin_rash,dryness,,,,,,,,,,,,,
Eczema,skin_rash,swelling,itching,dryness,,,,,,,,,,,,,
Eczema,itching,redness,dryness,skin_rash,,,,,,,,,,,,,
Eczema,dryness,skin_rash,itching,redness,,,,,,,,,,,,,
Eczema,redness,itching,scaly_skin,skin_rash,,,,,,,,,,,,,
Eczema,itching,skin_rash,swelling,scaly_skin,,,,,,,,,,,,,
Eczema,swelling,itching,skin_rash,scaly_skin,,,,,,,,,,,,,
Eczema,skin_rash,itching,swelling,scaly_skin,,,,,,,,,,,,,
Eczema,redness,itching,skin_rash,dryness,,,,,,,,,,,,,
Eczema,scaly_skin,skin_rash,redness,itching,,,,,,,,,,,,,
Eczema,redness,itching,skin_rash,dryness,,,,,,,,,,,,,
Eczema,swelling,itching,skin_rash,dryness,,,,,,,,,,,,,
Eczema,dryness,skin_rash,itching,irritability,,,,,,,,,,,,,
Eczema,skin_rash,itching,dryness,swelling,,,,,,,,,,,,,
Eczema,swelling,dryness,skin_rash,itching,,,,,,,,,,,,,
Eczema,skin_rash,swelling,itching,dryness,,,,,,,,,,,,,
Eczema,skin_rash,redness,itching,dryness,,,,,,,,,,,,,
Eczema,skin_rash,dryness,itching,redness,,,,,,,,,,,,,
Eczema,redness,dryness,itching,skin_rash,,,,,,,,,,,,,
Eczema,swelling,itching,dryness,skin_rash,,,,,,,,,,,,,
Eczema,skin_rash,dryness,itching,redness,,,,,,,,,,,,,
Eczema,dryness,itching,irritability,skin_rash,,,,,,,,,,,,,
Eczema,scaly_skin,swelling,skin_rash,itching,,,,,,,,,,,,,
Eczema,dryness,skin_rash,swelling,itching,,,,,,,,,,,,,
Eczema,skin_rash,itching,dryness,irritability,,,,,,,,,,,,,
Eczema,skin_rash,itching,dryness,swelling,,,,,,,,,,,,,
Eczema,itching,dryness,irritability,skin_rash,,,,,,,,,,,,,
Eczema,redness,itching,dryness,skin_rash,,,,,,,,,,,,,
Eczema,dryness,skin_rash,redness,itching,,,,,,,,,,,,,
Eczema,skin_rash,irritability,itching,dryness,,,,,,,,,,,,,
Eczema,skin_rash,dryness,itching,swelling,,,,,,,,,,,,,
Eczema,itching,swelling,dryness,skin_rash,,,,,,,,,,,,,
Eczema,redness,skin_rash,scaly_skin,itching,,,,,,,,,,,,,
Eczema,skin_rash,redness,itching,dryness,,,,,,,,,,,,,
Eczema,skin_rash,itching,swelling,dryness,,,,,,,,,,,,,
Eczema,irritability,itching,skin_rash,dryness,,,,,,,,,,,,,
Eczema,itching,redness,scaly_skin,skin_rash,,,,,,,,,,,,,
Eczema,skin_rash,dryness,redness,itching,,,,,,,,,,,,,
Eczema,itching,skin_rash,swelling,scaly_skin,,,,,,,,,,,,,
Eczema,swelling,dryness,skin_rash,itching,,,,,,,,,,,,,
Eczema,scaly_skin,itching,redness,skin_rash,,,,,,,,,,,,,
Eczema,skin_rash,itching,dryness,redness,,,,,,,,,,,,,
Eczema,redness,itching,dryness,skin_rash,,,,,,,,,,,,,
Eczema,skin_rash,itching,dryness,redness,,,,,,,,,,,,,
Eczema,swelling,skin_rash,itching,dryness,,,,,,,,,,,,,
Eczema,skin_rash,dryness,swelling,itching,,,,,,,,,,,,,
Eczema,redness,skin_rash,dryness,itching,,,,,,,,,,,,,
Eczema,itching,redness,dryness,skin_rash,,,,,,,,,,,,,
Eczema,swelling,dryness,skin_rash,itching,,,,,,,,,,,,,
Gout,tenderness,fever,sudden_joint_pain,swelling,,,,,,,,,,,,,
Gout,redness,chills,swelling,joint_pain,,,,,,,,,,,,,
Gout,chills,joint_pain,swelling,redness,,,,,,,,,,,,,
Gout,swelling,fatigue,joint_pain,fever,,,,,,,,,,,,,
Gout,swelling,sudden_joint_pain,fever,tenderness,,,,,,,,,,,,,
Gout,joint_pain,swelling,fatigue,redness,,,,,,,,,,,,,
Gout,chills,redness,joint_pain,swelling,,,,,,,,,,,,,
Gout,joint_pain,swelling,redness,chills,,,,,,,,,,,,,
Gout,joint_pain,tenderness,swelling,fever,,,,,,,,,,,,,
Gout,fatigue,joint_pain,swelling,redness,,,,,,,,,,,,,
Gout,swelling,sudden_joint_pain,fever,tenderness,,,,,,,,,,,,,
Gout,redness,fatigue,joint_pain,swelling,,,,,,,,,,,,,
Gout,joint_pain,redness,fatigue,swelling,,,,,,,,,,,,,
Gout,swelling,redness,joint_pain,chills,,,,,,,,,,,,,
Gout,fatigue,swelling,joint_pain,redness,,,,,,,,,,,,,
Gout,sudden_joint_pain,swelling,tenderness,fever,,,,,,,,,,,,,
Gout,redness,chills,joint_pain,swelling,,,,,,,,,,,,,
Gout,redness,chills,joint_pain,swelling,,,,,,,,,,,,,
Gout,swelling,fever,joint_pain,tenderness,,,,,,,,,,,,,
Gout,joint_pain,fatigue,swelling,fever,,,,,,,,,,,,,
Gout,joint_pain,redness,swelling,chills,,,,,,,,,,,,,
Gout,joint_pain,chills,redness,swelling,,,,,,,,,,,,,
Gout,swelling,joint_pain,redness,fatigue,,,,,,,,,,,,,
Gout,swelling,joint_pain,fatigue,fever,,,,,,,,,,,,,
Gout,fever,swelling,tenderness,joint_pain,,,,,,,,,,,,,
Gout,joint_pain,fatigue,swelling,redness,,,,,,,,,,,,,
Gout,joint_pain,redness,chills,swelling,,,,,,,,,,,,,
Gout,redness,swelling,chills,joint_pain,,,,,,,,,,,,,
Gout,swelling,tenderness,fever,joint_pain,,,,,,,,,,,,,
Gout,fatigue,redness,swelling,joint_pain,,,,,,,,,,,,,
Gout,swelling,fatigue,redness,joint_pain,,,,,,,,,,,,,
Gout,joint_pain,fatigue,swelling,redness,,,,,,,,,,,,,
Gout,swelling,joint_pain,redness,fatigue,,,,,,,,,,,,,
Gout,sudden_joint_pain,fever,tenderness,swelling,,,,,,,,,,,,,
Gout,swelling,joint_pain,fatigue,redness,,,,,,,,,,,,,
Gout,fatigue,joint_pain,swelling,redness,,,,,,,,,,,,,
Gout,swelling,joint_pain,fatigue,redness,,,,,,,,,,,,,
Gout,redness,joint_pain,swelling,fatigue,,,,,,,,,,,,,
Gout,redness,joint_pain,swelling,chills,,,,,,,,,,,,,
Gout,fatigue,swelling,joint_pain,fever,,,,,,,,,,,,,
Gout,tenderness,fever,joint_pain,swelling,,,,,,,,,,,,,
Gout,fever,joint_pain,fatigue,swelling,,,,,,,,,,,,,
Gout,swelling,redness,chills,joint_pain,,,,,,,,,,,,,
Gout,swelling,redness,chills,joint_pain,,,,,,,,,,,,,
Gout,redness,joint_pain,swelling,fatigue,,,,,,,,,,,,,
Gout,fever,sudden_joint_pain,tenderness,swelling,,,,,,,,,,,,,
Gout,swelling,redness,joint_pain,fatigue,,,,,,,,,,,,,
Gout,fever,fatigue,swelling,joint_pain,,,,,,,,,,,,,
Gout,fatigue,redness,joint_pain,swelling,,,,,,,,,,,,,
Gout,fever,joint_pain,swelling,fatigue,,,,,,,,,,,,,
Gout,fatigue,joint_pain,swelling,redness,,,,,,,,,,,,,
Gout,joint_pain,swelling,tenderness,fever,,,,,,,,,,,,,
Gout,redness,chills,joint_pain,swelling,,,,,,,,,,,,,
Gout,joint_pain,tenderness,swelling,fever,,,,,,,,,,,,,
Gout,fever,swelling,tenderness,joint_pain,,,,,,,,,,,,,
Gout,joint_pain,swelling,fatigue,redness,,,,,,,,,,,,,
Gout,swelling,redness,joint_pain,fatigue,,,,,,,,,,,,,
Gout,swelling,redness,joint_pain,fatigue,,,,,,,,,,,,,
Gout,redness,fatigue,joint_pain,swelling,,,,,,,,,,,,,
Gout,swelling,joint_pain,fatigue,redness,,,,,,,,,,,,,
Gout,fatigue,swelling,joint_pain,fever,,,,,,,,,,,,,
Gout,swelling,joint_pain,redness,fatigue,,,,,,,,,,,,,
Gout,redness,joint_pain,chills,swelling,,,,,,,,,,,,,
Gout,tenderness,sudden_joint_pain,swelling,fever,,,,,,,,,,,,,
Gout,swelling,fever,joint_pain,tenderness,,,,,,,,,,,,,
Gout,swelling,joint_pain,redness,chills,,,,,,,,,,,,,
Gout,tenderness,swelling,fever,joint_pain,,,,,,,,,,,,,
Gout,tenderness,swelling,sudden_joint_pain,fever,,,,,,,,,,,,,
Gout,swelling,chills,joint_pain,redness,,,,,,,,,,,,,
Gout,chills,joint_pain,redness,swelling,,,,,,,,,,,,,
Gout,swelling,redness,joint_pain,fatigue,,,,,,,,,,,,,
Gout,swelling,redness,joint_pain,fatigue,,,,,,,,,,,,,
Gout,sudden_joint_pain,fever,swelling,tenderness,,,,,,,,,,,,,
Gout,joint_pain,chills,swelling,redness,,,,,,,,,,,,,
Gout,joint_pain,redness,fatigue,swelling,,,,,,,,,,,,,
Gout,fatigue,joint_pain,swelling,fever,,,,,,,,,,,,,
Gout,chills,swelling,joint_pain,redness,,,,,,,,,,,,,
Gout,fever,sudden_joint_pain,swelling,tenderness,,,,,,,,,,,,,
Gout,fatigue,redness,swelling,joint_pain,,,,,,,,,,,,,
Gout,chills,redness,swelling,joint_pain,,,,,,,,,,,,,
Gout,joint_pain,fever,swelling,fatigue,,,,,,,,,,,,,
Gout,fever,tenderness,joint_pain,swelling,,,,,,,,,,,,,
Gout,swelling,joint_pain,chills,redness,,,,,,,,,,,,,
Gout,joint_pain,fever,tenderness,swelling,,,,,,,,,,,,,
Gout,fatigue,joint_pain,swelling,fever,,,,,,,,,,,,,
Gout,swelling,fever,joint_pain,tenderness,,,,,,,,,,,,,
Gout,fatigue,redness,swelling,joint_pain,,,,,,,,,,,,,
Gout,swelling,tenderness,fever,sudden_joint_pain,,,,,,,,,,,,,
Gout,swelling,fatigue,joint_pain,redness,,,,,,,,,,,,,
Gout,fatigue,redness,joint_pain,swelling,,,,,,,,,,,,,
Gout,swelling,redness,fatigue,joint_pain,,,,,,,,,,,,,
Gout,chills,swelling,joint_pain,redness,,,,,,,,,,,,,
Gout,swelling,tenderness,sudden_joint_pain,fever,,,,,,,,,,,,,
Gout,joint_pain,fatigue,swelling,fever,,,,,,,,,,,,,
Gout,sudden_joint_pain,swelling,fever,tenderness,,,,,,,,,,,,,
Gout,fatigue,swelling,redness,joint_pain,,,,,,,,,,,,,
Gout,fatigue,swelling,joint_pain,redness,,,,,,,,,,,,,
Gout,fatigue,redness,joint_pain,swelling,,,,,,,,,,,,,
Gout,joint_pain,fever,tenderness,swelling,,,,,,,,,,,,,
Gout,swelling,redness,joint_pain,fatigue,,,,,,,,,,,,,
Gout,fatigue,swelling,joint_pain,fever,,,,,,,,,,,,,
Gout,fatigue,swelling,fever,joint_pain,,,,,,,,,,,,,
Gout,swelling,joint_pain,fatigue,redness,,,,,,,,,,,,,
Gout,redness,swelling,joint_pain,fatigue,,,,,,,,,,,,,
Gout,redness,fatigue,swelling,joint_pain,,,,,,,,,,,,,
Gout,swelling,fever,joint_pain,tenderness,,,,,,,,,,,,,
Gout,joint_pain,redness,swelling,fatigue,,,,,,,,,,,,,
Gout,swelling,fever,tenderness,sudden_joint_pain,,,,,,,,,,,,,
Gout,redness,fatigue,joint_pain,swelling,,,,,,,,,,,,,
Gout,redness,fatigue,joint_pain,swelling,,,,,,,,,,,,,
Gout,swelling,joint_pain,fatigue,redness,,,,,,,,,,,,,
Gout,swelling,redness,fatigue,joint_pain,,,,,,,,,,,,,
Gout,fever,joint_pain,swelling,tenderness,,,,,,,,,,,,,
Gout,tenderness,swelling,sudden_joint_pain,fever,,,,,,,,,,,,,
Gout,chills,swelling,joint_pain,redness,,,,,,,,,,,,,
Gout,joint_pain,swelling,redness,chills,,,,,,,,,,,,,
Gout,tenderness,joint_pain,swelling,fever,,,,,,,,,,,,,
Gout,chills,swelling,redness,joint_pain,,,,,,,,,,,,,
Gout,swelling,joint_pain,fatigue,redness,,,,,,,,,,,,,
Gout,joint_pain,chills,swelling,redness,,,,,,,,,,,,,
Depression,loss_of_appetite,mood_swings,fatigue,sleep_disorders,,,,,,,,,,,,,
Depression,sleep_disorders,fatigue,loss_of_appetite,irritability,,,,,,,,,,,,,
Depression,fatigue,mood_swings,sleep_disorders,loss_of_appetite,,,,,,,,,,,,,
Depression,sleep_disorders,fatigue,mood_swings,loss_of_appetite,,,,,,,,,,,,,
Depression,mood_swings,fatigue,sleep_disorders,loss_of_appetite,,,,,,,,,,,,,
Depression,mood_swings,fatigue,sleep_disorders,loss_of_appetite,,,,,,,,,,,,,
Depression,fatigue,mood_swings,irritability,loss_of_appetite,,,,,,,,,,,,,
Depression,mood_swings,fatigue,sleep_disorders,loss_of_appetite,,,,,,,,,,,,,
Depression,fatigue,loss_of_appetite,mood_swings,sleep_disorders,,,,,,,,,,,,,
Depression,irritability,sleep_disorders,fatigue,mood_swings,,,,,,,,,,,,,
Depression,irritability,loss_of_appetite,fatigue,mood_swings,,,,,,,,,,,,,
Depression,sleep_disorders,fatigue,loss_of_appetite,mood_swings,,,,,,,,,,,,,
Depression,mood_swings,loss_of_appetite,sleep_disorders,fatigue,,,,,,,,,,,,,
Depression,sleep_disorders,loss_of_appetite,irritability,fatigue,,,,,,,,,,,,,
Depression,loss_of_appetite,mood_swings,sleep_disorders,fatigue,,,,,,,,,,,,,
Depression,mood_swings,sleep_disorders,fatigue,loss_of_appetite,,,,,,,,,,,,,
Depression,loss_of_appetite,sleep_disorders,mood_swings,fatigue,,,,,,,,,,,,,
Depression,mood_swings,sleep_disorders,fatigue,loss_of_appetite,,,,,,,,,,,,,
Depression,mood_swings,irritability,sleep_disorders,fatigue,,,,,,,,,,,,,
Depression,sleep_disorders,loss_of_appetite,fatigue,mood_swings,,,,,,,,,,,,,
Depression,sleep_disorders,loss_of_appetite,fatigue,mood_swings,,,,,,,,,,,,,
Depression,loss_of_appetite,mood_swings,sleep_disorders,fatigue,,,,,,,,,,,,,
Depression,loss_of_appetite,fatigue,mood_swings,irritability,,,,,,,,,,,,,
Depression,loss_of_appetite,mood_swings,irritability,fatigue,,,,,,,,,,,,,
Depression,sleep_disorders,mood_swings,fatigue,irritability,,,,,,,,,,,,,
Depression,loss_of_appetite,mood_swings,fatigue,sleep_disorders,,,,,,,,,,,,,
Depression,loss_of_appetite,mood_swings,fatigue,sleep_disorders,,,,,,,,,,,,,
Depression,fatigue,loss_of_appetite,sleep_disorders,mood_swings,,,,,,,,,,,,,
Depression,sleep_disorders,loss_of_appetite,fatigue,mood_swings,,,,,,,,,,,,,
Depression,sleep_disorders,fatigue,loss_of_appetite,mood_swings,,,,,,,,,,,,,
Depression,mood_swings,fatigue,loss_of_appetite,sleep_disorders,,,,,,,,,,,,,
Depression,fatigue,loss_of_appetite,mood_swings,sleep_disorders,,,,,,,,,,,,,
Depression,loss_of_appetite,fatigue,mood_swings,sleep_disorders,,,,,,,,,,,,,
Depression,irritability,loss_of_appetite,fatigue,mood_swings,,,,,,,,,,,,,
Depression,sleep_disorders,mood_swings,fatigue,loss_of_appetite,,,,,,,,,,,,,
Depression,loss_of_appetite,irritability,fatigue,sleep_disorders,,,,,,,,,,,,,
Depression,loss_of_appetite,mood_swings,irritability,fatigue,,,,,,,,,,,,,
Depression,mood_swings,fatigue,sleep_disorders,loss_of_appetite,,,,,,,,,,,,,
Depression,mood_swings,loss_of_appetite,sleep_disorders,fatigue,,,,,,,,,,,,,
Depression,mood_swings,loss_of_appetite,fatigue,sleep_disorders,,,,,,,,,,,,,
Depression,mood_swings,fatigue,sleep_disorders,irritability,,,,,,,,,,,,,
Depression,fatigue,mood_swings,loss_of_appetite,irritability,,,,,,,,,,,,,
Depression,irritability,loss_of_appetite,mood_swings,fatigue,,,,,,,,,,,,,
Depression,fatigue,sleep_disorders,loss_of_appetite,mood_swings,,,,,,,,,,,,,
Depression,fatigue,mood_swings,loss_of_appetite,irritability,,,,,,,,,,,,,
Depression,irritability,fatigue,mood_swings,loss_of_appetite,,,,,,,,,,,,,
Depression,mood_swings,sleep_disorders,fatigue,loss_of_appetite,,,,,,,,,,,,,
Depression,mood_swings,loss_of_appetite,fatigue,irritability,,,,,,,,,,,,,
Depression,loss_of_appetite,fatigue,mood_swings,sleep_disorders,,,,,,,,,,,,,
Depression,sleep_disorders,fatigue,mood_swings,loss_of_appetite,,,,,,,,,,,,,
Depression,mood_swings,sleep_disorders,irritability,fatigue,,,,,,,,,,,,,
Depression,mood_swings,sleep_disorders,loss_of_appetite,fatigue,,,,,,,,,,,,,
Depression,sleep_disorders,mood_swings,loss_of_appetite,fatigue,,,,,,,,,,,,,
Depression,fatigue,irritability,loss_of_appetite,mood_swings,,,,,,,,,,,,,
Depression,sleep_disorders,mood_swings,fatigue,loss_of_appetite,,,,,,,,,,,,,
Depression,sleep_disorders,mood_swings,fatigue,loss_of_appetite,,,,,,,,,,,,,
Depression,loss_of_appetite,mood_swings,irritability,fatigue,,,,,,,,,,,,,
Depression,mood_swings,fatigue,irritability,sleep_disorders,,,,,,,,,,,,,
Depression,fatigue,mood_swings,loss_of_appetite,sleep_disorders,,,,,,,,,,,,,
Depression,mood_swings,sleep_disorders,fatigue,loss_of_appetite,,,,,,,,,,,,,
Depression,mood_swings,sleep_disorders,fatigue,loss_of_appetite,,,,,,,,,,,,,
Depression,loss_of_appetite,sleep_disorders,irritability,fatigue,,,,,,,,,,,,,
Depression,sleep_disorders,mood_swings,fatigue,loss_of_appetite,,,,,,,,,,,,,
Depression,mood_swings,sleep_disorders,loss_of_appetite,fatigue,,,,,,,,,,,,,
Depression,mood_swings,fatigue,loss_of_appetite,sleep_disorders,,,,,,,,,,,,,
Depression,fatigue,loss_of_appetite,sleep_disorders,mood_swings,,,,,,,,,,,,,
Depression,mood_swings,sleep_disorders,irritability,fatigue,,,,,,,,,,,,,
Depression,mood_swings,sleep_disorders,loss_of_appetite,fatigue,,,,,,,,,,,,,
Depression,fatigue,sleep_disorders,irritability,loss_of_appetite,,,,,,,,,,,,,
Depression,sleep_disorders,mood_swings,loss_of_appetite,fatigue,,,,,,,,,,,,,
Depression,loss_of_appetite,fatigue,irritability,mood_swings,,,,,,,,,,,,,
Depression,mood_swings,loss_of_appetite,fatigue,irritability,,,,,,,,,,,,,
Depression,loss_of_appetite,fatigue,sleep_disorders,irritability,,,,,,,,,,,,,
Depression,fatigue,loss_of_appetite,mood_swings,sleep_disorders,,,,,,,,,,,,,
Depression,loss_of_appetite,sleep_disorders,mood_swings,fatigue,,,,,,,,,,,,,
Depression,fatigue,irritability,mood_swings,loss_of_appetite,,,,,,,,,,,,,
Depression,irritability,sleep_disorders,mood_swings,fatigue,,,,,,,,,,,,,
Depression,sleep_disorders,mood_swings,loss_of_appetite,fatigue,,,,,,,,,,,,,
Depression,mood_swings,fatigue,irritability,sleep_disorders,,,,,,,,,,,,,
Depression,loss_of_appetite,mood_swings,fatigue,sleep_disorders,,,,,,,,,,,,,
Depression,fatigue,irritability,loss_of_appetite,sleep_disorders,,,,,,,,,,,,,
Depression,loss_of_appetite,irritability,fatigue,mood_swings,,,,,,,,,,,,,
Depression,mood_swings,loss_of_appetite,sleep_disorders,fatigue,,,,,,,,,,,,,
Depression,fatigue,loss_of_appetite,irritability,mood_swings,,,,,,,,,,,,,
Depression,loss_of_appetite,mood_swings,fatigue,irritability,,,,,,,,,,,,,
Depression,sleep_disorders,mood_swings,fatigue,irritability,,,,,,,,,,,,,
Depression,sleep_disorders,mood_swings,loss_of_appetite,fatigue,,,,,,,,,,,,,
Depression,irritability,fatigue,loss_of_appetite,mood_swings,,,,,,,,,,,,,
Depression,mood_swings,fatigue,irritability,loss_of_appetite,,,,,,,,,,,,,
Depression,sleep_disorders,fatigue,irritability,loss_of_appetite,,,,,,,,,,,,,
Depression,loss_of_appetite,fatigue,sleep_disorders,mood_swings,,,,,,,,,,,,,
Depression,loss_of_appetite,irritability,sleep_disorders,fatigue,,,,,,,,,,,,,
Depression,fatigue,mood_swings,sleep_disorders,loss_of_appetite,,,,,,,,,,,,,
Depression,sleep_disorders,fatigue,mood_swings,loss_of_appetite,,,,,,,,,,,,,
Depression,irritability,mood_swings,loss_of_appetite,fatigue,,,,,,,,,,,,,
Depression,sleep_disorders,loss_of_appetite,fatigue,irritability,,,,,,,,,,,,,
Depression,loss_of_appetite,irritability,fatigue,mood_swings,,,,,,,,,,,,,
Depression,fatigue,loss_of_appetite,mood_swings,irritability,,,,,,,,,,,,,
Depression,sleep_disorders,fatigue,mood_swings,loss_of_appetite,,,,,,,,,,,,,
Depression,fatigue,sleep_disorders,loss_of_appetite,irritability,,,,,,,,,,,,,
Depression,loss_of_appetite,sleep_disorders,mood_swings,fatigue,,,,,,,,,,,,,
Depression,irritability,fatigue,mood_swings,sleep_disorders,,,,,,,,,,,,,
Depression,fatigue,mood_swings,loss_of_appetite,irritability,,,,,,,,,,,,,
Depression,irritability,loss_of_appetite,mood_swings,fatigue,,,,,,,,,,,,,
Depression,mood_swings,irritability,loss_of_appetite,fatigue,,,,,,,,,,,,,
Depression,mood_swings,fatigue,loss_of_appetite,irritability,,,,,,,,,,,,,
Depression,sleep_disorders,mood_swings,loss_of_appetite,fatigue,,,,,,,,,,,,,
Depression,loss_of_appetite,irritability,mood_swings,fatigue,,,,,,,,,,,,,
Depression,irritability,fatigue,loss_of_appetite,sleep_disorders,,,,,,,,,,,,,
Depression,fatigue,sleep_disorders,loss_of_appetite,mood_swings,,,,,,,,,,,,,
Depression,mood_swings,sleep_disorders,irritability,fatigue,,,,,,,,,,,,,
Depression,mood_swings,fatigue,loss_of_appetite,irritability,,,,,,,,,,,,,
Depression,sleep_disorders,loss_of_appetite,mood_swings,fatigue,,,,,,,,,,,,,
Depression,mood_swings,loss_of_appetite,fatigue,sleep_disorders,,,,,,,,,,,,,
Depression,mood_swings,loss_of_appetite,irritability,fatigue,,,,,,,,,,,,,
Depression,loss_of_appetite,fatigue,mood_swings,irritability,,,,,,,,,,,,,
Depression,sleep_disorders,irritability,mood_swings,fatigue,,,,,,,,,,,,,
Depression,fatigue,irritability,loss_of_appetite,sleep_disorders,,,,,,,,,,,,,
Depression,irritability,fatigue,loss_of_appetite,mood_swings,,,,,,,,,,,,,
Depression,loss_of_appetite,irritability,fatigue,sleep_disorders,,,,,,,,,,,,,
Sleep Apnea,headache,snoring,mood_swings,fatigue,,,,,,,,,,,,,
Sleep Apnea,headache,mood_swings,snoring,fatigue,,,,,,,,,,,,,
Sleep Apnea,fatigue,snoring,headache,mood_swings,,,,,,,,,,,,,
Sleep Apnea,snoring,fatigue,mood_swings,breathlessness,,,,,,,,,,,,,
Sleep Apnea,headache,snoring,fatigue,irritability,,,,,,,,,,,,,
Sleep Apnea,snoring,headache,fatigue,breathlessness,,,,,,,,,,,,,
Sleep Apnea,sleep_disorders,fatigue,headache,breathlessness,,,,,,,,,,,,,
Sleep Apnea,sleep_disorders,breathlessness,snoring,fatigue,,,,,,,,,,,,,
Sleep Apnea,snoring,fatigue,sleep_disorders,irritability,,,,,,,,,,,,,
Sleep Apnea,fatigue,irritability,headache,snoring,,,,,,,,,,,,,
Sleep Apnea,headache,irritability,sleep_disorders,fatigue,,,,,,,,,,,,,
Sleep Apnea,fatigue,snoring,headache,irritability,,,,,,,,,,,,,
Sleep Apnea,fatigue,headache,mood_swings,snoring,,,,,,,,,,,,,
Sleep Apnea,breathlessness,mood_swings,snoring,fatigue,,,,,,,,,,,,,
Sleep Apnea,breathlessness,headache,sleep_disorders,fatigue,,,,,,,,,,,,,
Sleep Apnea,mood_swings,headache,fatigue,snoring,,,,,,,,,,,,,
Sleep Apnea,fatigue,sleep_disorders,irritability,headache,,,,,,,,,,,,,
Sleep Apnea,headache,fatigue,breathlessness,sleep_disorders,,,,,,,,,,,,,
Sleep Apnea,fatigue,sleep_disorders,snoring,irritability,,,,,,,,,,,,,
Sleep Apnea,snoring,breathlessness,sleep_disorders,fatigue,,,,,,,,,,,,,
Sleep Apnea,sleep_disorders,snoring,fatigue,breathlessness,,,,,,,,,,,,,
Sleep Apnea,fatigue,snoring,breathlessness,headache,,,,,,,,,,,,,
Sleep Apnea,irritability,headache,fatigue,sleep_disorders,,,,,,,,,,,,,
Sleep Apnea,sleep_disorders,snoring,irritability,fatigue,,,,,,,,,,,,,
Sleep Apnea,mood_swings,headache,fatigue,snoring,,,,,,,,,,,,,
Sleep Apnea,irritability,snoring,fatigue,headache,,,,,,,,,,,,,
Sleep Apnea,headache,breathlessness,sleep_disorders,fatigue,,,,,,,,,,,,,
Sleep Apnea,mood_swings,headache,snoring,fatigue,,,,,,,,,,,,,
Sleep Apnea,fatigue,mood_swings,breathlessness,snoring,,,,,,,,,,,,,
Sleep Apnea,breathlessness,snoring,fatigue,sleep_disorders,,,,,,,,,,,,,
Sleep Apnea,breathlessness,fatigue,headache,snoring,,,,,,,,,,,,,
Sleep Apnea,irritability,fatigue,sleep_disorders,headache,,,,,,,,,,,,,
Sleep Apnea,fatigue,snoring,irritability,headache,,,,,,,,,,,,,
Sleep Apnea,snoring,mood_swings,fatigue,headache,,,,,,,,,,,,,
Sleep Apnea,headache,fatigue,irritability,snoring,,,,,,,,,,,,,
Sleep Apnea,fatigue,headache,snoring,breathlessness,,,,,,,,,,,,,
Sleep Apnea,snoring,breathlessness,fatigue,sleep_disorders,,,,,,,,,,,,,
Sleep Apnea,fatigue,snoring,mood_swings,breathlessness,,,,,,,,,,,,,
Sleep Apnea,fatigue,snoring,breathlessness,headache,,,,,,,,,,,,,
Sleep Apnea,sleep_disorders,breathlessness,snoring,fatigue,,,,,,,,,,,,,
Sleep Apnea,headache,snoring,irritability,fatigue,,,,,,,,,,,,,
Sleep Apnea,fatigue,sleep_disorders,irritability,snoring,,,,,,,,,,,,,
Sleep Apnea,snoring,fatigue,breathlessness,mood_swings,,,,,,,,,,,,,
Sleep Apnea,sleep_disorders,fatigue,irritability,headache,,,,,,,,,,,,,
Sleep Apnea,fatigue,headache,snoring,mood_swings,,,,,,,,,,,,,
Sleep Apnea,headache,fatigue,irritability,snoring,,,,,,,,,,,,,
Sleep Apnea,fatigue,breathlessness,snoring,headache,,,,,,,,,,,,,
Sleep Apnea,mood_swings,breathlessness,fatigue,snoring,,,,,,,,,,,,,
Sleep Apnea,fatigue,irritability,headache,sleep_disorders,,,,,,,,,,,,,
Sleep Apnea,breathlessness,sleep_disorders,fatigue,headache,,,,,,,,,,,,,
Sleep Apnea,snoring,fatigue,irritability,headache,,,,,,,,,,,,,
Sleep Apnea,headache,fatigue,snoring,mood_swings,,,,,,,,,,,,,
Sleep Apnea,fatigue,mood_swings,snoring,breathlessness,,,,,,,,,,,,,
Sleep Apnea,sleep_disorders,irritability,snoring,fatigue,,,,,,,,,,,,,
Sleep Apnea,breathlessness,snoring,fatigue,mood_swings,,,,,,,,,,,,,
Sleep Apnea,headache,fatigue,snoring,breathlessness,,,,,,,,,,,,,
Sleep Apnea,irritability,fatigue,sleep_disorders,snoring,,,,,,,,,,,,,
Sleep Apnea,snoring,fatigue,mood_swings,headache,,,,,,,,,,,,,
Sleep Apnea,breathlessness,mood_swings,fatigue,snoring,,,,,,,,,,,,,
Sleep Apnea,snoring,irritability,fatigue,sleep_disorders,,,,,,,,,,,,,
Sleep Apnea,snoring,headache,fatigue,breathlessness,,,,,,,,,,,,,
Sleep Apnea,snoring,fatigue,irritability,sleep_disorders,,,,,,,,,,,,,
Sleep Apnea,sleep_disorders,breathlessness,headache,fatigue,,,,,,,,,,,,,
Sleep Apnea,snoring,headache,irritability,fatigue,,,,,,,,,,,,,
Sleep Apnea,fatigue,snoring,headache,breathlessness,,,,,,,,,,,,,
Sleep Apnea,fatigue,headache,irritability,snoring,,,,,,,,,,,,,
Sleep Apnea,headache,irritability,snoring,fatigue,,,,,,,,,,,,,
Sleep Apnea,headache,irritability,fatigue,snoring,,,,,,,,,,,,,
Sleep Apnea,fatigue,snoring,headache,breathlessness,,,,,,,,,,,,,
Sleep Apnea,sleep_disorders,headache,breathlessness,fatigue,,,,,,,,,,,,,
Sleep Apnea,irritability,fatigue,sleep_disorders,snoring,,,,,,,,,,,,,
Sleep Apnea,headache,sleep_disorders,fatigue,breathlessness,,,,,,,,,,,,,
Sleep Apnea,headache,fatigue,breathlessness,snoring,,,,,,,,,,,,,
Sleep Apnea,mood_swings,headache,snoring,fatigue,,,,,,,,,,,,,
Sleep Apnea,headache,fatigue,sleep_disorders,irritability,,,,,,,,,,,,,
Sleep Apnea,breathlessness,sleep_disorders,fatigue,headache,,,,,,,,,,,,,
Sleep Apnea,fatigue,headache,sleep_disorders,irritability,,,,,,,,,,,,,
Sleep Apnea,fatigue,sleep_disorders,snoring,breathlessness,,,,,,,,,,,,,
Sleep Apnea,fatigue,headache,snoring,mood_swings,,,,,,,,,,,,,
Sleep Apnea,fatigue,irritability,sleep_disorders,headache,,,,,,,,,,,,,
Sleep Apnea,breathlessness,snoring,fatigue,headache,,,,,,,,,,,,,
Sleep Apnea,fatigue,mood_swings,headache,snoring,,,,,,,,,,,,,
Sleep Apnea,fatigue,sleep_disorders,snoring,breathlessness,,,,,,,,,,,,,
Sleep Apnea,fatigue,breathlessness,snoring,headache,,,,,,,,,,,,,
Sleep Apnea,irritability,headache,fatigue,sleep_disorders,,,,,,,,,,,,,
Sleep Apnea,breathlessness,headache,snoring,fatigue,,,,,,,,,,,,,
Sleep Apnea,headache,breathlessness,sleep_disorders,fatigue,,,,,,,,,,,,,
Sleep Apnea,snoring,mood_swings,breathlessness,fatigue,,,,,,,,,,,,,
Sleep Apnea,mood_swings,fatigue,snoring,breathlessness,,,,,,,,,,,,,
Sleep Apnea,headache,fatigue,irritability,sleep_disorders,,,,,,,,,,,,,
Sleep Apnea,mood_swings,fatigue,snoring,breathlessness,,,,,,,,,,,,,
Sleep Apnea,snoring,breathlessness,sleep_disorders,fatigue,,,,,,,,,,,,,
Sleep Apnea,fatigue,sleep_disorders,snoring,irritability,,,,,,,,,,,,,
Sleep Apnea,snoring,breathlessness,sleep_disorders,fatigue,,,,,,,,,,,,,
Sleep Apnea,irritability,fatigue,sleep_disorders,headache,,,,,,,,,,,,,
Sleep Apnea,snoring,breathlessness,fatigue,sleep_disorders,,,,,,,,,,,,,
Sleep Apnea,fatigue,irritability,headache,sleep_disorders,,,,,,,,,,,,,
Sleep Apnea,fatigue,snoring,mood_swings,breathlessness,,,,,,,,,,,,,
Sleep Apnea,snoring,sleep_disorders,fatigue,breathlessness,,,,,,,,,,,,,
Sleep Apnea,snoring,irritability,sleep_disorders,fatigue,,,,,,,,,,,,,
Sleep Apnea,fatigue,snoring,irritability,sleep_disorders,,,,,,,,,,,,,
Sleep Apnea,irritability,fatigue,headache,sleep_disorders,,,,,,,,,,,,,
Sleep Apnea,headache,irritability,sleep_disorders,fatigue,,,,,,,,,,,,,
Sleep Apnea,headache,mood_swings,snoring,fatigue,,,,,,,,,,,,,
Sleep Apnea,breathlessness,fatigue,mood_swings,snoring,,,,,,,,,,,,,
Sleep Apnea,fatigue,sleep_disorders,headache,irritability,,,,,,,,,,,,,
Sleep Apnea,snoring,breathlessness,fatigue,sleep_disorders,,,,,,,,,,,,,
Sleep Apnea,sleep_disorders,fatigue,breathlessness,headache,,,,,,,,,,,,,
Sleep Apnea,headache,sleep_disorders,breathlessness,fatigue,,,,,,,,,,,,,
Sleep Apnea,fatigue,snoring,breathlessness,sleep_disorders,,,,,,,,,,,,,
Sleep Apnea,headache,fatigue,breathlessness,sleep_disorders,,,,,,,,,,,,,
Sleep Apnea,headache,irritability,snoring,fatigue,,,,,,,,,,,,,
Sleep Apnea,snoring,fatigue,breathlessness,sleep_disorders,,,,,,,,,,,,,
Sleep Apnea,snoring,irritability,fatigue,headache,,,,,,,,,,,,,
Sleep Apnea,snoring,fatigue,headache,irritability,,,,,,,,,,,,,
Sleep Apnea,headache,sleep_disorders,fatigue,breathlessness,,,,,,,,,,,,,
Sleep Apnea,breathlessness,fatigue,mood_swings,snoring,,,,,,,,,,,,,
Sleep Apnea,headache,sleep_disorders,breathlessness,fatigue,,,,,,,,,,,,,
Sleep Apnea,headache,fatigue,breathlessness,snoring,,,,,,,,,,,,,
Sleep Apnea,fatigue,breathlessness,sleep_disorders,headache,,,,,,,,,,,,,
Celiac Disease,diarrhoea,fatigue,nausea,abdominal_pain,,,,,,,,,,,,,
Celiac Disease,diarrhoea,abdominal_pain,nausea,fatigue,,,,,,,,,,,,,
Celiac Disease,abdominal_pain,diarrhoea,nausea,fatigue,,,,,,,,,,,,,
Celiac Disease,weight_loss,abdominal_pain,diarrhoea,fatigue,,,,,,,,,,,,,
Celiac Disease,abdominal_pain,diarrhoea,weight_loss,fatigue,,,,,,,,,,,,,
Celiac Disease,abdominal_pain,nausea,diarrhoea,fatigue,,,,,,,,,,,,,
Celiac Disease,diarrhoea,fatigue,nausea,abdominal_pain,,,,,,,,,,,,,
Celiac Disease,abdominal_pain,diarrhoea,nausea,fatigue,,,,,,,,,,,,,
Celiac Disease,abdominal_pain,fatigue,nausea,diarrhoea,,,,,,,,,,,,,
Celiac Disease,abdominal_pain,fatigue,nausea,diarrhoea,,,,,,,,,,,,,
Celiac Disease,abdominal_pain,weight_loss,diarrhoea,fatigue,,,,,,,,,,,,,
Celiac Disease,abdominal_pain,fatigue,nausea,diarrhoea,,,,,,,,,,,,,
Celiac Disease,nausea,fatigue,abdominal_pain,diarrhoea,,,,,,,,,,,,,
Celiac Disease,nausea,diarrhoea,abdominal_pain,fatigue,,,,,,,,,,,,,
Celiac Disease,diarrhoea,fatigue,nausea,skin_rash,,,,,,,,,,,,,
Celiac Disease,nausea,abdominal_pain,fatigue,diarrhoea,,,,,,,,,,,,,
Celiac Disease,weight_loss,diarrhoea,abdominal_pain,fatigue,,,,,,,,,,,,,
Celiac Disease,fatigue,abdominal_pain,diarrhoea,weight_loss,,,,,,,,,,,,,
Celiac Disease,abdominal_pain,fatigue,weight_loss,diarrhoea,,,,,,,,,,,,,
Celiac Disease,diarrhoea,weight_loss,abdominal_pain,fatigue,,,,,,,,,,,,,
Celiac Disease,diarrhoea,fatigue,nausea,abdominal_pain,,,,,,,,,,,,,
Celiac Disease,nausea,fatigue,diarrhoea,abdominal_pain,,,,,,,,,,,,,
Celiac Disease,nausea,diarrhoea,skin_rash,fatigue,,,,,,,,,,,,,
Celiac Disease,weight_loss,fatigue,diarrhoea,abdominal_pain,,,,,,,,,,,,,
Celiac Disease,abdominal_pain,weight_loss,fatigue,diarrhoea,,,,,,,,,,,,,
Celiac Disease,diarrhoea,abdominal_pain,fatigue,nausea,,,,,,,,,,,,,
Celiac Disease,diarrhoea,abdominal_pain,weight_loss,fatigue,,,,,,,,,,,,,
Celiac Disease,diarrhoea,nausea,fatigue,skin_rash,,,,,,,,,,,,,
Celiac Disease,abdominal_pain,diarrhoea,nausea,fatigue,,,,,,,,,,,,,
Celiac Disease,weight_loss,abdominal_pain,diarrhoea,fatigue,,,,,,,,,,,,,
Celiac Disease,fatigue,diarrhoea,abdominal_pain,weight_loss,,,,,,,,,,,,,
Celiac Disease,abdominal_pain,nausea,diarrhoea,fatigue,,,,,,,,,,,,,
Celiac Disease,diarrhoea,fatigue,nausea,abdominal_pain,,,,,,,,,,,,,
Celiac Disease,diarrhoea,skin_rash,fatigue,nausea,,,,,,,,,,,,,
Celiac Disease,diarrhoea,nausea,abdominal_pain,fatigue,,,,,,,,,,,,,
Celiac Disease,diarrhoea,abdominal_pain,weight_loss,fatigue,,,,,,,,,,,,,
Celiac Disease,abdominal_pain,weight_loss,fatigue,diarrhoea,,,,,,,,,,,,,
Celiac Disease,diarrhoea,abdominal_pain,fatigue,weight_loss,,,,,,,,,,,,,
Celiac Disease,diarrhoea,fatigue,weight_loss,abdominal_pain,,,,,,,,,,,,,
Celiac Disease,diarrhoea,abdominal_pain,nausea,fatigue,,,,,,,,,,,,,
Celiac Disease,diarrhoea,fatigue,weight_loss,abdominal_pain,,,,,,,,,,,,,
Celiac Disease,fatigue,skin_rash,diarrhoea,nausea,,,,,,,,,,,,,
Celiac Disease,diarrhoea,abdominal_pain,fatigue,weight_loss,,,,,,,,,,,,,
Celiac Disease,fatigue,diarrhoea,weight_loss,abdominal_pain,,,,,,,,,,,,,
Celiac Disease,abdominal_pain,fatigue,diarrhoea,weight_loss,,,,,,,,,,,,,
Celiac Disease,fatigue,diarrhoea,weight_loss,abdominal_pain,,,,,,,,,,,,,
Celiac Disease,diarrhoea,abdominal_pain,weight_loss,fatigue,,,,,,,,,,,,,
Celiac Disease,diarrhoea,abdominal_pain,fatigue,weight_loss,,,,,,,,,,,,,
Celiac Disease,abdominal_pain,fatigue,diarrhoea,weight_loss,,,,,,,,,,,,,
Celiac Disease,abdominal_pain,fatigue,diarrhoea,nausea,,,,,,,,,,,,,
Celiac Disease,abdominal_pain,diarrhoea,fatigue,weight_loss,,,,,,,,,,,,,
Celiac Disease,abdominal_pain,fatigue,nausea,diarrhoea,,,,,,,,,,,,,
Celiac Disease,diarrhoea,fatigue,nausea,abdominal_pain,,,,,,,,,,,,,
Celiac Disease,fatigue,abdominal_pain,diarrhoea,weight_loss,,,,,,,,,,,,,
Celiac Disease,diarrhoea,abdominal_pain,fatigue,weight_loss,,,,,,,,,,,,,
Celiac Disease,diarrhoea,nausea,abdominal_pain,fatigue,,,,,,,,,,,,,
Celiac Disease,weight_loss,diarrhoea,fatigue,abdominal_pain,,,,,,,,,,,,,
Celiac Disease,diarrhoea,nausea,fatigue,skin_rash,,,,,,,,,,,,,
Celiac Disease,abdominal_pain,fatigue,weight_loss,diarrhoea,,,,,,,,,,,,,
Celiac Disease,nausea,diarrhoea,abdominal_pain,fatigue,,,,,,,,,,,,,
Celiac Disease,weight_loss,abdominal_pain,fatigue,diarrhoea,,,,,,,,,,,,,
Celiac Disease,abdominal_pain,weight_loss,fatigue,diarrhoea,,,,,,,,,,,,,
Celiac Disease,fatigue,diarrhoea,nausea,abdominal_pain,,,,,,,,,,,,,
Celiac Disease,nausea,fatigue,skin_rash,diarrhoea,,,,,,,,,,,,,
Celiac Disease,diarrhoea,abdominal_pain,fatigue,weight_loss,,,,,,,,,,,,,
Celiac Disease,abdominal_pain,diarrhoea,fatigue,weight_loss,,,,,,,,,,,,,
Celiac Disease,weight_loss,diarrhoea,fatigue,abdominal_pain,,,,,,,,,,,,,
Celiac Disease,diarrhoea,abdominal_pain,fatigue,weight_loss,,,,,,,,,,,,,
Celiac Disease,fatigue,weight_loss,diarrhoea,abdominal_pain,,,,,,,,,,,,,
Celiac Disease,weight_loss,diarrhoea,abdominal_pain,fatigue,,,,,,,,,,,,,
Celiac Disease,abdominal_pain,diarrhoea,fatigue,nausea,,,,,,,,,,,,,
Celiac Disease,nausea,fatigue,diarrhoea,abdominal_pain,,,,,,,,,,,,,
Celiac Disease,abdominal_pain,nausea,fatigue,diarrhoea,,,,,,,,,,,,,
Celiac Disease,diarrhoea,fatigue,abdominal_pain,weight_loss,,,,,,,,,,,,,
Celiac Disease,abdominal_pain,weight_loss,diarrhoea,fatigue,,,,,,,,,,,,,
Celiac Disease,diarrhoea,weight_loss,abdominal_pain,fatigue,,,,,,,,,,,,,
Celiac Disease,fatigue,diarrhoea,abdominal_pain,weight_loss,,,,,,,,,,,,,
Celiac Disease,weight_loss,diarrhoea,fatigue,abdominal_pain,,,,,,,,,,,,,
Celiac Disease,diarrhoea,fatigue,weight_loss,abdominal_pain,,,,,,,,,,,,,
Celiac Disease,fatigue,abdominal_pain,nausea,diarrhoea,,,,,,,,,,,,,
Celiac Disease,weight_loss,diarrhoea,abdominal_pain,fatigue,,,,,,,,,,,,,
Celiac Disease,nausea,skin_rash,diarrhoea,fatigue,,,,,,,,,,,,,
Celiac Disease,fatigue,abdominal_pain,nausea,diarrhoea,,,,,,,,,,,,,
Celiac Disease,diarrhoea,abdominal_pain,weight_loss,fatigue,,,,,,,,,,,,,
Celiac Disease,nausea,skin_rash,fatigue,diarrhoea,,,,,,,,,,,,,
Celiac Disease,skin_rash,nausea,fatigue,diarrhoea,,,,,,,,,,,,,
Celiac Disease,fatigue,nausea,diarrhoea,abdominal_pain,,,,,,,,,,,,,
Celiac Disease,fatigue,abdominal_pain,diarrhoea,weight_loss,,,,,,,,,,,,,
Celiac Disease,diarrhoea,fatigue,nausea,skin_rash,,,,,,,,,,,,,
Celiac Disease,fatigue,diarrhoea,abdominal_pain,weight_loss,,,,,,,,,,,,,
Celiac Disease,fatigue,weight_loss,diarrhoea,abdominal_pain,,,,,,,,,,,,,
Celiac Disease,diarrhoea,abdominal_pain,fatigue,nausea,,,,,,,,,,,,,
Celiac Disease,fatigue,abdominal_pain,diarrhoea,nausea,,,,,,,,,,,,,
Celiac Disease,abdominal_pain,fatigue,diarrhoea,nausea,,,,,,,,,,,,,
Celiac Disease,diarrhoea,fatigue,abdominal_pain,weight_loss,,,,,,,,,,,,,
Celiac Disease,diarrhoea,fatigue,abdominal_pain,nausea,,,,,,,,,,,,,
Celiac Disease,weight_loss,fatigue,diarrhoea,abdominal_pain,,,,,,,,,,,,,
Celiac Disease,nausea,abdominal_pain,fatigue,diarrhoea,,,,,,,,,,,,,
Celiac Disease,diarrhoea,fatigue,abdominal_pain,nausea,,,,,,,,,,,,,
Celiac Disease,abdominal_pain,diarrhoea,fatigue,weight_loss,,,,,,,,,,,,,
Celiac Disease,diarrhoea,abdominal_pain,fatigue,weight_loss,,,,,,,,,,,,,
Celiac Disease,abdominal_pain,nausea,fatigue,diarrhoea,,,,,,,,,,,,,
Celiac Disease,fatigue,skin_rash,diarrhoea,nausea,,,,,,,,,,,,,
Celiac Disease,abdominal_pain,fatigue,diarrhoea,nausea,,,,,,,,,,,,,
Celiac Disease,abdominal_pain,weight_loss,diarrhoea,fatigue,,,,,,,,,,,,,
Celiac Disease,weight_loss,fatigue,diarrhoea,abdominal_pain,,,,,,,,,,,,,
Celiac Disease,diarrhoea,fatigue,skin_rash,nausea,,,,,,,,,,,,,
Celiac Disease,diarrhoea,fatigue,abdominal_pain,nausea,,,,,,,,,,,,,
Celiac Disease,fatigue,abdominal_pain,diarrhoea,nausea,,,,,,,,,,,,,
Celiac Disease,fatigue,nausea,abdominal_pain,diarrhoea,,,,,,,,,,,,,
Celiac Disease,abdominal_pain,diarrhoea,weight_loss,fatigue,,,,,,,,,,,,,
Celiac Disease,abdominal_pain,nausea,fatigue,diarrhoea,,,,,,,,,,,,,
Celiac Disease,diarrhoea,nausea,abdominal_pain,fatigue,,,,,,,,,,,,,
Celiac Disease,weight_loss,diarrhoea,fatigue,abdominal_pain,,,,,,,,,,,,,
Celiac Disease,fatigue,weight_loss,diarrhoea,abdominal_pain,,,,,,,,,,,,,
Celiac Disease,diarrhoea,abdominal_pain,fatigue,nausea,,,,,,,,,,,,,
Celiac Disease,skin_rash,fatigue,nausea,diarrhoea,,,,,,,,,,,,,
Celiac Disease,diarrhoea,fatigue,skin_rash,nausea,,,,,,,,,,,,,
Celiac Disease,abdominal_pain,weight_loss,fatigue,diarrhoea,,,,,,,,,,,,,
Celiac Disease,fatigue,nausea,abdominal_pain,diarrhoea,,,,,,,,,,,,,
Panic Disorder,dizziness,nausea,breathlessness,palpitations,,,,,,,,,,,,,
Panic Disorder,nausea,breathlessness,palpitations,dizziness,,,,,,,,,,,,,
Panic Disorder,sweating,anxiety,palpitations,chest_pain,,,,,,,,,,,,,
Panic Disorder,breathlessness,nausea,palpitations,dizziness,,,,,,,,,,,,,
Panic Disorder,sweating,dizziness,breathlessness,palpitations,,,,,,,,,,,,,
Panic Disorder,chest_pain,palpitations,anxiety,sweating,,,,,,,,,,,,,
Panic Disorder,palpitations,dizziness,nausea,breathlessness,,,,,,,,,,,,,
Panic Disorder,palpitations,chest_pain,anxiety,breathlessness,,,,,,,,,,,,,
Panic Disorder,chest_pain,sweating,anxiety,palpitations,,,,,,,,,,,,,
Panic Disorder,sweating,palpitations,dizziness,breathlessness,,,,,,,,,,,,,
Panic Disorder,nausea,breathlessness,palpitations,dizziness,,,,,,,,,,,,,
Panic Disorder,chest_pain,palpitations,anxiety,sweating,,,,,,,,,,,,,
Panic Disorder,dizziness,nausea,palpitations,breathlessness,,,,,,,,,,,,,
Panic Disorder,sweating,palpitations,chest_pain,anxiety,,,,,,,,,,,,,
Panic Disorder,palpitations,nausea,breathlessness,dizziness,,,,,,,,,,,,,
Panic Disorder,sweating,breathlessness,palpitations,dizziness,,,,,,,,,,,,,
Panic Disorder,chest_pain,anxiety,palpitations,breathlessness,,,,,,,,,,,,,
Panic Disorder,chest_pain,anxiety,dizziness,sweating,,,,,,,,,,,,,
Panic Disorder,sweating,anxiety,chest_pain,palpitations,,,,,,,,,,,,,
Panic Disorder,sweating,breathlessness,dizziness,palpitations,,,,,,,,,,,,,
Panic Disorder,chest_pain,anxiety,palpitations,breathlessness,,,,,,,,,,,,,
Panic Disorder,dizziness,breathlessness,sweating,palpitations,,,,,,,,,,,,,
Panic Disorder,palpitations,anxiety,chest_pain,sweating,,,,,,,,,,,,,
Panic Disorder,dizziness,sweating,breathlessness,palpitations,,,,,,,,,,,,,
Panic Disorder,palpitations,chest_pain,breathlessness,anxiety,,,,,,,,,,,,,
Panic Disorder,anxiety,dizziness,sweating,chest_pain,,,,,,,,,,,,,
Panic Disorder,dizziness,breathlessness,sweating,palpitations,,,,,,,,,,,,,
Panic Disorder,palpitations,anxiety,chest_pain,sweating,,,,,,,,,,,,,
Panic Disorder,sweating,breathlessness,dizziness,palpitations,,,,,,,,,,,,,
Panic Disorder,sweating,chest_pain,anxiety,dizziness,,,,,,,,,,,,,
Panic Disorder,breathlessness,dizziness,nausea,palpitations,,,,,,,,,,,,,
Panic Disorder,nausea,palpitations,dizziness,breathlessness,,,,,,,,,,,,,
Panic Disorder,palpitations,breathlessness,dizziness,nausea,,,,,,,,,,,,,
Panic Disorder,chest_pain,anxiety,dizziness,sweating,,,,,,,,,,,,,
Panic Disorder,palpitations,breathlessness,nausea,dizziness,,,,,,,,,,,,,
Panic Disorder,palpitations,breathlessness,sweating,dizziness,,,,,,,,,,,,,
Panic Disorder,breathlessness,dizziness,sweating,palpitations,,,,,,,,,,,,,
Panic Disorder,dizziness,palpitations,breathlessness,nausea,,,,,,,,,,,,,
Panic Disorder,palpitations,dizziness,breathlessness,sweating,,,,,,,,,,,,,
Panic Disorder,anxiety,chest_pain,palpitations,breathlessness,,,,,,,,,,,,,
Panic Disorder,breathlessness,sweating,palpitations,dizziness,,,,,,,,,,,,,
Panic Disorder,palpitations,dizziness,nausea,breathlessness,,,,,,,,,,,,,
Panic Disorder,dizziness,breathlessness,nausea,palpitations,,,,,,,,,,,,,
Panic Disorder,anxiety,sweating,dizziness,chest_pain,,,,,,,,,,,,,
Panic Disorder,anxiety,sweating,chest_pain,dizziness,,,,,,,,,,,,,
Panic Disorder,sweating,anxiety,chest_pain,dizziness,,,,,,,,,,,,,
Panic Disorder,chest_pain,anxiety,sweating,dizziness,,,,,,,,,,,,,
Panic Disorder,breathlessness,sweating,dizziness,palpitations,,,,,,,,,,,,,
Panic Disorder,chest_pain,anxiety,palpitations,sweating,,,,,,,,,,,,,
Panic Disorder,chest_pain,sweating,anxiety,palpitations,,,,,,,,,,,,,
Panic Disorder,palpitations,breathlessness,sweating,dizziness,,,,,,,,,,,,,
Panic Disorder,dizziness,sweating,chest_pain,anxiety,,,,,,,,,,,,,
Panic Disorder,dizziness,breathlessness,palpitations,nausea,,,,,,,,,,,,,
Panic Disorder,palpitations,dizziness,breathlessness,nausea,,,,,,,,,,,,,
Panic Disorder,palpitations,chest_pain,anxiety,breathlessness,,,,,,,,,,,,,
Panic Disorder,breathlessness,palpitations,chest_pain,anxiety,,,,,,,,,,,,,
Panic Disorder,breathlessness,dizziness,nausea,palpitations,,,,,,,,,,,,,
Panic Disorder,chest_pain,dizziness,sweating,anxiety,,,,,,,,,,,,,
Panic Disorder,breathlessness,dizziness,sweating,palpitations,,,,,,,,,,,,,
Panic Disorder,breathlessness,palpitations,anxiety,chest_pain,,,,,,,,,,,,,
Panic Disorder,nausea,palpitations,breathlessness,dizziness,,,,,,,,,,,,,
Panic Disorder,palpitations,sweating,anxiety,chest_pain,,,,,,,,,,,,,
Panic Disorder,dizziness,sweating,anxiety,chest_pain,,,,,,,,,,,,,
Panic Disorder,palpitations,sweating,dizziness,breathlessness,,,,,,,,,,,,,
Panic Disorder,nausea,breathlessness,palpitations,dizziness,,,,,,,,,,,,,
Panic Disorder,palpitations,chest_pain,anxiety,sweating,,,,,,,,,,,,,
Panic Disorder,palpitations,chest_pain,sweating,anxiety,,,,,,,,,,,,,
Panic Disorder,dizziness,nausea,breathlessness,palpitations,,,,,,,,,,,,,
Panic Disorder,palpitations,dizziness,breathlessness,sweating,,,,,,,,,,,,,
Panic Disorder,nausea,breathlessness,dizziness,palpitations,,,,,,,,,,,,,
Panic Disorder,dizziness,nausea,palpitations,breathlessness,,,,,,,,,,,,,
Panic Disorder,chest_pain,anxiety,sweating,palpitations,,,,,,,,,,,,,
Panic Disorder,dizziness,breathlessness,palpitations,sweating,,,,,,,,,,,,,
Panic Disorder,breathlessness,nausea,palpitations,dizziness,,,,,,,,,,,,,
Panic Disorder,sweating,palpitations,breathlessness,dizziness,,,,,,,,,,,,,
Panic Disorder,palpitations,anxiety,chest_pain,sweating,,,,,,,,,,,,,
Panic Disorder,anxiety,dizziness,sweating,chest_pain,,,,,,,,,,,,,
Panic Disorder,sweating,chest_pain,palpitations,anxiety,,,,,,,,,,,,,
Panic Disorder,anxiety,dizziness,chest_pain,sweating,,,,,,,,,,,,,
Panic Disorder,sweating,palpitations,chest_pain,anxiety,,,,,,,,,,,,,
Panic Disorder,breathlessness,palpitations,dizziness,sweating,,,,,,,,,,,,,
Panic Disorder,sweating,dizziness,breathlessness,palpitations,,,,,,,,,,,,,
Panic Disorder,chest_pain,dizziness,anxiety,sweating,,,,,,,,,,,,,
Panic Disorder,breathlessness,palpitations,chest_pain,anxiety,,,,,,,,,,,,,
Panic Disorder,breathlessness,anxiety,chest_pain,palpitations,,,,,,,,,,,,,
Panic Disorder,chest_pain,anxiety,sweating,dizziness,,,,,,,,,,,,,
Panic Disorder,anxiety,chest_pain,palpitations,sweating,,,,,,,,,,,,,
Panic Disorder,palpitations,dizziness,breathlessness,sweating,,,,,,,,,,,,,
Panic Disorder,sweating,dizziness,palpitations,breathlessness,,,,,,,,,,,,,
Panic Disorder,chest_pain,breathlessness,palpitations,anxiety,,,,,,,,,,,,,
Panic Disorder,sweating,dizziness,breathlessness,palpitations,,,,,,,,,,,,,
Panic Disorder,breathlessness,sweating,dizziness,palpitations,,,,,,,,,,,,,
Panic Disorder,nausea,breathlessness,dizziness,palpitations,,,,,,,,,,,,,
Panic Disorder,chest_pain,sweating,anxiety,dizziness,,,,,,,,,,,,,
Panic Disorder,breathlessness,nausea,dizziness,palpitations,,,,,,,,,,,,,
Panic Disorder,dizziness,nausea,breathlessness,palpitations,,,,,,,,,,,,,
Panic Disorder,breathlessness,dizziness,palpitations,sweating,,,,,,,,,,,,,
Panic Disorder,sweating,chest_pain,palpitations,anxiety,,,,,,,,,,,,,
Panic Disorder,chest_pain,anxiety,palpitations,sweating,,,,,,,,,,,,,
Panic Disorder,palpitations,sweating,breathlessness,dizziness,,,,,,,,,,,,,
Panic Disorder,chest_pain,palpitations,sweating,anxiety,,,,,,,,,,,,,
Panic Disorder,sweating,palpitations,chest_pain,anxiety,,,,,,,,,,,,,
Panic Disorder,breathlessness,palpitations,chest_pain,anxiety,,,,,,,,,,,,,
Panic Disorder,breathlessness,dizziness,palpitations,nausea,,,,,,,,,,,,,
Panic Disorder,chest_pain,anxiety,dizziness,sweating,,,,,,,,,,,,,
Panic Disorder,sweating,chest_pain,palpitations,anxiety,,,,,,,,,,,,,
Panic Disorder,chest_pain,anxiety,palpitations,sweating,,,,,,,,,,,,,
Panic Disorder,palpitations,breathlessness,dizziness,nausea,,,,,,,,,,,,,
Panic Disorder,breathlessness,dizziness,sweating,palpitations,,,,,,,,,,,,,
Panic Disorder,breathlessness,sweating,dizziness,palpitations,,,,,,,,,,,,,
Panic Disorder,sweating,breathlessness,dizziness,palpitations,,,,,,,,,,,,,
Panic Disorder,anxiety,chest_pain,sweating,palpitations,,,,,,,,,,,,,
Panic Disorder,breathlessness,palpitations,nausea,dizziness,,,,,,,,,,,,,
Panic Disorder,nausea,dizziness,palpitations,breathlessness,,,,,,,,,,,,,
Panic Disorder,chest_pain,palpitations,sweating,anxiety,,,,,,,,,,,,,
Panic Disorder,palpitations,breathlessness,dizziness,sweating,,,,,,,,,,,,,
Panic Disorder,chest_pain,palpitations,anxiety,sweating,,,,,,,,,,,,,
Panic Disorder,sweating,chest_pain,anxiety,palpitations,,,,,,,,,,,,,
Panic Disorder,nausea,dizziness,breathlessness,palpitations,,,,,,,,,,,,,
Panic Disorder,sweating,palpitations,dizziness,breathlessness,,,,,,,,,,,,,
Thyroid Nodules,fatigue,cold_hands_and_feets,mood_swings,weight_gain,,,,,,,,,,,,,
Thyroid Nodules,weight_gain,fatigue,mood_swings,cold_hands_and_feets,,,,,,,,,,,,,
Thyroid Nodules,weight_gain,mood_swings,fatigue,cold_hands_and_feets,,,,,,,,,,,,,
Thyroid Nodules,fatigue,weight_gain,swelling_joints,mood_swings,,,,,,,,,,,,,
Thyroid Nodules,cold_hands_and_feets,weight_gain,swelling_joints,fatigue,,,,,,,,,,,,,
Thyroid Nodules,fatigue,swelling_joints,mood_swings,weight_gain,,,,,,,,,,,,,
Thyroid Nodules,fatigue,weight_gain,cold_hands_and_feets,swelling_joints,,,,,,,,,,,,,
Thyroid Nodules,weight_gain,swelling_joints,mood_swings,fatigue,,,,,,,,,,,,,
Thyroid Nodules,swelling_joints,weight_gain,fatigue,cold_hands_and_feets,,,,,,,,,,,,,
Thyroid Nodules,fatigue,mood_swings,weight_gain,cold_hands_and_feets,,,,,,,,,,,,,
Thyroid Nodules,cold_hands_and_feets,fatigue,swelling_joints,weight_gain,,,,,,,,,,,,,
Thyroid Nodules,fatigue,cold_hands_and_feets,weight_gain,excessive_hunger,,,,,,,,,,,,,
Thyroid Nodules,swelling_joints,weight_gain,fatigue,mood_swings,,,,,,,,,,,,,
Thyroid Nodules,swelling_joints,weight_gain,fatigue,cold_hands_and_feets,,,,,,,,,,,,,
Thyroid Nodules,cold_hands_and_feets,weight_gain,fatigue,excessive_hunger,,,,,,,,,,,,,
Thyroid Nodules,weight_gain,cold_hands_and_feets,mood_swings,fatigue,,,,,,,,,,,,,
Thyroid Nodules,swelling_joints,weight_gain,mood_swings,fatigue,,,,,,,,,,,,,
Thyroid Nodules,weight_gain,mood_swings,swelling_joints,fatigue,,,,,,,,,,,,,
Thyroid Nodules,weight_gain,swelling_joints,fatigue,cold_hands_and_feets,,,,,,,,,,,,,
Thyroid Nodules,fatigue,excessive_hunger,cold_hands_and_feets,weight_gain,,,,,,,,,,,,,
Thyroid Nodules,fatigue,swelling_joints,mood_swings,weight_gain,,,,,,,,,,,,,
Thyroid Nodules,weight_gain,fatigue,cold_hands_and_feets,mood_swings,,,,,,,,,,,,,
Thyroid Nodules,fatigue,swelling_joints,mood_swings,weight_gain,,,,,,,,,,,,,
Thyroid Nodules,fatigue,mood_swings,cold_hands_and_feets,weight_gain,,,,,,,,,,,,,
Thyroid Nodules,weight_gain,fatigue,cold_hands_and_feets,excessive_hunger,,,,,,,,,,,,,
Thyroid Nodules,weight_gain,cold_hands_and_feets,fatigue,mood_swings,,,,,,,,,,,,,
Thyroid Nodules,weight_gain,mood_swings,fatigue,swelling_joints,,,,,,,,,,,,,
Thyroid Nodules,fatigue,cold_hands_and_feets,swelling_joints,weight_gain,,,,,,,,,,,,,
Thyroid Nodules,swelling_joints,weight_gain,fatigue,cold_hands_and_feets,,,,,,,,,,,,,
Thyroid Nodules,fatigue,cold_hands_and_feets,excessive_hunger,weight_gain,,,,,,,,,,,,,
Thyroid Nodules,swelling_joints,weight_gain,fatigue,mood_swings,,,,,,,,,,,,,
Thyroid Nodules,cold_hands_and_feets,fatigue,mood_swings,weight_gain,,,,,,,,,,,,,
Thyroid Nodules,swelling_joints,weight_gain,fatigue,mood_swings,,,,,,,,,,,,,
Thyroid Nodules,fatigue,cold_hands_and_feets,swelling_joints,weight_gain,,,,,,,,,,,,,
Thyroid Nodules,mood_swings,cold_hands_and_feets,fatigue,weight_gain,,,,,,,,,,,,,
Thyroid Nodules,weight_gain,mood_swings,fatigue,cold_hands_and_feets,,,,,,,,,,,,,
Thyroid Nodules,weight_gain,cold_hands_and_feets,mood_swings,fatigue,,,,,,,,,,,,,
Thyroid Nodules,mood_swings,swelling_joints,fatigue,weight_gain,,,,,,,,,,,,,
Thyroid Nodules,swelling_joints,mood_swings,fatigue,weight_gain,,,,,,,,,,,,,
Thyroid Nodules,fatigue,cold_hands_and_feets,mood_swings,weight_gain,,,,,,,,,,,,,
Thyroid Nodules,mood_swings,cold_hands_and_feets,fatigue,weight_gain,,,,,,,,,,,,,
Thyroid Nodules,fatigue,weight_gain,swelling_joints,cold_hands_and_feets,,,,,,,,,,,,,
Thyroid Nodules,weight_gain,fatigue,mood_swings,swelling_joints,,,,,,,,,,,,,
Thyroid Nodules,fatigue,weight_gain,swelling_joints,cold_hands_and_feets,,,,,,,,,,,,,
Thyroid Nodules,weight_gain,fatigue,cold_hands_and_feets,mood_swings,,,,,,,,,,,,,
Thyroid Nodules,weight_gain,fatigue,cold_hands_and_feets,mood_swings,,,,,,,,,,,,,
Thyroid Nodules,fatigue,swelling_joints,weight_gain,mood_swings,,,,,,,,,,,,,
Thyroid Nodules,weight_gain,cold_hands_and_feets,excessive_hunger,fatigue,,,,,,,,,,,,,
Thyroid Nodules,weight_gain,fatigue,excessive_hunger,cold_hands_and_feets,,,,,,,,,,,,,
Thyroid Nodules,fatigue,weight_gain,cold_hands_and_feets,mood_swings,,,,,,,,,,,,,
Thyroid Nodules,fatigue,cold_hands_and_feets,excessive_hunger,weight_gain,,,,,,,,,,,,,
Thyroid Nodules,fatigue,mood_swings,weight_gain,cold_hands_and_feets,,,,,,,,,,,,,
Thyroid Nodules,cold_hands_and_feets,swelling_joints,fatigue,weight_gain,,,,,,,,,,,,,
Thyroid Nodules,fatigue,weight_gain,mood_swings,swelling_joints,,,,,,,,,,,,,
Thyroid Nodules,weight_gain,mood_swings,fatigue,swelling_joints,,,,,,,,,,,,,
Thyroid Nodules,fatigue,cold_hands_and_feets,weight_gain,mood_swings,,,,,,,,,,,,,
Thyroid Nodules,mood_swings,fatigue,weight_gain,swelling_joints,,,,,,,,,,,,,
Thyroid Nodules,mood_swings,cold_hands_and_feets,fatigue,weight_gain,,,,,,,,,,,,,
Thyroid Nodules,weight_gain,swelling_joints,fatigue,mood_swings,,,,,,,,,,,,,
Thyroid Nodules,fatigue,weight_gain,cold_hands_and_feets,mood_swings,,,,,,,,,,,,,
Thyroid Nodules,excessive_hunger,fatigue,cold_hands_and_feets,weight_gain,,,,,,,,,,,,,
Thyroid Nodules,weight_gain,swelling_joints,cold_hands_and_feets,fatigue,,,,,,,,,,,,,
Thyroid Nodules,fatigue,cold_hands_and_feets,excessive_hunger,weight_gain,,,,,,,,,,,,,
Thyroid Nodules,cold_hands_and_feets,weight_gain,fatigue,mood_swings,,,,,,,,,,,,,
Thyroid Nodules,mood_swings,weight_gain,fatigue,swelling_joints,,,,,,,,,,,,,
Thyroid Nodules,cold_hands_and_feets,swelling_joints,weight_gain,fatigue,,,,,,,,,,,,,
Thyroid Nodules,cold_hands_and_feets,fatigue,weight_gain,mood_swings,,,,,,,,,,,,,
Thyroid Nodules,swelling_joints,fatigue,weight_gain,cold_hands_and_feets,,,,,,,,,,,,,
Thyroid Nodules,swelling_joints,cold_hands_and_feets,fatigue,weight_gain,,,,,,,,,,,,,
Thyroid Nodules,cold_hands_and_feets,fatigue,weight_gain,mood_swings,,,,,,,,,,,,,
Thyroid Nodules,fatigue,mood_swings,weight_gain,swelling_joints,,,,,,,,,,,,,
Thyroid Nodules,cold_hands_and_feets,fatigue,mood_swings,weight_gain,,,,,,,,,,,,,
Thyroid Nodules,fatigue,cold_hands_and_feets,weight_gain,mood_swings,,,,,,,,,,,,,
Thyroid Nodules,weight_gain,fatigue,swelling_joints,cold_hands_and_feets,,,,,,,,,,,,,
Thyroid Nodules,cold_hands_and_feets,weight_gain,fatigue,swelling_joints,,,,,,,,,,,,,
Thyroid Nodules,fatigue,swelling_joints,mood_swings,weight_gain,,,,,,,,,,,,,
Thyroid Nodules,fatigue,cold_hands_and_feets,mood_swings,weight_gain,,,,,,,,,,,,,
Thyroid Nodules,weight_gain,fatigue,swelling_joints,cold_hands_and_feets,,,,,,,,,,,,,
Thyroid Nodules,fatigue,weight_gain,mood_swings,cold_hands_and_feets,,,,,,,,,,,,,
Thyroid Nodules,weight_gain,cold_hands_and_feets,fatigue,mood_swings,,,,,,,,,,,,,
Thyroid Nodules,cold_hands_and_feets,fatigue,mood_swings,weight_gain,,,,,,,,,,,,,
Thyroid Nodules,weight_gain,mood_swings,swelling_joints,fatigue,,,,,,,,,,,,,
Thyroid Nodules,cold_hands_and_feets,mood_swings,fatigue,weight_gain,,,,,,,,,,,,,
Thyroid Nodules,mood_swings,swelling_joints,fatigue,weight_gain,,,,,,,,,,,,,
Thyroid Nodules,cold_hands_and_feets,mood_swings,fatigue,weight_gain,,,,,,,,,,,,,
Thyroid Nodules,fatigue,cold_hands_and_feets,excessive_hunger,weight_gain,,,,,,,,,,,,,
Thyroid Nodules,cold_hands_and_feets,mood_swings,weight_gain,fatigue,,,,,,,,,,,,,
Thyroid Nodules,fatigue,weight_gain,swelling_joints,cold_hands_and_feets,,,,,,,,,,,,,
Thyroid Nodules,weight_gain,mood_swings,fatigue,cold_hands_and_feets,,,,,,,,,,,,,
Thyroid Nodules,excessive_hunger,cold_hands_and_feets,weight_gain,fatigue,,,,,,,,,,,,,
Thyroid Nodules,weight_gain,mood_swings,fatigue,cold_hands_and_feets,,,,,,,,,,,,,
Thyroid Nodules,cold_hands_and_feets,weight_gain,excessive_hunger,fatigue,,,,,,,,,,,,,
Thyroid Nodules,mood_swings,swelling_joints,weight_gain,fatigue,,,,,,,,,,,,,
Thyroid Nodules,weight_gain,swelling_joints,fatigue,mood_swings,,,,,,,,,,,,,
Thyroid Nodules,mood_swings,cold_hands_and_feets,weight_gain,fatigue,,,,,,,,,,,,,
Thyroid Nodules,weight_gain,fatigue,cold_hands_and_feets,swelling_joints,,,,,,,,,,,,,
Thyroid Nodules,fatigue,weight_gain,cold_hands_and_feets,mood_swings,,,,,,,,,,,,,
Thyroid Nodules,weight_gain,fatigue,cold_hands_and_feets,swelling_joints,,,,,,,,,,,,,
Thyroid Nodules,weight_gain,fatigue,mood_swings,cold_hands_and_feets,,,,,,,,,,,,,
Thyroid Nodules,fatigue,cold_hands_and_feets,mood_swings,weight_gain,,,,,,,,,,,,,
Thyroid Nodules,fatigue,cold_hands_and_feets,weight_gain,excessive_hunger,,,,,,,,,,,,,
Thyroid Nodules,swelling_joints,cold_hands_and_feets,weight_gain,fatigue,,,,,,,,,,,,,
Thyroid Nodules,weight_gain,swelling_joints,mood_swings,fatigue,,,,,,,,,,,,,
Thyroid Nodules,cold_hands_and_feets,fatigue,weight_gain,swelling_joints,,,,,,,,,,,,,
Thyroid Nodules,weight_gain,mood_swings,cold_hands_and_feets,fatigue,,,,,,,,,,,,,
Thyroid Nodules,fatigue,cold_hands_and_feets,weight_gain,mood_swings,,,,,,,,,,,,,
Thyroid Nodules,weight_gain,fatigue,mood_swings,swelling_joints,,,,,,,,,,,,,
Thyroid Nodules,mood_swings,fatigue,cold_hands_and_feets,weight_gain,,,,,,,,,,,,,
Thyroid Nodules,mood_swings,swelling_joints,fatigue,weight_gain,,,,,,,,,,,,,
Thyroid Nodules,cold_hands_and_feets,fatigue,weight_gain,swelling_joints,,,,,,,,,,,,,
Thyroid Nodules,cold_hands_and_feets,weight_gain,mood_swings,fatigue,,,,,,,,,,,,,
Thyroid Nodules,fatigue,swelling_joints,weight_gain,cold_hands_and_feets,,,,,,,,,,,,,
Thyroid Nodules,swelling_joints,weight_gain,fatigue,cold_hands_and_feets,,,,,,,,,,,,,
Thyroid Nodules,cold_hands_and_feets,fatigue,swelling_joints,weight_gain,,,,,,,,,,,,,
Thyroid Nodules,cold_hands_and_feets,mood_swings,weight_gain,fatigue,,,,,,,,,,,,,
Thyroid Nodules,weight_gain,fatigue,cold_hands_and_feets,swelling_joints,,,,,,,,,,,,,
Thyroid Nodules,fatigue,mood_swings,swelling_joints,weight_gain,,,,,,,,,,,,,
Thyroid Nodules,fatigue,swelling_joints,weight_gain,mood_swings,,,,,,,,,,,,,
Thyroid Nodules,cold_hands_and_feets,weight_gain,mood_swings,fatigue,,,,,,,,,,,,,
Thyroid Nodules,swelling_joints,weight_gain,fatigue,cold_hands_and_feets,,,,,,,,,,,,,
